Handle,Title,Body (HTML),Vendor,Product Category,Type,Tags,Published,Option1 Name,Option1 Value,Option1 Linked To,Option2 Name,Option2 Value,Option2 Linked To,Option3 Name,Option3 Value,Option3 Linked To,Variant SKU,Variant Grams,Variant Inventory Tracker,Variant Inventory Qty,Variant Inventory Policy,Variant Fulfillment Service,Variant Price,Variant Compare At Price,Variant Requires Shipping,Variant Taxable,Unit Price Total Measure,Unit Price Total Measure Unit,Unit Price Base Measure,Unit Price Base Measure Unit,Variant Barcode,Image Src,Image Position,Image Alt Text,Gift Card,SEO Title,SEO Description,Complementary products (product.metafields.shopify--discovery--product_recommendation.complementary_products),Related products (product.metafields.shopify--discovery--product_recommendation.related_products),Related products settings (product.metafields.shopify--discovery--product_recommendation.related_products_display),Search product boosts (product.metafields.shopify--discovery--product_search_boost.queries),Variant Image,Variant Weight Unit,Variant Tax Code,Cost per item,Included / United States,Price / United States,Compare At Price / United States,Status
ndamukong-suh-signed-tampa-bay-red-football-jersey-beckett,Ndamukong Suh Signed Tampa Bay Red Football Jersey (Beckett),"<p>This custom stitched football jersey has been personally hand signed by Ndamukong Suh and authenticated by a top 3rd party authentication company. All autographed sports collectibles are limited! Order now to add this timeless piece of football memorabilia to your collection before it’s gone.</p><ul>
<li>Hand signed Football jersey autographed by Ndamukong Suh and authenticated by Beckett</li>
<li>Includes a <em>Witnessed Protection Program</em> tamper-proof authentication sticker from Beckett</li>
<li>90-day Satisfaction Guarantee: if you are not completely satisfied with your piece of memorabilia, return the item in its original condition and receive a full refund</li>
</ul>",RSA,,Autographed Football Jerseys,"Buccaneers, FB, imported, inhouse, jersey, New Arrival, V",false,Title,Default Title,,,,,,,,RSA-12543,907.1989147615625,shopify,16,deny,manual,85.00,119.99,true,true,,,,,,https://cdn.shopify.com/s/files/1/0642/7842/9930/files/coming-soon-grande_51c3e7d3-a161-4c6a-a96f-30aa605c06f7.jpg?v=1762270688,1,"",false,,,,,,,,oz,,55.00,true,,,draft
ndamukong-suh-signed-tampa-bay-grey-football-jersey-beckett,Ndamukong Suh Signed Tampa Bay Grey Football Jersey (Beckett),"<p>This custom stitched football jersey has been personally hand signed by Ndamukong Suh and authenticated by a top 3rd party authentication company. All autographed sports collectibles are limited! Order now to add this timeless piece of football memorabilia to your collection before it’s gone.</p><ul>
<li>Hand signed Football jersey autographed by Ndamukong Suh and authenticated by Beckett</li>
<li>Includes a <em>Witnessed Protection Program</em> tamper-proof authentication sticker from Beckett</li>
<li>90-day Satisfaction Guarantee: if you are not completely satisfied with your piece of memorabilia, return the item in its original condition and receive a full refund</li>
</ul>",RSA,,Autographed Football Jerseys,"Buccaneers, FB, imported, inhouse, jersey, New Arrival, V",false,Title,Default Title,,,,,,,,RSA-12531,907.1989147615625,shopify,15,deny,manual,85.00,119.99,true,true,,,,,,https://cdn.shopify.com/s/files/1/0642/7842/9930/files/coming-soon-grande_704e80cc-2bd5-4b9d-b76a-a56a10a60838.jpg?v=1762270684,1,"",false,,,,,,,,oz,,55.00,true,,,draft
ndamukong-suh-signed-nebraska-college-red-football-jersey-beckett,Ndamukong Suh Signed Nebraska College Red Football Jersey (Beckett),"<p>This custom stitched football jersey has been personally hand signed by Ndamukong Suh and authenticated by a top 3rd party authentication company. All autographed sports collectibles are limited! Order now to add this timeless piece of football memorabilia to your collection before it’s gone.</p><ul>
<li>Hand signed Football jersey autographed by Ndamukong Suh and authenticated by Beckett</li>
<li>Includes a <em>Witnessed Protection Program</em> tamper-proof authentication sticker from Beckett</li>
<li>90-day Satisfaction Guarantee: if you are not completely satisfied with your piece of memorabilia, return the item in its original condition and receive a full refund</li>
</ul>",RSA,,Autographed Football Jerseys,"Cornhuskers, FB, imported, inhouse, jersey, New Arrival, V",false,Title,Default Title,,,,,,,,RSA-12532,907.1989147615625,shopify,24,deny,manual,85.00,119.99,true,true,,,,,,https://cdn.shopify.com/s/files/1/0642/7842/9930/files/coming-soon-grande_ced8125d-ba5a-4741-b3e1-ec7f874ba2b6.jpg?v=1762270680,1,"",false,,,,,,,,oz,,55.00,true,,,draft
ndamukong-suh-signed-detroit-light-blue-football-jersey-beckett,Ndamukong Suh Signed Detroit Light Blue Football Jersey (Beckett),"<p>This custom stitched football jersey has been personally hand signed by Ndamukong Suh and authenticated by a top 3rd party authentication company. All autographed sports collectibles are limited! Order now to add this timeless piece of football memorabilia to your collection before it’s gone.</p><ul>
<li>Hand signed Football jersey autographed by Ndamukong Suh and authenticated by Beckett</li>
<li>Includes a <em>Witnessed Protection Program</em> tamper-proof authentication sticker from Beckett</li>
<li>90-day Satisfaction Guarantee: if you are not completely satisfied with your piece of memorabilia, return the item in its original condition and receive a full refund</li>
</ul>",RSA,,Autographed Football Jerseys,"FB, imported, inhouse, jersey, Lions, New Arrival, V",false,Title,Default Title,,,,,,,,RSA-12530,907.1989147615625,shopify,75,deny,manual,85.00,119.99,true,true,,,,,,https://cdn.shopify.com/s/files/1/0642/7842/9930/files/coming-soon-grande_0518b050-b6ce-47ee-8001-1be84e8edd90.jpg?v=1762270676,1,"",false,,,,,,,,oz,,55.00,true,,,draft
mark-seay-signed-san-diego-navy-football-jersey-jsa,Mark Seay Signed San Diego Navy Football Jersey (JSA),"<p>This custom stitched football jersey has been personally hand signed by Mark Seay and authenticated by a top 3rd party authentication company. All autographed sports collectibles are limited! Order now to add this timeless piece of football memorabilia to your collection before it’s gone.</p><ul>
<li>Hand signed Football jersey autographed by Mark Seay and authenticated by JSA</li>
<li>Includes a tamper-proof authentication sticker from JSA</li>
<li>90-day Satisfaction Guarantee: if you are not completely satisfied with your piece of memorabilia, return the item in its original condition and receive a full refund</li>
</ul>",RSA,,Autographed Football Jerseys,"Chargers, FB, imported, inhouse, jersey, New Arrival, V",false,Title,Default Title,,,,,,,,RSA-12526,907.1989147615625,shopify,25,deny,manual,0.00,0.00,true,true,,,,,,https://cdn.shopify.com/s/files/1/0642/7842/9930/files/coming-soon-grande_2bd34d6e-4032-4c2f-aadb-0fd950ae7263.jpg?v=1762270667,1,"",false,,,,,,,,oz,,,true,,,draft
dan-hampton-signed-chicago-navy-football-jersey-beckett,Dan Hampton Signed Chicago Navy Football Jersey (Beckett),"<p>This custom stitched football jersey has been personally hand signed by Dan Hampton and authenticated by a top 3rd party authentication company. All autographed sports collectibles are limited! Order now to add this timeless piece of football memorabilia to your collection before it’s gone.</p><ul>
<li>Hand signed Football jersey autographed by Dan Hampton and authenticated by Beckett</li>
<li>Includes a <em>Witnessed Protection Program</em> tamper-proof authentication sticker from Beckett</li>
<li>90-day Satisfaction Guarantee: if you are not completely satisfied with your piece of memorabilia, return the item in its original condition and receive a full refund</li>
</ul>",RSA,,Autographed Football Jerseys,"Bears, FB, imported, inhouse, jersey, MYS_HOF, New Arrival, V",false,Title,Default Title,,,,,,,,RSA-12544,907.1989147615625,shopify,34,deny,manual,0.00,0.00,true,true,,,,,,https://cdn.shopify.com/s/files/1/0642/7842/9930/files/coming-soon-grande_e9314faf-496f-40e7-9f24-88d1355859b3.jpg?v=1762270624,1,"",false,,,,,,,,oz,,,true,,,draft
aidan-hutchinson-signed-authentic-detroit-lions-xxl-nike-football-jersey-beckett,Aidan Hutchinson Signed Authentic Detroit Lions XXL Nike Football Jersey (Beckett),"<p>This authentic football jersey has been personally hand signed by Aidan Hutchinson and authenticated by a top 3rd party authentication company. All autographed sports collectibles are limited! Order now to add this timeless piece of football memorabilia to your collection before it’s gone.</p><ul>
<li>Hand signed Football jersey autographed by Aidan Hutchinson and authenticated by Beckett</li>
<li>Includes a <em>Witnessed Protection Program</em> tamper-proof authentication sticker from Beckett</li>
<li>90-day Satisfaction Guarantee: if you are not completely satisfied with your piece of memorabilia, return the item in its original condition and receive a full refund</li>
</ul>",RSA,,Autographed Football Jerseys,"FB, imported, inhouse, jersey, Lions, New Arrival, V",false,Title,Default Title,,,,,,,,RSA-12540,907.1989147615625,shopify,6,deny,manual,0.00,0.00,true,true,,,,,,https://cdn.shopify.com/s/files/1/0642/7842/9930/files/coming-soon-grande_d55cb73a-8823-48a7-9f5e-ae87a0ef2359.jpg?v=1762270581,1,"",false,,,,,,,,oz,,,true,,,draft
aidan-hutchinson-signed-authentic-detroit-lions-medium-nike-football-jersey-beckett,Aidan Hutchinson Signed Authentic Detroit Lions Medium Nike Football Jersey (Beckett),"<p>This authentic football jersey has been personally hand signed by Aidan Hutchinson and authenticated by a top 3rd party authentication company. All autographed sports collectibles are limited! Order now to add this timeless piece of football memorabilia to your collection before it’s gone.</p><ul>
<li>Hand signed Football jersey autographed by Aidan Hutchinson and authenticated by Beckett</li>
<li>Includes a <em>Witnessed Protection Program</em> tamper-proof authentication sticker from Beckett</li>
<li>90-day Satisfaction Guarantee: if you are not completely satisfied with your piece of memorabilia, return the item in its original condition and receive a full refund</li>
</ul>",RSA,,Autographed Football Jerseys,"FB, imported, inhouse, jersey, Lions, New Arrival, V",false,Title,Default Title,,,,,,,,RSA-12542,907.1989147615625,shopify,2,deny,manual,0.00,0.00,true,true,,,,,,https://cdn.shopify.com/s/files/1/0642/7842/9930/files/coming-soon-grande_bec3e4a1-ef9d-4a31-b3fd-80e8611337c4.jpg?v=1762270577,1,"",false,,,,,,,,oz,,,true,,,draft
tajh-boyd-signed-new-york-white-football-jersey-jsa,Tajh Boyd Signed New York White Football Jersey (JSA),"<p>This custom stitched football jersey has been personally hand signed by Tajh Boyd and authenticated by a top 3rd party authentication company. All autographed sports collectibles are limited! Order now to add this timeless piece of football memorabilia to your collection before it’s gone.</p><ul>
<li>Hand signed Football jersey autographed by Tajh Boyd and authenticated by JSA</li>
<li>Includes a <em>Witnessed Protection Program</em> tamper-proof authentication sticker from JSA</li>
<li>90-day Satisfaction Guarantee: if you are not completely satisfied with your piece of memorabilia, return the item in its original condition and receive a full refund</li>
</ul>",RSA,,Autographed Football Jerseys,"FB, imported, inhouse, jersey, Jets, New Arrival, V",false,Title,Default Title,,,,,,,,RSA-12448,0.0,shopify,5,deny,manual,0.00,0.00,true,true,,,,,,https://cdn.shopify.com/s/files/1/0642/7842/9930/files/coming-soon-grande_1901868a-7d29-41ea-bace-d2c709ebebb4.jpg?v=1762186077,1,"",false,,,,,,,,oz,,,true,,,draft
ozzie-newsome-signed-hof-99-inscription-cleveland-orange-football-jersey-jsa,Ozzie Newsome Signed HOF 99 Inscription Cleveland Orange Football Jersey (JSA),"<p>This custom stitched football jersey has been personally hand signed by Ozzie Newsome and authenticated by a top 3rd party authentication company. All autographed sports collectibles are limited! Order now to add this timeless piece of football memorabilia to your collection before it’s gone.</p><ul>
<li>Hand signed Football jersey autographed by Ozzie Newsome with HOF 99 inscription and authenticated by JSA</li>
<li>Includes a <em>Witnessed Protection Program</em> tamper-proof authentication sticker from JSA</li>
<li>90-day Satisfaction Guarantee: if you are not completely satisfied with your piece of memorabilia, return the item in its original condition and receive a full refund</li>
</ul>",RSA,,Autographed Football Jerseys,"Browns, FB, imported, inhouse, jersey, MYS_HOF, New Arrival, V",false,Title,Default Title,,,,,,,,RSA-12447,0.0,shopify,12,deny,manual,50.00,69.99,true,true,,,,,,https://cdn.shopify.com/s/files/1/0642/7842/9930/files/coming-soon-grande_88cbc508-961e-42e7-9b9f-50a41762c4f2.jpg?v=1762186072,1,"",false,,,,,,,,oz,,25.00,true,,,draft
bert-jones-signed-indianapolis-blue-football-jersey-beckett,Bert Jones Signed Indianapolis Blue Football Jersey (Beckett),"<p>This custom stitched football jersey has been personally hand signed by Bert Jones and authenticated by a top 3rd party authentication company. All autographed sports collectibles are limited! Order now to add this timeless piece of football memorabilia to your collection before it’s gone.</p><ul>
<li>Hand signed Football jersey autographed by Bert Jones and authenticated by Beckett</li>
<li>Includes a <em>Witnessed Protection Program</em> tamper-proof authentication sticker from Beckett</li>
<li>90-day Satisfaction Guarantee: if you are not completely satisfied with your piece of memorabilia, return the item in its original condition and receive a full refund</li>
</ul>",RSA,,Autographed Football Jerseys,"Colts, FB, imported, inhouse, jersey, New Arrival, V",false,Title,Default Title,,,,,,,,RSA-12446,0.0,shopify,120,deny,manual,45.00,59.99,true,true,,,,,,https://cdn.shopify.com/s/files/1/0642/7842/9930/files/coming-soon-grande_32e135a1-69f3-45f1-a2d4-da109ebe142f.jpg?v=1762186050,1,"",false,,,,,,,,oz,,27.00,true,,,draft
shaun-alexander-signed-psalms-inscription-seattle-light-blue-football-jersey-beckett,Shaun Alexander Signed Psalms Inscription Seattle Light Blue Football Jersey (Beckett),"<p>This custom stitched football jersey has been personally hand signed by Shaun Alexander and authenticated by a top 3rd party authentication company. All autographed sports collectibles are limited! Order now to add this timeless piece of football memorabilia to your collection before it’s gone.</p><ul>
<li>Hand signed Football jersey autographed by Shaun Alexander with Psalms inscription and authenticated by Beckett</li>
<li>Includes a <em>Witnessed Protection Program</em> tamper-proof authentication sticker from Beckett</li>
<li>90-day Satisfaction Guarantee: if you are not completely satisfied with your piece of memorabilia, return the item in its original condition and receive a full refund</li>
</ul>",RSA,Arts & Entertainment > Hobbies & Creative Arts > Collectibles > Autographs,Autographed Football Jerseys,"FB, imported, inhouse, jersey, New Arrival, Seahawks, V",false,Title,Default Title,,,,,,,,RSA-12445,907.1989147615625,shopify,60,deny,manual,85.00,109.99,true,true,,,,,,https://cdn.shopify.com/s/files/1/0642/7842/9930/files/coming-soon-grande_d367d582-6455-41eb-afa9-bc549bb82cf1.jpg?v=1761844102,1,"",false,,,,,,,,oz,,,true,,,draft
rj-harvey-signed-denver-orange-football-jersey-jsa,RJ Harvey Signed Denver Orange Football Jersey (JSA),"<p>This custom stitched football jersey has been personally hand signed by RJ Harvey and authenticated by a top 3rd party authentication company. All autographed sports collectibles are limited! Order now to add this timeless piece of football memorabilia to your collection before it’s gone.</p><ul>
<li>Hand signed Football jersey autographed by RJ Harvey and authenticated by JSA</li>
<li>Includes a tamper-proof authentication sticker from JSA</li>
<li>90-day Satisfaction Guarantee: if you are not completely satisfied with your piece of memorabilia, return the item in its original condition and receive a full refund</li>
</ul>",RSA,Arts & Entertainment > Hobbies & Creative Arts > Collectibles > Autographs,Autographed Football Jerseys,"Broncos, Current Star, FB, imported, inhouse, jersey, New Arrival, V",false,Title,Default Title,,,,,,,,RSA-12444,907.1989147615625,shopify,17,deny,manual,60.00,79.99,true,true,,,,,,https://cdn.shopify.com/s/files/1/0642/7842/9930/files/coming-soon-grande_48c1968c-f1a5-4697-8bfa-c119533268c9.jpg?v=1761844095,1,"",false,,,,,,,,oz,,,true,,,draft
rj-harvey-signed-denver-navy-football-jersey-jsa,RJ Harvey Signed Denver Navy Football Jersey (JSA),"<p>This custom stitched football jersey has been personally hand signed by RJ Harvey and authenticated by a top 3rd party authentication company. All autographed sports collectibles are limited! Order now to add this timeless piece of football memorabilia to your collection before it’s gone.</p><ul>
<li>Hand signed Football jersey autographed by RJ Harvey and authenticated by JSA</li>
<li>Includes a tamper-proof authentication sticker from JSA</li>
<li>90-day Satisfaction Guarantee: if you are not completely satisfied with your piece of memorabilia, return the item in its original condition and receive a full refund</li>
</ul>",RSA,Arts & Entertainment > Hobbies & Creative Arts > Collectibles > Autographs,Autographed Football Jerseys,"Broncos, Current Star, FB, imported, inhouse, jersey, New Arrival, V",false,Title,Default Title,,,,,,,,RSA-12443,907.1989147615625,shopify,16,deny,manual,60.00,79.99,true,true,,,,,,https://cdn.shopify.com/s/files/1/0642/7842/9930/files/coming-soon-grande_b69b39cb-fb8b-426a-8887-9775aa06aab0.jpg?v=1761844091,1,"",false,,,,,,,,oz,,,true,,,draft
myles-garrett-signed-cleveland-brown-football-jersey-beckett,Myles Garrett Signed Cleveland Brown Football Jersey (Beckett),"<p>This custom stitched football jersey has been personally hand signed by Myles Garrett and authenticated by a top 3rd party authentication company. All autographed sports collectibles are limited! Order now to add this timeless piece of football memorabilia to your collection before it’s gone.</p><ul>
<li>Hand signed Football jersey autographed by Myles Garrett and authenticated by Beckett</li>
<li>Includes a <em>Witnessed Protection Program</em> tamper-proof authentication sticker from Beckett</li>
<li>90-day Satisfaction Guarantee: if you are not completely satisfied with your piece of memorabilia, return the item in its original condition and receive a full refund</li>
</ul>",RSA,Arts & Entertainment > Hobbies & Creative Arts > Collectibles > Autographs,Autographed Football Jerseys,"Browns, Current Star, FB, imported, inhouse, jersey, New Arrival, V",false,Title,Default Title,,,,,,,,RSA-12422,907.1989147615625,shopify,12,deny,manual,165.00,199.99,true,true,,,,,,https://cdn.shopify.com/s/files/1/0642/7842/9930/files/garrett-browns-brown-autographed-stitched-football-jersey-back.jpg?v=1761951686,1,"",false,,,,,,,,oz,,,true,,,draft
myles-garrett-signed-cleveland-brown-football-jersey-beckett,,,,,,,,,,,,,,,,,,,,,,,,,,,,,,,,https://cdn.shopify.com/s/files/1/0642/7842/9930/files/garrett-browns-brown-autographed-stitched-football-jersey-signature.jpg?v=1761951688,2,"",,,,,,,,,,,,,,,
myles-garrett-signed-cleveland-brown-football-jersey-beckett,,,,,,,,,,,,,,,,,,,,,,,,,,,,,,,,https://cdn.shopify.com/s/files/1/0642/7842/9930/files/garrett-browns-brown-autographed-stitched-football-jersey-front.jpg?v=1761951690,3,"",,,,,,,,,,,,,,,
mario-manningham-signed-michigan-navy-football-jersey-jsa,Mario Manningham Signed Michigan Navy Football Jersey (JSA),"<p>This custom stitched football jersey has been personally hand signed by Mario Manningham and authenticated by a top 3rd party authentication company. All autographed sports collectibles are limited! Order now to add this timeless piece of football memorabilia to your collection before it’s gone.</p><ul>
<li>Hand signed Football jersey autographed by Mario Manningham and authenticated by JSA</li>
<li>Includes a <em>Witnessed Protection Program</em> tamper-proof authentication sticker from JSA</li>
<li>90-day Satisfaction Guarantee: if you are not completely satisfied with your piece of memorabilia, return the item in its original condition and receive a full refund</li>
</ul>",RSA,Arts & Entertainment > Hobbies & Creative Arts > Collectibles > Autographs,Autographed Football Jerseys,"FB, imported, inhouse, jersey, New Arrival, V, Wolverines",false,Title,Default Title,,,,,,,,RSA-12427,907.1989147615625,shopify,43,deny,manual,43.00,59.99,true,true,,,,,,https://cdn.shopify.com/s/files/1/0642/7842/9930/files/coming-soon-grande_305036a3-425c-4d58-bce0-2be4a68a75f5.jpg?v=1761844076,1,"",false,,,,,,,,oz,,,true,,,draft
earl-campbell-signed-stats-inscription-houston-light-blue-football-jersey-jsa,Earl Campbell Signed Stats Inscription Houston Light Blue Football Jersey (JSA),"<p>This custom stitched football jersey has been personally hand signed by Earl Campbell and authenticated by a top 3rd party authentication company. All autographed sports collectibles are limited! Order now to add this timeless piece of football memorabilia to your collection before it’s gone.</p><ul>
<li>Hand signed Football jersey autographed by Earl Campbell with Stats inscription and authenticated by JSA</li>
<li>Includes a <em>Witnessed Protection Program</em> tamper-proof authentication sticker from JSA</li>
<li>90-day Satisfaction Guarantee: if you are not completely satisfied with your piece of memorabilia, return the item in its original condition and receive a full refund</li>
</ul>",RSA,Arts & Entertainment > Hobbies & Creative Arts > Collectibles > Autographs,Autographed Football Jerseys,"FB, imported, inhouse, jersey, New Arrival, Oilers, V",false,Title,Default Title,,,,,,,,RSA-12426,907.1989147615625,shopify,50,deny,manual,60.00,79.99,true,true,,,,,,https://cdn.shopify.com/s/files/1/0642/7842/9930/files/coming-soon-grande_941e2305-b890-4189-8b59-10d8303e8c66.jpg?v=1761844027,1,"",false,,,,,,,,oz,,,true,,,draft
david-montgomery-signed-detroit-light-blue-football-jersey-beckett,David Montgomery Signed Detroit Light Blue Football Jersey (Beckett),"<p>This custom stitched football jersey has been personally hand signed by David Montgomery and authenticated by a top 3rd party authentication company. All autographed sports collectibles are limited! Order now to add this timeless piece of football memorabilia to your collection before it’s gone.</p><ul>
<li>Hand signed Football jersey autographed by David Montgomery and authenticated by Beckett</li>
<li>Includes a <em>Witnessed Protection Program</em> tamper-proof authentication sticker from Beckett</li>
<li>90-day Satisfaction Guarantee: if you are not completely satisfied with your piece of memorabilia, return the item in its original condition and receive a full refund</li>
</ul>",RSA,Arts & Entertainment > Hobbies & Creative Arts > Collectibles > Autographs,Autographed Football Jerseys,"Current Star, FB, imported, inhouse, jersey, Lions, New Arrival, V",false,Title,Default Title,,,,,,,,RSA-12419,907.1989147615625,shopify,11,deny,manual,105.00,149.99,true,true,,,,,,https://cdn.shopify.com/s/files/1/0642/7842/9930/files/montgomery-lions-light-blue-autographed-stitched-football-jersey-back.jpg?v=1761951680,1,"",false,,,,,,,,oz,,,true,,,draft
david-montgomery-signed-detroit-light-blue-football-jersey-beckett,,,,,,,,,,,,,,,,,,,,,,,,,,,,,,,,https://cdn.shopify.com/s/files/1/0642/7842/9930/files/montgomery-lions-light-blue-autographed-stitched-football-jersey-signature.jpg?v=1761951682,2,"",,,,,,,,,,,,,,,
david-montgomery-signed-detroit-light-blue-football-jersey-beckett,,,,,,,,,,,,,,,,,,,,,,,,,,,,,,,,https://cdn.shopify.com/s/files/1/0642/7842/9930/files/montgomery-lions-light-blue-autographed-stitched-football-jersey-front.jpg?v=1761951684,3,"",,,,,,,,,,,,,,,
chuba-hubbard-signed-carolina-teal-football-jersey-beckett,Chuba Hubbard Signed Carolina Blue Football Jersey (Beckett),"<p>This custom stitched football jersey has been personally hand signed by Chuba Hubbard and authenticated by a top 3rd party authentication company. All autographed sports collectibles are limited! Order now to add this timeless piece of football memorabilia to your collection before it’s gone.</p><ul>
<li>Hand signed Football jersey autographed by Chuba Hubbard and authenticated by Beckett</li>
<li>Includes a <em>Witnessed Protection Program</em> tamper-proof authentication sticker from Beckett</li>
<li>90-day Satisfaction Guarantee: if you are not completely satisfied with your piece of memorabilia, return the item in its original condition and receive a full refund</li>
</ul>",RSA,Arts & Entertainment > Hobbies & Creative Arts > Collectibles > Autographs,Autographed Football Jerseys,"Current Star, FB, imported, inhouse, jersey, New Arrival, Panthers, V",false,Title,Default Title,,,,,,,,RSA-12423,907.1989147615625,shopify,8,deny,manual,75.00,99.99,true,true,,,,,,https://cdn.shopify.com/s/files/1/0642/7842/9930/files/hubbard-panthers-blue-autographed-stitched-football-jersey-back.jpg?v=1761951675,1,"",false,,,,,,,,oz,,,true,,,draft
chuba-hubbard-signed-carolina-teal-football-jersey-beckett,,,,,,,,,,,,,,,,,,,,,,,,,,,,,,,,https://cdn.shopify.com/s/files/1/0642/7842/9930/files/hubbard-panthers-blue-autographed-stitched-football-jersey-signature.jpg?v=1761951676,2,"",,,,,,,,,,,,,,,
chuba-hubbard-signed-carolina-teal-football-jersey-beckett,,,,,,,,,,,,,,,,,,,,,,,,,,,,,,,,https://cdn.shopify.com/s/files/1/0642/7842/9930/files/hubbard-panthers-blue-autographed-stitched-football-jersey-front.jpg?v=1761951678,3,"",,,,,,,,,,,,,,,
chuba-hubbard-signed-carolina-black-football-jersey-beckett,Chuba Hubbard Signed Carolina Black Football Jersey (Beckett),"<p>This custom stitched football jersey has been personally hand signed by Chuba Hubbard and authenticated by a top 3rd party authentication company. All autographed sports collectibles are limited! Order now to add this timeless piece of football memorabilia to your collection before it’s gone.</p><ul>
<li>Hand signed Football jersey autographed by Chuba Hubbard and authenticated by Beckett</li>
<li>Includes a <em>Witnessed Protection Program</em> tamper-proof authentication sticker from Beckett</li>
<li>90-day Satisfaction Guarantee: if you are not completely satisfied with your piece of memorabilia, return the item in its original condition and receive a full refund</li>
</ul>",RSA,Arts & Entertainment > Hobbies & Creative Arts > Collectibles > Autographs,Autographed Football Jerseys,"Current Star, FB, imported, inhouse, jersey, New Arrival, Panthers, V",false,Title,Default Title,,,,,,,,RSA-12424,907.1989147615625,shopify,8,deny,manual,75.00,99.99,true,true,,,,,,https://cdn.shopify.com/s/files/1/0642/7842/9930/files/hubbard-panthers-black-autographed-stitched-football-jersey-back.jpg?v=1761951670,1,"",false,,,,,,,,oz,,,true,,,draft
chuba-hubbard-signed-carolina-black-football-jersey-beckett,,,,,,,,,,,,,,,,,,,,,,,,,,,,,,,,https://cdn.shopify.com/s/files/1/0642/7842/9930/files/hubbard-panthers-black-autographed-stitched-football-jersey-signature.jpg?v=1761951671,2,"",,,,,,,,,,,,,,,
chuba-hubbard-signed-carolina-black-football-jersey-beckett,,,,,,,,,,,,,,,,,,,,,,,,,,,,,,,,https://cdn.shopify.com/s/files/1/0642/7842/9930/files/hubbard-panthers-black-autographed-stitched-football-jersey-front.jpg?v=1761951673,3,"",,,,,,,,,,,,,,,
bucky-irving-signed-tampa-bay-red-football-jersey-beckett,Bucky Irving Signed Tampa Bay Red Football Jersey (Beckett),"<p>This custom stitched football jersey has been personally hand signed by Bucky Irving and authenticated by a top 3rd party authentication company. All autographed sports collectibles are limited! Order now to add this timeless piece of football memorabilia to your collection before it’s gone.</p><ul>
<li>Hand signed Football jersey autographed by Bucky Irving and authenticated by Beckett</li>
<li>Includes a <em>Witnessed Protection Program</em> tamper-proof authentication sticker from Beckett</li>
<li>90-day Satisfaction Guarantee: if you are not completely satisfied with your piece of memorabilia, return the item in its original condition and receive a full refund</li>
</ul>",RSA,Arts & Entertainment > Hobbies & Creative Arts > Collectibles > Autographs,Autographed Football Jerseys,"Buccaneers, Current Star, FB, imported, inhouse, jersey, New Arrival, V",false,Title,Default Title,,,,,,,,RSA-12420,907.1989147615625,shopify,33,deny,manual,110.00,149.99,true,true,,,,,,https://cdn.shopify.com/s/files/1/0642/7842/9930/files/irving-buccaneers-red-autographed-stitched-football-jersey-back.jpg?v=1761951664,1,"",false,,,,,,,,oz,,,true,,,draft
bucky-irving-signed-tampa-bay-red-football-jersey-beckett,,,,,,,,,,,,,,,,,,,,,,,,,,,,,,,,https://cdn.shopify.com/s/files/1/0642/7842/9930/files/irving-buccaneers-red-autographed-stitched-football-jersey-signature.jpg?v=1761951666,2,"",,,,,,,,,,,,,,,
bucky-irving-signed-tampa-bay-red-football-jersey-beckett,,,,,,,,,,,,,,,,,,,,,,,,,,,,,,,,https://cdn.shopify.com/s/files/1/0642/7842/9930/files/irving-buccaneers-red-autographed-stitched-football-jersey-front.jpg?v=1761951668,3,"",,,,,,,,,,,,,,,
bucky-irving-signed-tampa-bay-orange-football-jersey-beckett,Bucky Irving Signed Tampa Bay Orange Football Jersey (Beckett),"<p>This custom stitched football jersey has been personally hand signed by Bucky Irving and authenticated by a top 3rd party authentication company. All autographed sports collectibles are limited! Order now to add this timeless piece of football memorabilia to your collection before it’s gone.</p><ul>
<li>Hand signed Football jersey autographed by Bucky Irving and authenticated by Beckett</li>
<li>Includes a <em>Witnessed Protection Program</em> tamper-proof authentication sticker from Beckett</li>
<li>90-day Satisfaction Guarantee: if you are not completely satisfied with your piece of memorabilia, return the item in its original condition and receive a full refund</li>
</ul>",RSA,Arts & Entertainment > Hobbies & Creative Arts > Collectibles > Autographs,Autographed Football Jerseys,"Buccaneers, Current Star, FB, imported, inhouse, jersey, New Arrival, V",false,Title,Default Title,,,,,,,,RSA-12421,907.1989147615625,shopify,20,deny,manual,110.00,149.99,true,true,,,,,,https://cdn.shopify.com/s/files/1/0642/7842/9930/files/irving-buccaneers-orange-autographed-stitched-football-jersey-back.jpg?v=1761951659,1,"",false,,,,,,,,oz,,,true,,,draft
bucky-irving-signed-tampa-bay-orange-football-jersey-beckett,,,,,,,,,,,,,,,,,,,,,,,,,,,,,,,,https://cdn.shopify.com/s/files/1/0642/7842/9930/files/irving-buccaneers-orange-autographed-stitched-football-jersey-signature.jpg?v=1761951660,2,"",,,,,,,,,,,,,,,
bucky-irving-signed-tampa-bay-orange-football-jersey-beckett,,,,,,,,,,,,,,,,,,,,,,,,,,,,,,,,https://cdn.shopify.com/s/files/1/0642/7842/9930/files/irving-buccaneers-orange-autographed-stitched-football-jersey-front.jpg?v=1761951662,3,"",,,,,,,,,,,,,,,
billy-shaw-signed-hof-99-inscription-buffalo-blue-football-jersey-beckett,Billy Shaw Signed HOF 99 Inscription Buffalo Blue Football Jersey (Beckett),"<p>This custom stitched football jersey has been personally hand signed by Billy Shaw and authenticated by a top 3rd party authentication company. All autographed sports collectibles are limited! Order now to add this timeless piece of football memorabilia to your collection before it’s gone.</p><ul>
<li>Hand signed Football jersey autographed by Billy Shaw with HOF 99 inscription and authenticated by Beckett</li>
<li>Includes a <em>Witnessed Protection Program</em> tamper-proof authentication sticker from Beckett</li>
<li>90-day Satisfaction Guarantee: if you are not completely satisfied with your piece of memorabilia, return the item in its original condition and receive a full refund</li>
</ul>",RSA,Arts & Entertainment > Hobbies & Creative Arts > Collectibles > Autographs,Autographed Football Jerseys,"Bills, FB, imported, inhouse, jersey, MYS_HOF, New Arrival, V",false,Title,Default Title,,,,,,,,RSA-12442,907.1989147615625,shopify,15,deny,manual,45.00,59.99,true,true,,,,,,https://cdn.shopify.com/s/files/1/0642/7842/9930/files/coming-soon-grande_5e4ebbce-4a85-4f2c-8e3d-3bdb94857053.jpg?v=1761843980,1,"",false,,,,,,,,oz,,,true,,,draft
antonio-brown-signed-pittsburgh-color-rush-football-jersey-jsa,Antonio Brown Signed Pittsburgh Color Rush Football Jersey (JSA),"<p>This custom stitched football jersey has been personally hand signed by Antonio Brown and authenticated by a top 3rd party authentication company. All autographed sports collectibles are limited! Order now to add this timeless piece of football memorabilia to your collection before it’s gone.</p><ul>
<li>Hand signed Football jersey autographed by Antonio Brown and authenticated by JSA</li>
<li>Includes a <em>Witnessed Protection Program</em> tamper-proof authentication sticker from JSA</li>
<li>90-day Satisfaction Guarantee: if you are not completely satisfied with your piece of memorabilia, return the item in its original condition and receive a full refund</li>
</ul>",RSA,Arts & Entertainment > Hobbies & Creative Arts > Collectibles > Autographs,Autographed Football Jerseys,"FB, imported, inhouse, jersey, New Arrival, Steelers, V",false,Title,Default Title,,,,,,,,RSA-12425,907.1989147615625,shopify,43,deny,manual,70.00,89.99,true,true,,,,,,https://cdn.shopify.com/s/files/1/0642/7842/9930/files/coming-soon-grande_144200c1-44f9-402e-8178-9e59ec1b11a4.jpg?v=1761843973,1,"",false,,,,,,,,oz,,,true,,,draft
y-a-tittle-signed-hof-71-inscription-new-york-white-black-signature-football-jersey-jsa,Y.A. Tittle Signed HOF 71 Inscription New York White Black Signature Football Jersey (JSA),"<p>This custom stitched football jersey has been personally hand signed by Y.A. Tittle and authenticated by a top 3rd party authentication company. All autographed sports collectibles are limited! Order now to add this timeless piece of football memorabilia to your collection before it’s gone.</p><ul>
<li>Hand signed Football jersey autographed by Y.A. Tittle with HOF 71 inscription and authenticated by JSA</li>
<li>Includes a tamper-proof authentication sticker from JSA</li>
<li>90-day Satisfaction Guarantee: if you are not completely satisfied with your piece of memorabilia, return the item in its original condition and receive a full refund</li>
</ul>",RSA,,Autographed Football Jerseys,"FB, Giants, imported, inhouse, jersey, MYS_HOF, New Arrival, V",false,Title,Default Title,,,,,,,,RSA-12400,907.1989147615625,shopify,63,deny,manual,40.00,69.99,true,true,,,,,,https://cdn.shopify.com/s/files/1/0642/7842/9930/files/tittle-giants-hof-71-white-black-signature-autographed-stitched-football-jersey-back.jpg?v=1761778934,1,"",false,,,,,,,,oz,,22.00,true,,,draft
y-a-tittle-signed-hof-71-inscription-new-york-white-black-signature-football-jersey-jsa,,,,,,,,,,,,,,,,,,,,,,,,,,,,,,,,https://cdn.shopify.com/s/files/1/0642/7842/9930/files/tittle-giants-hof-71-white-black-signature-autographed-stitched-football-jersey-signature.jpg?v=1761778936,2,"",,,,,,,,,,,,,,,
y-a-tittle-signed-hof-71-inscription-new-york-white-black-signature-football-jersey-jsa,,,,,,,,,,,,,,,,,,,,,,,,,,,,,,,,https://cdn.shopify.com/s/files/1/0642/7842/9930/files/tittle-giants-hof-71-white-black-signature-autographed-stitched-football-jersey-front.jpg?v=1761778937,3,"",,,,,,,,,,,,,,,
wayne-chrebet-signed-new-york-green-bled-signature-football-jersey-jsa,Wayne Chrebet Signed New York Green Bled Signature Football Jersey (JSA),"<p>This custom stitched football jersey has been personally hand signed by Wayne Chrebet and authenticated by a top 3rd party authentication company. All autographed sports collectibles are limited! Order now to add this timeless piece of football memorabilia to your collection before it’s gone.</p><ul>
<li>Hand signed Football jersey autographed by Wayne Chrebet and authenticated by JSA</li>
<li>Includes a <em>Witnessed Protection Program</em> tamper-proof authentication sticker from JSA</li>
<li>90-day Satisfaction Guarantee: if you are not completely satisfied with your piece of memorabilia, return the item in its original condition and receive a full refund</li>
</ul>",RSA,,Autographed Football Jerseys,"FB, imported, inhouse, jersey, Jets, New Arrival, V",false,Title,Default Title,,,,,,,,RSA-12386,907.1989147615625,shopify,27,deny,manual,45.00,59.99,true,true,,,,,,https://cdn.shopify.com/s/files/1/0642/7842/9930/files/chrebet-jets-bled-signature-green-autographed-stitched-football-jersey-back.jpg?v=1761865292,1,"",false,,,,,,,,oz,,30.00,true,,,draft
wayne-chrebet-signed-new-york-green-bled-signature-football-jersey-jsa,,,,,,,,,,,,,,,,,,,,,,,,,,,,,,,,https://cdn.shopify.com/s/files/1/0642/7842/9930/files/chrebet-jets-bled-signature-green-autographed-stitched-football-jersey-signature.jpg?v=1761865295,2,"",,,,,,,,,,,,,,,
wayne-chrebet-signed-new-york-green-bled-signature-football-jersey-jsa,,,,,,,,,,,,,,,,,,,,,,,,,,,,,,,,https://cdn.shopify.com/s/files/1/0642/7842/9930/files/chrebet-jets-bled-signature-green-autographed-stitched-football-jersey-front.jpg?v=1761865296,3,"",,,,,,,,,,,,,,,
ty-detmer-signed-ht-90-inscription-byu-college-navy-football-jersey-jsa,Ty Detmer Signed HT 90 Inscription BYU College Navy Football Jersey (JSA),"<p>This custom stitched football jersey has been personally hand signed by Ty Detmer and authenticated by a top 3rd party authentication company. All autographed sports collectibles are limited! Order now to add this timeless piece of football memorabilia to your collection before it’s gone.</p><ul>
<li>Hand signed Football jersey autographed by Ty Detmer with HT 90 inscription and authenticated by JSA</li>
<li>Includes a tamper-proof authentication sticker from JSA</li>
<li>90-day Satisfaction Guarantee: if you are not completely satisfied with your piece of memorabilia, return the item in its original condition and receive a full refund</li>
</ul>",RSA,,Autographed Football Jerseys,"Cougars, FB, imported, inhouse, jersey, New Arrival, V",false,Title,Default Title,,,,,,,,RSA-12385,907.1989147615625,shopify,2,deny,manual,45.00,59.99,true,true,,,,,,https://cdn.shopify.com/s/files/1/0642/7842/9930/files/detmer-cougars-navy-autographed-stitched-football-jersey-back.jpg?v=1761865286,1,"",false,,,,,,,,oz,,25.00,true,,,draft
ty-detmer-signed-ht-90-inscription-byu-college-navy-football-jersey-jsa,,,,,,,,,,,,,,,,,,,,,,,,,,,,,,,,https://cdn.shopify.com/s/files/1/0642/7842/9930/files/detmer-cougars-navy-autographed-stitched-football-jersey-signature.jpg?v=1761865289,2,"",,,,,,,,,,,,,,,
ty-detmer-signed-ht-90-inscription-byu-college-navy-football-jersey-jsa,,,,,,,,,,,,,,,,,,,,,,,,,,,,,,,,https://cdn.shopify.com/s/files/1/0642/7842/9930/files/detmer-cougars-navy-autographed-stitched-football-jersey-front.jpg?v=1761865290,3,"",,,,,,,,,,,,,,,
trayvon-mullen-signed-las-vegas-white-football-jersey-jsa,Trayvon Mullen Signed Las Vegas White Football Jersey (JSA),"<p>This custom stitched football jersey has been personally hand signed by Trayvon Mullen and authenticated by a top 3rd party authentication company. All autographed sports collectibles are limited! Order now to add this timeless piece of football memorabilia to your collection before it’s gone.</p><ul>
<li>Hand signed Football jersey autographed by Trayvon Mullen and authenticated by JSA</li>
<li>Includes a <em>Witnessed Protection Program</em> tamper-proof authentication sticker from JSA</li>
<li>90-day Satisfaction Guarantee: if you are not completely satisfied with your piece of memorabilia, return the item in its original condition and receive a full refund</li>
</ul>",RSA,,Autographed Football Jerseys,"FB, imported, inhouse, jersey, New Arrival, Raiders, V",false,Title,Default Title,,,,,,,,RSA-12401,907.1989147615625,shopify,34,deny,manual,45.00,59.99,true,true,,,,,,https://cdn.shopify.com/s/files/1/0642/7842/9930/files/mullen-raiders-white-autographed-stitched-football-jersey-back_5c3a1270-38d7-4316-9e62-b9bac5c20bb0.jpg?v=1761778928,1,"",false,,,,,,,,oz,,30.00,true,,,draft
trayvon-mullen-signed-las-vegas-white-football-jersey-jsa,,,,,,,,,,,,,,,,,,,,,,,,,,,,,,,,https://cdn.shopify.com/s/files/1/0642/7842/9930/files/mullen-raiders-white-autographed-stitched-football-jersey-signature.jpg?v=1761778930,2,"",,,,,,,,,,,,,,,
trayvon-mullen-signed-las-vegas-white-football-jersey-jsa,,,,,,,,,,,,,,,,,,,,,,,,,,,,,,,,https://cdn.shopify.com/s/files/1/0642/7842/9930/files/mullen-raiders-white-autographed-stitched-football-jersey-front.jpg?v=1761778932,3,"",,,,,,,,,,,,,,,
tajh-boyd-signed-pittsburgh-black-football-jersey-jsa,Tajh Boyd Signed Pittsburgh Black Football Jersey (JSA),"<p>This custom stitched football jersey has been personally hand signed by Tajh Boyd and authenticated by a top 3rd party authentication company. All autographed sports collectibles are limited! Order now to add this timeless piece of football memorabilia to your collection before it’s gone.</p><ul>
<li>Hand signed Football jersey autographed by Tajh Boyd and authenticated by JSA</li>
<li>Includes a tamper-proof authentication sticker from JSA</li>
<li>90-day Satisfaction Guarantee: if you are not completely satisfied with your piece of memorabilia, return the item in its original condition and receive a full refund</li>
</ul>",RSA,,Autographed Football Jerseys,"FB, imported, inhouse, jersey, New Arrival, Steelers, V",false,Title,Default Title,,,,,,,,RSA-12388,907.1989147615625,shopify,7,deny,manual,45.00,59.99,true,true,,,,,,https://cdn.shopify.com/s/files/1/0642/7842/9930/files/boyd-steelers-black-autographed-stitched-football-jersey-back.jpg?v=1761865281,1,"",false,,,,,,,,oz,,25.00,true,,,draft
tajh-boyd-signed-pittsburgh-black-football-jersey-jsa,,,,,,,,,,,,,,,,,,,,,,,,,,,,,,,,https://cdn.shopify.com/s/files/1/0642/7842/9930/files/boyd-steelers-black-autographed-stitched-football-jersey-signature.jpg?v=1761865282,2,"",,,,,,,,,,,,,,,
tajh-boyd-signed-pittsburgh-black-football-jersey-jsa,,,,,,,,,,,,,,,,,,,,,,,,,,,,,,,,https://cdn.shopify.com/s/files/1/0642/7842/9930/files/boyd-steelers-black-autographed-stitched-football-jersey-front.jpg?v=1761865284,3,"",,,,,,,,,,,,,,,
shawne-merriman-signed-san-diego-light-blue-alt-football-jersey-jsa,Shawne Merriman Signed San Diego Light Blue Alt Football Jersey (JSA),"<p>This custom stitched football jersey has been personally hand signed by Shawne Merriman and authenticated by a top 3rd party authentication company. All autographed sports collectibles are limited! Order now to add this timeless piece of football memorabilia to your collection before it’s gone.</p>
<ul>
<li>Hand signed Football jersey autographed by Shawne Merriman and authenticated by JSA</li>
<li>Includes a <em>Witnessed Protection Program</em> tamper-proof authentication sticker from JSA</li>
<li>90-day Satisfaction Guarantee: if you are not completely satisfied with your piece of memorabilia, return the item in its original condition and receive a full refund</li>
</ul>",RSA,,Autographed Football Jerseys,"Chargers, FB, imported, inhouse, jersey, New Arrival, V",false,Title,Default Title,,,,,,,,RSA-12398,907.1989147615625,shopify,50,deny,manual,45.00,59.99,true,true,,,,,,https://cdn.shopify.com/s/files/1/0642/7842/9930/files/merriman-chargers-light-blue-autographed-stitched-football-jersey-back_29e5e1de-e7c4-4ce0-a614-f23c7344092a.jpg?v=1761778892,1,"",false,,,,,,,,oz,,25.00,true,,,draft
shawne-merriman-signed-san-diego-light-blue-alt-football-jersey-jsa,,,,,,,,,,,,,,,,,,,,,,,,,,,,,,,,https://cdn.shopify.com/s/files/1/0642/7842/9930/files/merriman-chargers-light-blue-autographed-stitched-football-jersey-signature_ef125054-2b82-4335-8d47-7ea02d31f42f.jpg?v=1761778894,2,"",,,,,,,,,,,,,,,
shawne-merriman-signed-san-diego-light-blue-alt-football-jersey-jsa,,,,,,,,,,,,,,,,,,,,,,,,,,,,,,,,https://cdn.shopify.com/s/files/1/0642/7842/9930/files/merriman-chargers-light-blue-autographed-stitched-football-jersey-front_79eae971-1d00-48a9-beab-744ee539d30b.jpg?v=1761778896,3,"",,,,,,,,,,,,,,,
ricky-sanders-signed-2x-sb-champs-70-greatest-inscription-washington-red-football-jersey-jsa,Ricky Sanders Signed 2x SB Champs 70 Greatest Inscription Washington Red Football Jersey (JSA),"<p>This custom stitched football jersey has been personally hand signed by Ricky Sanders and authenticated by a top 3rd party authentication company. All autographed sports collectibles are limited! Order now to add this timeless piece of football memorabilia to your collection before it’s gone.</p><ul>
<li>Hand signed Football jersey autographed by Ricky Sanders with 2x SB Champs 70 Greatest inscription and authenticated by JSA</li>
<li>Includes a tamper-proof authentication sticker from JSA</li>
<li>90-day Satisfaction Guarantee: if you are not completely satisfied with your piece of memorabilia, return the item in its original condition and receive a full refund</li>
</ul>",RSA,,Autographed Football Jerseys,"FB, imported, inhouse, jersey, New Arrival, Redskins, V",false,Title,Default Title,,,,,,,,RSA-12394,907.1989147615625,shopify,19,deny,manual,45.00,59.99,true,true,,,,,,https://cdn.shopify.com/s/files/1/0642/7842/9930/files/sanders-redskins-2x-sb-champs-red-autographed-stitched-football-jersey-back.jpg?v=1761865275,1,"",false,,,,,,,,oz,,25.00,true,,,draft
ricky-sanders-signed-2x-sb-champs-70-greatest-inscription-washington-red-football-jersey-jsa,,,,,,,,,,,,,,,,,,,,,,,,,,,,,,,,https://cdn.shopify.com/s/files/1/0642/7842/9930/files/sanders-redskins-2x-sb-champs-red-autographed-stitched-football-jersey-signature.jpg?v=1761865277,2,"",,,,,,,,,,,,,,,
ricky-sanders-signed-2x-sb-champs-70-greatest-inscription-washington-red-football-jersey-jsa,,,,,,,,,,,,,,,,,,,,,,,,,,,,,,,,https://cdn.shopify.com/s/files/1/0642/7842/9930/files/sanders-redskins-2x-sb-champs-red-autographed-stitched-football-jersey-front.jpg?v=1761865279,3,"",,,,,,,,,,,,,,,
michael-matthews-signed-sb-xlii-champs-inscription-new-york-n-a-football-jersey-jsa,Michael Matthews Signed SB XLII Champs Inscription New York N/A Football Jersey (JSA),"<p>This custom stitched football jersey has been personally hand signed by Michael Matthews and authenticated by a top 3rd party authentication company. All autographed sports collectibles are limited! Order now to add this timeless piece of football memorabilia to your collection before it’s gone.</p><ul>
<li>Hand signed Football jersey autographed by Michael Matthews with SB XLII Champs inscription and authenticated by JSA</li>
<li>Includes a tamper-proof authentication sticker from JSA</li>
<li>90-day Satisfaction Guarantee: if you are not completely satisfied with your piece of memorabilia, return the item in its original condition and receive a full refund</li>
</ul>",RSA,,Autographed Football Jerseys,"FB, Giants, imported, inhouse, jersey, New Arrival, V",false,Title,Default Title,,,,,,,,RSA-12397,907.1989147615625,shopify,14,deny,manual,45.00,59.99,true,true,,,,,,https://cdn.shopify.com/s/files/1/0642/7842/9930/files/coming-soon-grande_d4913470-7912-4075-b90a-f021154e4edd.jpg?v=1760718199,1,"",false,,,,,,,,oz,,30.00,true,,,draft
mark-ingram-signed-new-orleans-black-football-jersey-jsa,Mark Ingram Signed New Orleans Black Football Jersey (JSA),"<p>This custom stitched football jersey has been personally hand signed by Mark Ingram and authenticated by a top 3rd party authentication company. All autographed sports collectibles are limited! Order now to add this timeless piece of football memorabilia to your collection before it’s gone.</p><ul>
<li>Hand signed Football jersey autographed by Mark Ingram and authenticated by JSA</li>
<li>Includes a tamper-proof authentication sticker from JSA</li>
<li>90-day Satisfaction Guarantee: if you are not completely satisfied with your piece of memorabilia, return the item in its original condition and receive a full refund</li>
</ul>",RSA,,Autographed Football Jerseys,"FB, imported, inhouse, jersey, New Arrival, Saints, V",false,Title,Default Title,,,,,,,,RSA-12391,907.1989147615625,shopify,47,deny,manual,55.00,79.99,true,true,,,,,,https://cdn.shopify.com/s/files/1/0642/7842/9930/files/ingram-saints-black-autographed-stitched-football-jersey-back.jpg?v=1761174079,1,"",false,,,,,,,,oz,,35.00,true,,,draft
mark-ingram-signed-new-orleans-black-football-jersey-jsa,,,,,,,,,,,,,,,,,,,,,,,,,,,,,,,,https://cdn.shopify.com/s/files/1/0642/7842/9930/files/ingram-saints-black-autographed-stitched-football-jersey-signature.jpg?v=1761174081,2,"",,,,,,,,,,,,,,,
mark-ingram-signed-new-orleans-black-football-jersey-jsa,,,,,,,,,,,,,,,,,,,,,,,,,,,,,,,,https://cdn.shopify.com/s/files/1/0642/7842/9930/files/ingram-saints-black-autographed-stitched-football-jersey-front.jpg?v=1761174082,3,"",,,,,,,,,,,,,,,
marcus-lattimore-signed-san-francisco-red-football-jersey-jsa,Marcus Lattimore Signed San Francisco Red Football Jersey (JSA),"<p>This custom stitched football jersey has been personally hand signed by Marcus Lattimore and authenticated by a top 3rd party authentication company. All autographed sports collectibles are limited! Order now to add this timeless piece of football memorabilia to your collection before it’s gone.</p><ul>
<li>Hand signed Football jersey autographed by Marcus Lattimore and authenticated by JSA</li>
<li>Includes a tamper-proof authentication sticker from JSA</li>
<li>90-day Satisfaction Guarantee: if you are not completely satisfied with your piece of memorabilia, return the item in its original condition and receive a full refund</li>
</ul>",RSA,,Autographed Football Jerseys,"49ers, FB, imported, inhouse, jersey, New Arrival, V",false,Title,Default Title,,,,,,,,RSA-12402,907.1989147615625,shopify,5,deny,manual,48.00,69.99,true,true,,,,,,https://cdn.shopify.com/s/files/1/0642/7842/9930/files/lattimore-49ers-red-autographed-stitched-football-jersey-back.jpg?v=1761778887,1,"",false,,,,,,,,oz,,30.00,true,,,draft
marcus-lattimore-signed-san-francisco-red-football-jersey-jsa,,,,,,,,,,,,,,,,,,,,,,,,,,,,,,,,https://cdn.shopify.com/s/files/1/0642/7842/9930/files/lattimore-49ers-red-autographed-stitched-football-jersey-signature.jpg?v=1761778889,2,"",,,,,,,,,,,,,,,
marcus-lattimore-signed-san-francisco-red-football-jersey-jsa,,,,,,,,,,,,,,,,,,,,,,,,,,,,,,,,https://cdn.shopify.com/s/files/1/0642/7842/9930/files/lattimore-49ers-red-autographed-stitched-football-jersey-front.jpg?v=1761778890,3,"",,,,,,,,,,,,,,,
joe-bellino-signed-ht-60-inscription-navy-college-white-football-jersey-jsa,Joe Bellino Signed HT 60 Inscription Navy College White Football Jersey (JSA),"<p>This custom stitched football jersey has been personally hand signed by Joe Bellino and authenticated by a top 3rd party authentication company. All autographed sports collectibles are limited! Order now to add this timeless piece of football memorabilia to your collection before it’s gone.</p><ul>
<li>Hand signed Football jersey autographed by Joe Bellino with HT 60 inscription and authenticated by JSA</li>
<li>Includes a tamper-proof authentication sticker from JSA</li>
<li>90-day Satisfaction Guarantee: if you are not completely satisfied with your piece of memorabilia, return the item in its original condition and receive a full refund</li>
</ul>",RSA,,Autographed Football Jerseys,"FB, imported, inhouse, jersey, Midshipmen, New Arrival, V",false,Title,Default Title,,,,,,,,RSA-12392,907.1989147615625,shopify,53,deny,manual,45.00,59.99,true,true,,,,,,https://cdn.shopify.com/s/files/1/0642/7842/9930/files/bellino-midshipmen-ht-60-white-autographed-stitched-football-jersey-back.jpg?v=1761865269,1,"",false,,,,,,,,oz,,25.00,true,,,draft
joe-bellino-signed-ht-60-inscription-navy-college-white-football-jersey-jsa,,,,,,,,,,,,,,,,,,,,,,,,,,,,,,,,https://cdn.shopify.com/s/files/1/0642/7842/9930/files/bellino-midshipmen-ht-60-white-autographed-stitched-football-jersey-signature.jpg?v=1761865271,2,"",,,,,,,,,,,,,,,
joe-bellino-signed-ht-60-inscription-navy-college-white-football-jersey-jsa,,,,,,,,,,,,,,,,,,,,,,,,,,,,,,,,https://cdn.shopify.com/s/files/1/0642/7842/9930/files/bellino-midshipmen-ht-60-white-autographed-stitched-football-jersey-front.jpg?v=1761865273,3,"",,,,,,,,,,,,,,,
jim-zorn-signed-prov-22-1-inscription-seattle-royal-blue-bled-signature-football-jersey-jsa,Jim Zorn Signed Prov 22:1 Inscription Seattle Royal Blue Bled Signature Football Jersey (JSA),"<p>This custom stitched football jersey has been personally hand signed by Jim Zorn and authenticated by a top 3rd party authentication company. All autographed sports collectibles are limited! Order now to add this timeless piece of football memorabilia to your collection before it’s gone.</p><ul>
<li>Hand signed Football jersey autographed by Jim Zorn with Prov 22:1 inscription and authenticated by JSA</li>
<li>Includes a tamper-proof authentication sticker from JSA</li>
<li>90-day Satisfaction Guarantee: if you are not completely satisfied with your piece of memorabilia, return the item in its original condition and receive a full refund</li>
</ul>",RSA,,Autographed Football Jerseys,"FB, imported, inhouse, jersey, New Arrival, Seahawks, V",false,Title,Default Title,,,,,,,,RSA-12395,907.1989147615625,shopify,74,deny,manual,32.00,39.00,true,true,,,,,,https://cdn.shopify.com/s/files/1/0642/7842/9930/files/zorn-seahawks-prov-22-1-bled-signature-blue-autographed-stitched-football-jersey-back.jpg?v=1761778881,1,"",false,,,,,,,,oz,,23.00,true,,,draft
jim-zorn-signed-prov-22-1-inscription-seattle-royal-blue-bled-signature-football-jersey-jsa,,,,,,,,,,,,,,,,,,,,,,,,,,,,,,,,https://cdn.shopify.com/s/files/1/0642/7842/9930/files/zorn-seahawks-prov-22-1-bled-signature-blue-autographed-stitched-football-jersey-signature.jpg?v=1761778883,2,"",,,,,,,,,,,,,,,
jim-zorn-signed-prov-22-1-inscription-seattle-royal-blue-bled-signature-football-jersey-jsa,,,,,,,,,,,,,,,,,,,,,,,,,,,,,,,,https://cdn.shopify.com/s/files/1/0642/7842/9930/files/zorn-seahawks-prov-22-1-bled-signature-blue-autographed-stitched-football-jersey-front.jpg?v=1761778885,3,"",,,,,,,,,,,,,,,
jaron-keawe-sagapolutele-signed-california-college-navy-football-jersey-jsa,Jaron-Keawe Sagapolutele Signed California College Navy Football Jersey (JSA),"<p>This custom stitched football jersey has been personally hand signed by Jaron-Keawe Sagapolutele and authenticated by a top 3rd party authentication company. All autographed sports collectibles are limited! Order now to add this timeless piece of football memorabilia to your collection before it’s gone.</p><ul>
<li>Hand signed Football jersey autographed by Jaron-Keawe Sagapolutele and authenticated by JSA</li>
<li>Includes a tamper-proof authentication sticker from JSA</li>
<li>90-day Satisfaction Guarantee: if you are not completely satisfied with your piece of memorabilia, return the item in its original condition and receive a full refund</li>
</ul>",RSA,Uncategorized,Autographed Football Jerseys,"FB, Golden Bears, imported, inhouse, jersey, New Arrival, V",false,Title,Default Title,,,,,,,,RSA-12389,907.1989147615625,shopify,7,deny,manual,160.00,249.99,true,true,,,,,,https://cdn.shopify.com/s/files/1/0642/7842/9930/files/sagapolutele-golden-bears-blue-autographed-stitched-football-jersey-back.jpg?v=1761174067,1,"",false,,,,,,,,oz,,,true,,,draft
jaron-keawe-sagapolutele-signed-california-college-navy-football-jersey-jsa,,,,,,,,,,,,,,,,,,,,,,,,,,,,,,,,https://cdn.shopify.com/s/files/1/0642/7842/9930/files/sagapolutele-golden-bears-blue-autographed-stitched-football-jersey-signature.jpg?v=1761174069,2,"",,,,,,,,,,,,,,,
jaron-keawe-sagapolutele-signed-california-college-navy-football-jersey-jsa,,,,,,,,,,,,,,,,,,,,,,,,,,,,,,,,https://cdn.shopify.com/s/files/1/0642/7842/9930/files/sagapolutele-golden-bears-blue-autographed-stitched-football-jersey-front.jpg?v=1761174071,3,"",,,,,,,,,,,,,,,
ej-speed-signed-indianapolis-white-football-jersey-beckett,EJ Speed Signed Indianapolis White Football Jersey (Beckett),"<p>This custom stitched football jersey has been personally hand signed by EJ Speed and authenticated by a top 3rd party authentication company. All autographed sports collectibles are limited! Order now to add this timeless piece of football memorabilia to your collection before it’s gone.</p><ul>
<li>Hand signed Football jersey autographed by EJ Speed and authenticated by Beckett</li>
<li>Includes a <em>Witnessed Protection Program</em> tamper-proof authentication sticker from Beckett</li>
<li>90-day Satisfaction Guarantee: if you are not completely satisfied with your piece of memorabilia, return the item in its original condition and receive a full refund</li>
</ul>",RSA,,Autographed Football Jerseys,"Colts, FB, imported, inhouse, jersey, New Arrival, V",false,Title,Default Title,,,,,,,,RSA-12387,907.1989147615625,shopify,63,deny,manual,38.00,49.99,true,true,,,,,,https://cdn.shopify.com/s/files/1/0642/7842/9930/files/speed-colts-white-autographed-stitched-football-jersey-back.jpg?v=1761260467,1,"",false,,,,,,,,oz,,23.00,true,,,draft
ej-speed-signed-indianapolis-white-football-jersey-beckett,,,,,,,,,,,,,,,,,,,,,,,,,,,,,,,,https://cdn.shopify.com/s/files/1/0642/7842/9930/files/speed-colts-white-autographed-stitched-football-jersey-signature.jpg?v=1761260469,2,"",,,,,,,,,,,,,,,
ej-speed-signed-indianapolis-white-football-jersey-beckett,,,,,,,,,,,,,,,,,,,,,,,,,,,,,,,,https://cdn.shopify.com/s/files/1/0642/7842/9930/files/speed-colts-white-autographed-stitched-football-jersey-front.jpg?v=1761260471,3,"",,,,,,,,,,,,,,,
devin-bush-signed-pittsburgh-black-football-jersey-jsa,Devin Bush Signed Pittsburgh Black Football Jersey (JSA),"<p>This custom stitched football jersey has been personally hand signed by Devin Bush and authenticated by a top 3rd party authentication company. All autographed sports collectibles are limited! Order now to add this timeless piece of football memorabilia to your collection before it’s gone.</p><ul>
<li>Hand signed Football jersey autographed by Devin Bush and authenticated by JSA</li>
<li>Includes a tamper-proof authentication sticker from JSA</li>
<li>90-day Satisfaction Guarantee: if you are not completely satisfied with your piece of memorabilia, return the item in its original condition and receive a full refund</li>
</ul>",RSA,,Autographed Football Jerseys,"FB, imported, inhouse, jersey, New Arrival, Steelers, V",false,Title,Default Title,,,,,,,,RSA-12399,907.1989147615625,shopify,55,deny,manual,45.00,59.99,true,true,,,,,,https://cdn.shopify.com/s/files/1/0642/7842/9930/files/bush-steelers-black-autographed-stitched-football-jersey-back.jpg?v=1761778875,1,"",false,,,,,,,,oz,,30.00,true,,,draft
devin-bush-signed-pittsburgh-black-football-jersey-jsa,,,,,,,,,,,,,,,,,,,,,,,,,,,,,,,,https://cdn.shopify.com/s/files/1/0642/7842/9930/files/bush-steelers-black-autographed-stitched-football-jersey-signature_a1dddde8-8db4-4466-8e0e-c24101c21706.jpg?v=1761778877,2,"",,,,,,,,,,,,,,,
devin-bush-signed-pittsburgh-black-football-jersey-jsa,,,,,,,,,,,,,,,,,,,,,,,,,,,,,,,,https://cdn.shopify.com/s/files/1/0642/7842/9930/files/bush-steelers-black-autographed-stitched-football-jersey-front.jpg?v=1761778879,3,"",,,,,,,,,,,,,,,
chase-daniels-signed-missouri-college-white-football-jersey-jsa,Chase Daniel Signed Missouri College White Football Jersey (JSA),"<p>This custom stitched football jersey has been personally hand signed by Chase Daniel and authenticated by a top 3rd party authentication company. All autographed sports collectibles are limited! Order now to add this timeless piece of football memorabilia to your collection before it’s gone.</p>
<ul>
<li>Hand signed Football jersey autographed by Chase Daniel and authenticated by JSA</li>
<li>Includes a tamper-proof authentication sticker from JSA</li>
<li>90-day Satisfaction Guarantee: if you are not completely satisfied with your piece of memorabilia, return the item in its original condition and receive a full refund</li>
</ul>",RSA,,Autographed Football Jerseys,"FB, imported, inhouse, jersey, New Arrival, Tigers, V",false,Title,Default Title,,,,,,,,RSA-12393,907.1989147615625,shopify,83,deny,manual,45.00,59.99,true,true,,,,,,https://cdn.shopify.com/s/files/1/0642/7842/9930/files/daniel-tigers-white-autographed-stitched-football-jersey-back.jpg?v=1761865258,1,"",false,,,,,,,,oz,,25.00,true,,,draft
chase-daniels-signed-missouri-college-white-football-jersey-jsa,,,,,,,,,,,,,,,,,,,,,,,,,,,,,,,,https://cdn.shopify.com/s/files/1/0642/7842/9930/files/daniel-tigers-white-autographed-stitched-football-jersey-signature.jpg?v=1761865260,2,"",,,,,,,,,,,,,,,
chase-daniels-signed-missouri-college-white-football-jersey-jsa,,,,,,,,,,,,,,,,,,,,,,,,,,,,,,,,https://cdn.shopify.com/s/files/1/0642/7842/9930/files/daniel-tigers-white-autographed-stitched-football-jersey-front.jpg?v=1761865262,3,"",,,,,,,,,,,,,,,
andre-reed-signed-hof-14-inscription-buffalo-red-bled-signature-football-jersey-jsa,Andre Reed Signed HOF 14 Inscription Buffalo Red Bled Signature Football Jersey (JSA),"<p>This custom stitched football jersey has been personally hand signed by Andre Reed and authenticated by a top 3rd party authentication company. All autographed sports collectibles are limited! Order now to add this timeless piece of football memorabilia to your collection before it’s gone.</p><ul>
<li>Hand signed Football jersey autographed by Andre Reed with HOF 14 inscription and authenticated by JSA</li>
<li>Includes a <em>Witnessed Protection Program</em> tamper-proof authentication sticker from JSA</li>
<li>90-day Satisfaction Guarantee: if you are not completely satisfied with your piece of memorabilia, return the item in its original condition and receive a full refund</li>
</ul>",RSA,,Autographed Football Jerseys,"Bills, FB, imported, inhouse, jersey, MYS_HOF, New Arrival, V",false,Title,Default Title,,,,,,,,RSA-12396,907.1989147615625,shopify,59,deny,manual,39.00,49.99,true,true,,,,,,https://cdn.shopify.com/s/files/1/0642/7842/9930/files/reed-bills-hof-14-bled-signature-red-autographed-stitched-football-jersey-back.jpg?v=1761778864,1,"",false,,,,,,,,oz,,25.00,true,,,draft
andre-reed-signed-hof-14-inscription-buffalo-red-bled-signature-football-jersey-jsa,,,,,,,,,,,,,,,,,,,,,,,,,,,,,,,,https://cdn.shopify.com/s/files/1/0642/7842/9930/files/reed-bills-hof-14-bled-signature-red-autographed-stitched-football-jersey-signature.jpg?v=1761778866,2,"",,,,,,,,,,,,,,,
andre-reed-signed-hof-14-inscription-buffalo-red-bled-signature-football-jersey-jsa,,,,,,,,,,,,,,,,,,,,,,,,,,,,,,,,https://cdn.shopify.com/s/files/1/0642/7842/9930/files/reed-bills-hof-14-bled-signature-red-autographed-stitched-football-jersey-front.jpg?v=1761778868,3,"",,,,,,,,,,,,,,,
andre-reed-signed-hof-14-inscription-buffalo-blue-football-jersey-jsa,Andre Reed Signed HOF 14 Inscription Buffalo Blue Football Jersey (JSA),"<p>This custom stitched football jersey has been personally hand signed by Andre Reed and authenticated by a top 3rd party authentication company. All autographed sports collectibles are limited! Order now to add this timeless piece of football memorabilia to your collection before it’s gone.</p>
<ul>
<li>Hand signed Football jersey autographed by Andre Reed with HOF 14 inscription and authenticated by JSA</li>
<li>Includes a <em>Witnessed Protection Program</em> tamper-proof authentication sticker from JSA</li>
<li>90-day Satisfaction Guarantee: if you are not completely satisfied with your piece of memorabilia, return the item in its original condition and receive a full refund</li>
</ul>",RSA,,Autographed Football Jerseys,"Bills, FB, imported, inhouse, jersey, MYS_HOF, New Arrival, V",false,Title,Default Title,,,,,,,,RSA-12403,907.1989147615625,shopify,20,deny,manual,45.00,64.99,true,true,,,,,,https://cdn.shopify.com/s/files/1/0642/7842/9930/files/reed-bills-hof-14-blue-autographed-stitched-football-jersey-back.jpg?v=1761778859,1,"",false,,,,,,,,oz,,25.00,true,,,draft
andre-reed-signed-hof-14-inscription-buffalo-blue-football-jersey-jsa,,,,,,,,,,,,,,,,,,,,,,,,,,,,,,,,https://cdn.shopify.com/s/files/1/0642/7842/9930/files/reed-bills-hof-14-blue-autographed-stitched-football-jersey-signature.jpg?v=1761778861,2,"",,,,,,,,,,,,,,,
andre-reed-signed-hof-14-inscription-buffalo-blue-football-jersey-jsa,,,,,,,,,,,,,,,,,,,,,,,,,,,,,,,,https://cdn.shopify.com/s/files/1/0642/7842/9930/files/reed-bills-hof-14-blue-autographed-stitched-football-jersey-front.jpg?v=1761778862,3,"",,,,,,,,,,,,,,,
walter-jones-signed-seattle-royal-blue-football-jersey-beckett,Walter Jones Signed Seattle Royal Blue Football Jersey (Beckett),"<p>This custom stitched football jersey has been personally hand signed by Walter Jones and authenticated by a top 3rd party authentication company. All autographed sports collectibles are limited! Order now to add this timeless piece of football memorabilia to your collection before it’s gone.</p><ul>
<li>Hand signed Football jersey autographed by Walter Jones and authenticated by Beckett</li>
<li>Includes a <em>Witnessed Protection Program</em> tamper-proof authentication sticker from Beckett</li>
<li>90-day Satisfaction Guarantee: if you are not completely satisfied with your piece of memorabilia, return the item in its original condition and receive a full refund</li>
</ul>",RSA,,Autographed Football Jerseys,"FB, imported, inhouse, jersey, MYS_HOF, New Arrival, Seahawks, V",true,Title,Default Title,,,,,,,,RSA-12375,907.1989147615625,shopify,18,deny,manual,45.00,59.99,true,true,,,,,,https://cdn.shopify.com/s/files/1/0642/7842/9930/files/jones-seahawks-royal-blue-autographed-stitched-football-jersey-back.jpg?v=1761174095,1,"",false,,,,,,,,oz,,27.00,true,,,active
walter-jones-signed-seattle-royal-blue-football-jersey-beckett,,,,,,,,,,,,,,,,,,,,,,,,,,,,,,,,https://cdn.shopify.com/s/files/1/0642/7842/9930/files/jones-seahawks-royal-blue-autographed-stitched-football-jersey-signature.jpg?v=1761174097,2,"",,,,,,,,,,,,,,,
walter-jones-signed-seattle-royal-blue-football-jersey-beckett,,,,,,,,,,,,,,,,,,,,,,,,,,,,,,,,https://cdn.shopify.com/s/files/1/0642/7842/9930/files/jones-seahawks-royal-blue-autographed-stitched-football-jersey-front.jpg?v=1761174099,3,"",,,,,,,,,,,,,,,
marcus-mcneill-signed-san-diego-navy-football-jersey-jsa,Marcus McNeill Signed San Diego Navy Football Jersey (JSA),"<p>This custom stitched football jersey has been personally hand signed by Marcus McNeill and authenticated by a top 3rd party authentication company. All autographed sports collectibles are limited! Order now to add this timeless piece of football memorabilia to your collection before it’s gone.</p><ul>
<li>Hand signed Football jersey autographed by Marcus McNeill and authenticated by JSA</li>
<li>Includes a tamper-proof authentication sticker from JSA</li>
<li>90-day Satisfaction Guarantee: if you are not completely satisfied with your piece of memorabilia, return the item in its original condition and receive a full refund</li>
</ul>",RSA,,Autographed Football Jerseys,"Chargers, FB, imported, inhouse, jersey, New Arrival, V",false,Title,Default Title,,,,,,,,RSA-12371,907.1989147615625,shopify,21,deny,manual,33.00,49.99,true,true,,,,,,https://cdn.shopify.com/s/files/1/0642/7842/9930/files/mcneill-chargers-navy-autographed-stitched-football-jersey-back.jpg?v=1761174073,1,"",false,,,,,,,,oz,,18.00,true,,,draft
marcus-mcneill-signed-san-diego-navy-football-jersey-jsa,,,,,,,,,,,,,,,,,,,,,,,,,,,,,,,,https://cdn.shopify.com/s/files/1/0642/7842/9930/files/mcneill-chargers-navy-autographed-stitched-football-jersey-signature.jpg?v=1761174075,2,"",,,,,,,,,,,,,,,
marcus-mcneill-signed-san-diego-navy-football-jersey-jsa,,,,,,,,,,,,,,,,,,,,,,,,,,,,,,,,https://cdn.shopify.com/s/files/1/0642/7842/9930/files/mcneill-chargers-navy-autographed-stitched-football-jersey-front.jpg?v=1761174077,3,"",,,,,,,,,,,,,,,
kevin-smith-signed-dallas-navy-football-jersey-jsa,Kevin Smith Signed Dallas Navy Football Jersey (JSA),"<p>This custom stitched football jersey has been personally hand signed by Kevin Smith and authenticated by a top 3rd party authentication company. All autographed sports collectibles are limited! Order now to add this timeless piece of football memorabilia to your collection before it’s gone.</p><ul>
<li>Hand signed Football jersey autographed by Kevin Smith and authenticated by JSA</li>
<li>Includes a <em>Witnessed Protection Program</em> tamper-proof authentication sticker from JSA</li>
<li>90-day Satisfaction Guarantee: if you are not completely satisfied with your piece of memorabilia, return the item in its original condition and receive a full refund</li>
</ul>",RSA,,Autographed Football Jerseys,"Cowboys, FB, imported, inhouse, jersey, New Arrival, V",false,Title,Default Title,,,,,,,,RSA-12369,907.1989147615625,shopify,8,deny,manual,39.00,54.99,true,true,,,,,,https://cdn.shopify.com/s/files/1/0642/7842/9930/files/smith-cowboys-navy-autographed-stitched-football-jersey-back.jpg?v=1761260473,1,"",false,,,,,,,,oz,,22.00,true,,,draft
kevin-smith-signed-dallas-navy-football-jersey-jsa,,,,,,,,,,,,,,,,,,,,,,,,,,,,,,,,https://cdn.shopify.com/s/files/1/0642/7842/9930/files/smith-cowboys-navy-autographed-stitched-football-jersey-signature.jpg?v=1761260474,2,"",,,,,,,,,,,,,,,
kevin-smith-signed-dallas-navy-football-jersey-jsa,,,,,,,,,,,,,,,,,,,,,,,,,,,,,,,,https://cdn.shopify.com/s/files/1/0642/7842/9930/files/smith-cowboys-navy-autographed-stitched-football-jersey-front.jpg?v=1761260476,3,"",,,,,,,,,,,,,,,
kaden-elliss-signed-john-3-16-inscription-atlanta-red-football-jersey-jsa,Kaden Elliss Signed John 3:16 Inscription Atlanta Red Football Jersey (JSA),"<p>This custom stitched football jersey has been personally hand signed by Kaden Elliss and authenticated by a top 3rd party authentication company. All autographed sports collectibles are limited! Order now to add this timeless piece of football memorabilia to your collection before it’s gone.</p><ul>
<li>Hand signed Football jersey autographed by Kaden Elliss with John 3:16 inscription and authenticated by JSA</li>
<li>Includes a <em>Witnessed Protection Program</em> tamper-proof authentication sticker from JSA</li>
<li>90-day Satisfaction Guarantee: if you are not completely satisfied with your piece of memorabilia, return the item in its original condition and receive a full refund</li>
</ul>",RSA,,Autographed Football Jerseys,"Current Star, Falcons, FB, imported, inhouse, jersey, New Arrival, V",true,Title,Default Title,,,,,,,,RSA-12362,907.1989147615625,shopify,36,deny,manual,45.00,59.99,true,true,,,,,,https://cdn.shopify.com/s/files/1/0642/7842/9930/files/elliss-falcons-john-3-16-red-autographed-stitched-football-jersey-back.jpg?v=1761087681,1,"",false,,,,,,,,oz,,25.00,true,,,active
kaden-elliss-signed-john-3-16-inscription-atlanta-red-football-jersey-jsa,,,,,,,,,,,,,,,,,,,,,,,,,,,,,,,,https://cdn.shopify.com/s/files/1/0642/7842/9930/files/elliss-falcons-john-3-16-red-autographed-stitched-football-jersey-signature.jpg?v=1761087683,2,"",,,,,,,,,,,,,,,
kaden-elliss-signed-john-3-16-inscription-atlanta-red-football-jersey-jsa,,,,,,,,,,,,,,,,,,,,,,,,,,,,,,,,https://cdn.shopify.com/s/files/1/0642/7842/9930/files/elliss-falcons-john-3-16-red-autographed-stitched-football-jersey-front.jpg?v=1761087684,3,"",,,,,,,,,,,,,,,
johnathan-franklin-signed-green-bay-white-football-jersey-jsa,Johnathan Franklin Signed Green Bay White Football Jersey (JSA),"<p>This custom stitched football jersey has been personally hand signed by Johnathan Franklin and authenticated by a top 3rd party authentication company. All autographed sports collectibles are limited! Order now to add this timeless piece of football memorabilia to your collection before it’s gone.</p><ul>
<li>Hand signed Football jersey autographed by Johnathan Franklin and authenticated by JSA</li>
<li>Includes a tamper-proof authentication sticker from JSA</li>
<li>90-day Satisfaction Guarantee: if you are not completely satisfied with your piece of memorabilia, return the item in its original condition and receive a full refund</li>
</ul>",RSA,,Autographed Football Jerseys,"FB, imported, inhouse, jersey, New Arrival, Packers, V",false,Title,Default Title,,,,,,,,RSA-12372,907.1989147615625,shopify,34,deny,manual,33.00,49.99,true,true,,,,,,https://cdn.shopify.com/s/files/1/0642/7842/9930/files/franklin-packers-white-autographed-stitched-football-jersey-back.jpg?v=1761087675,1,"",false,,,,,,,,oz,,25.00,true,,,draft
johnathan-franklin-signed-green-bay-white-football-jersey-jsa,,,,,,,,,,,,,,,,,,,,,,,,,,,,,,,,https://cdn.shopify.com/s/files/1/0642/7842/9930/files/franklin-packers-white-autographed-stitched-football-jersey-signature.jpg?v=1761087677,2,"",,,,,,,,,,,,,,,
johnathan-franklin-signed-green-bay-white-football-jersey-jsa,,,,,,,,,,,,,,,,,,,,,,,,,,,,,,,,https://cdn.shopify.com/s/files/1/0642/7842/9930/files/franklin-packers-white-autographed-stitched-football-jersey-front.jpg?v=1761087679,3,"",,,,,,,,,,,,,,,
jarvis-landry-signed-cleveland-brown-football-jersey-jsa,Jarvis Landry Signed Cleveland Brown Football Jersey (JSA),"<p>This custom stitched football jersey has been personally hand signed by Jarvis Landry and authenticated by a top 3rd party authentication company. All autographed sports collectibles are limited! Order now to add this timeless piece of football memorabilia to your collection before it’s gone.</p><ul>
<li>Hand signed Football jersey autographed by Jarvis Landry and authenticated by JSA</li>
<li>Includes a <em>Witnessed Protection Program</em> tamper-proof authentication sticker from JSA</li>
<li>90-day Satisfaction Guarantee: if you are not completely satisfied with your piece of memorabilia, return the item in its original condition and receive a full refund</li>
</ul>",RSA,,Autographed Football Jerseys,"Browns, FB, imported, inhouse, jersey, New Arrival, V",false,Title,Default Title,,,,,,,,RSA-12370,907.1989147615625,shopify,24,deny,manual,47.00,59.99,true,true,,,,,,https://cdn.shopify.com/s/files/1/0642/7842/9930/files/coming-soon-grande_1ac63e26-a5d2-4ac7-9004-ab462b2efe42.jpg?v=1759937807,1,"",false,,,,,,,,oz,,40.00,true,,,draft
jacoby-brissett-signed-new-england-navy-football-jersey-jsa,Jacoby Brissett Signed New England Navy Football Jersey (JSA),"<p>This custom stitched football jersey has been personally hand signed by Jacoby Brissett and authenticated by a top 3rd party authentication company. All autographed sports collectibles are limited! Order now to add this timeless piece of football memorabilia to your collection before it’s gone.</p><ul>
<li>Hand signed Football jersey autographed by Jacoby Brissett and authenticated by JSA</li>
<li>Includes a <em>Witnessed Protection Program</em> tamper-proof authentication sticker from JSA</li>
<li>90-day Satisfaction Guarantee: if you are not completely satisfied with your piece of memorabilia, return the item in its original condition and receive a full refund</li>
</ul>",RSA,,Autographed Football Jerseys,"FB, imported, inhouse, jersey, New Arrival, Patriots, V",false,Title,Default Title,,,,,,,,RSA-12368,907.1989147615625,shopify,24,deny,manual,43.00,59.99,true,true,,,,,,https://cdn.shopify.com/s/files/1/0642/7842/9930/files/brissett-patriots-blue-autographed-stitched-football-jersey-back.jpg?v=1761087669,1,"",false,,,,,,,,oz,,25.00,true,,,draft
jacoby-brissett-signed-new-england-navy-football-jersey-jsa,,,,,,,,,,,,,,,,,,,,,,,,,,,,,,,,https://cdn.shopify.com/s/files/1/0642/7842/9930/files/brissett-patriots-blue-autographed-stitched-football-jersey-signature.jpg?v=1761087671,2,"",,,,,,,,,,,,,,,
jacoby-brissett-signed-new-england-navy-football-jersey-jsa,,,,,,,,,,,,,,,,,,,,,,,,,,,,,,,,https://cdn.shopify.com/s/files/1/0642/7842/9930/files/brissett-patriots-blue-autographed-stitched-football-jersey-front.jpg?v=1761087673,3,"",,,,,,,,,,,,,,,
elijah-arroyo-signed-seattle-blue-game-style-football-jersey-jsa,Elijah Arroyo Signed Seattle Blue Game Style Football Jersey (JSA),"<p>This custom stitched football jersey has been personally hand signed by Elijah Arroyo and authenticated by a top 3rd party authentication company. All autographed sports collectibles are limited! Order now to add this timeless piece of football memorabilia to your collection before it’s gone.</p><ul>
<li>Hand signed Football jersey autographed by Elijah Arroyo and authenticated by JSA</li>
<li>Includes a <em>Witnessed Protection Program</em> tamper-proof authentication sticker from JSA</li>
<li>90-day Satisfaction Guarantee: if you are not completely satisfied with your piece of memorabilia, return the item in its original condition and receive a full refund</li>
</ul>",RSA,,Autographed Football Jerseys,"Current Star, FB, imported, inhouse, jersey, New Arrival, Seahawks, V",false,Title,Default Title,,,,,,,,RSA-12363,907.1989147615625,shopify,40,deny,manual,45.00,59.99,true,true,,,,,,https://cdn.shopify.com/s/files/1/0642/7842/9930/files/arroyo-seahawks-blue-autographed-stitched-football-jersey-back.jpg?v=1761087658,1,"",false,,,,,,,,oz,,25.00,true,,,active
elijah-arroyo-signed-seattle-blue-game-style-football-jersey-jsa,,,,,,,,,,,,,,,,,,,,,,,,,,,,,,,,https://cdn.shopify.com/s/files/1/0642/7842/9930/files/arroyo-seahawks-blue-autographed-stitched-football-jersey-signature.jpg?v=1761087660,2,"",,,,,,,,,,,,,,,
elijah-arroyo-signed-seattle-blue-game-style-football-jersey-jsa,,,,,,,,,,,,,,,,,,,,,,,,,,,,,,,,https://cdn.shopify.com/s/files/1/0642/7842/9930/files/arroyo-seahawks-blue-autographed-stitched-football-jersey-front.jpg?v=1761087662,3,"",,,,,,,,,,,,,,,
dwight-freeney-signed-indianapolis-blue-football-jersey-beckett,Dwight Freeney Signed Indianapolis Blue Football Jersey (Beckett),"<p>This custom stitched football jersey has been personally hand signed by Dwight Freeney and authenticated by a top 3rd party authentication company. All autographed sports collectibles are limited! Order now to add this timeless piece of football memorabilia to your collection before it’s gone.</p><ul>
<li>Hand signed Football jersey autographed by Dwight Freeney and authenticated by Beckett</li>
<li>Includes a <em>Witnessed Protection Program</em> tamper-proof authentication sticker from Beckett</li>
<li>90-day Satisfaction Guarantee: if you are not completely satisfied with your piece of memorabilia, return the item in its original condition and receive a full refund</li>
</ul>",RSA,,Autographed Football Jerseys,"Colts, FB, imported, inhouse, jersey, MYS_HOF, New Arrival, V",false,Title,Default Title,,,,,,,,RSA-12365,907.1989147615625,shopify,203,deny,manual,88.00,129.99,true,true,,,,,,https://cdn.shopify.com/s/files/1/0642/7842/9930/files/coming-soon-grande_35e87693-58b0-4ce3-bd6f-b84765aa959d.jpg?v=1759937793,1,"",false,,,,,,,,oz,,55.00,true,,,draft
dandre-swift-signed-detroit-grey-football-jersey-jsa,D'Andre Swift Signed Detroit Grey Football Jersey (JSA),"<p>This custom stitched football jersey has been personally hand signed by D'Andre Swift and authenticated by a top 3rd party authentication company. All autographed sports collectibles are limited! Order now to add this timeless piece of football memorabilia to your collection before it’s gone.</p><ul>
<li>Hand signed Football jersey autographed by D'Andre Swift and authenticated by JSA</li>
<li>Includes a tamper-proof authentication sticker from JSA</li>
<li>90-day Satisfaction Guarantee: if you are not completely satisfied with your piece of memorabilia, return the item in its original condition and receive a full refund</li>
</ul>",RSA,,Autographed Football Jerseys,"FB, imported, inhouse, jersey, Lions, New Arrival, V",false,Title,Default Title,,,,,,,,RSA-12364,907.1989147615625,shopify,35,deny,manual,35.00,49.99,true,true,,,,,,https://cdn.shopify.com/s/files/1/0642/7842/9930/files/swift-lions-grey-autographed-stitched-football-jersey-back.jpg?v=1761260462,1,"",false,,,,,,,,oz,,30.00,true,,,draft
dandre-swift-signed-detroit-grey-football-jersey-jsa,,,,,,,,,,,,,,,,,,,,,,,,,,,,,,,,https://cdn.shopify.com/s/files/1/0642/7842/9930/files/swift-lions-grey-autographed-stitched-football-jersey-signature.jpg?v=1761260464,2,"",,,,,,,,,,,,,,,
dandre-swift-signed-detroit-grey-football-jersey-jsa,,,,,,,,,,,,,,,,,,,,,,,,,,,,,,,,https://cdn.shopify.com/s/files/1/0642/7842/9930/files/swift-lions-grey-autographed-stitched-football-jersey-front.jpg?v=1761260465,3,"",,,,,,,,,,,,,,,
brian-jordan-signed-atlanta-red-football-jersey-beckett,Brian Jordan Signed Atlanta Red Football Jersey (Beckett),"<p>This custom stitched football jersey has been personally hand signed by Brian Jordan and authenticated by a top 3rd party authentication company. All autographed sports collectibles are limited! Order now to add this timeless piece of football memorabilia to your collection before it’s gone.</p><ul>
<li>Hand signed Football jersey autographed by Brian Jordan and authenticated by Beckett</li>
<li>Includes a <em>Witnessed Protection Program</em> tamper-proof authentication sticker from Beckett</li>
<li>90-day Satisfaction Guarantee: if you are not completely satisfied with your piece of memorabilia, return the item in its original condition and receive a full refund</li>
</ul>",RSA,,Autographed Football Jerseys,"Falcons, FB, imported, inhouse, jersey, New Arrival, V",false,Title,Default Title,,,,,,,,RSA-12367,907.1989147615625,shopify,37,deny,manual,53.00,69.99,true,true,,,,,,https://cdn.shopify.com/s/files/1/0642/7842/9930/files/jordan-falcons-red-autographed-stitched-football-jersey-back.jpg?v=1761174061,1,"",false,,,,,,,,oz,,35.00,true,,,draft
brian-jordan-signed-atlanta-red-football-jersey-beckett,,,,,,,,,,,,,,,,,,,,,,,,,,,,,,,,https://cdn.shopify.com/s/files/1/0642/7842/9930/files/jordan-falcons-red-autographed-stitched-football-jersey-signature.jpg?v=1761174063,2,"",,,,,,,,,,,,,,,
brian-jordan-signed-atlanta-red-football-jersey-beckett,,,,,,,,,,,,,,,,,,,,,,,,,,,,,,,,https://cdn.shopify.com/s/files/1/0642/7842/9930/files/jordan-falcons-red-autographed-stitched-football-jersey-front.jpg?v=1761174065,3,"",,,,,,,,,,,,,,,
alvin-harper-signed-dallas-navy-football-jersey-beckett,Alvin Harper Signed Dallas Navy Football Jersey (Beckett),"<p>This custom stitched football jersey has been personally hand signed by Alvin Harper and authenticated by a top 3rd party authentication company. All autographed sports collectibles are limited! Order now to add this timeless piece of football memorabilia to your collection before it’s gone.</p><ul>
<li>Hand signed Football jersey autographed by Alvin Harper and authenticated by Beckett</li>
<li>Includes a <em>Witnessed Protection Program</em> tamper-proof authentication sticker from Beckett</li>
<li>90-day Satisfaction Guarantee: if you are not completely satisfied with your piece of memorabilia, return the item in its original condition and receive a full refund</li>
</ul>",RSA,,Autographed Football Jerseys,"Cowboys, FB, imported, inhouse, jersey, New Arrival, V",false,Title,Default Title,,,,,,,,RSA-12366,907.1989147615625,shopify,6,deny,manual,43.00,59.99,true,true,,,,,,https://cdn.shopify.com/s/files/1/0642/7842/9930/files/harper-cowboys-blue-autographed-stitched-football-jersey-back.jpg?v=1761174056,1,"",false,,,,,,,,oz,,25.00,true,,,draft
alvin-harper-signed-dallas-navy-football-jersey-beckett,,,,,,,,,,,,,,,,,,,,,,,,,,,,,,,,https://cdn.shopify.com/s/files/1/0642/7842/9930/files/harper-cowboys-blue-autographed-stitched-football-jersey-signature.jpg?v=1761174058,2,"",,,,,,,,,,,,,,,
alvin-harper-signed-dallas-navy-football-jersey-beckett,,,,,,,,,,,,,,,,,,,,,,,,,,,,,,,,https://cdn.shopify.com/s/files/1/0642/7842/9930/files/harper-cowboys-blue-autographed-stitched-football-jersey-front.jpg?v=1761174060,3,"",,,,,,,,,,,,,,,
vince-papale-signed-silver-ink-new-york-white-silver-ink-football-jersey-jsa,Vince Papale Signed Silver Ink New York White Silver Ink Football Jersey (JSA),"<p>This custom stitched football jersey has been personally hand signed by Vince Papale and authenticated by a top 3rd party authentication company. All autographed sports collectibles are limited! Order now to add this timeless piece of football memorabilia to your collection before it’s gone.</p>
<ul>
<li>Hand signed Football jersey autographed by Vince Papale and authenticated by JSA</li>
<li>Includes a <em>Witnessed Protection Program</em> tamper-proof authentication sticker from JSA</li>
<li>90-day Satisfaction Guarantee: if you are not completely satisfied with your piece of memorabilia, return the item in its original condition and receive a full refund</li>
</ul>",RSA,,Autographed Football Jerseys,"FB, imported, inhouse, jersey, Jets, New Arrival, V",true,Title,Default Title,,,,,,,,RSA-12346,907.1989147615625,shopify,68,deny,manual,37.00,54.99,true,true,,,,,,https://cdn.shopify.com/s/files/1/0642/7842/9930/files/papale-jets-silver-ink-white-autographed-stitched-football-jersey-back.jpg?v=1760677303,1,"",false,,,,,,,,oz,,20.00,true,,,active
vince-papale-signed-silver-ink-new-york-white-silver-ink-football-jersey-jsa,,,,,,,,,,,,,,,,,,,,,,,,,,,,,,,,https://cdn.shopify.com/s/files/1/0642/7842/9930/files/papale-jets-silver-ink-white-autographed-stitched-football-jersey-signature.jpg?v=1760677305,2,"",,,,,,,,,,,,,,,
vince-papale-signed-silver-ink-new-york-white-silver-ink-football-jersey-jsa,,,,,,,,,,,,,,,,,,,,,,,,,,,,,,,,https://cdn.shopify.com/s/files/1/0642/7842/9930/files/papale-jets-silver-ink-white-autographed-stitched-football-jersey-front.jpg?v=1760677307,3,"",,,,,,,,,,,,,,,
roschon-johnson-signed-chicago-white-football-jersey-jsa,Roschon Johnson Signed Chicago White Football Jersey (JSA),"<p>This custom stitched football jersey has been personally hand signed by Roschon Johnson and authenticated by a top 3rd party authentication company. All autographed sports collectibles are limited! Order now to add this timeless piece of football memorabilia to your collection before it’s gone.</p><ul>
<li>Hand signed Football jersey autographed by Roschon Johnson and authenticated by JSA</li>
<li>Includes a <em>Witnessed Protection Program</em> tamper-proof authentication sticker from JSA</li>
<li>90-day Satisfaction Guarantee: if you are not completely satisfied with your piece of memorabilia, return the item in its original condition and receive a full refund</li>
</ul>",RSA,,Autographed Football Jerseys,"Bears, FB, imported, inhouse, jersey, New Arrival, V",true,Title,Default Title,,,,,,,,RSA-12353,907.1989147615625,shopify,55,deny,manual,45.00,59.99,true,true,,,,,,https://cdn.shopify.com/s/files/1/0642/7842/9930/files/johnson-bears-white-autographed-stitched-football-jersey-back.jpg?v=1760569323,1,"",false,,,,,,,,oz,,30.00,true,,,active
roschon-johnson-signed-chicago-white-football-jersey-jsa,,,,,,,,,,,,,,,,,,,,,,,,,,,,,,,,https://cdn.shopify.com/s/files/1/0642/7842/9930/files/johnson-bears-white-autographed-stitched-football-jersey-signature.jpg?v=1760569325,2,"",,,,,,,,,,,,,,,
roschon-johnson-signed-chicago-white-football-jersey-jsa,,,,,,,,,,,,,,,,,,,,,,,,,,,,,,,,https://cdn.shopify.com/s/files/1/0642/7842/9930/files/johnson-bears-white-autographed-stitched-football-jersey-front.jpg?v=1760569327,3,"",,,,,,,,,,,,,,,
riley-leonard-signed-indianapolis-blue-football-jersey-beckett,Riley Leonard Signed Indianapolis Blue Football Jersey (Beckett),"<p>This custom stitched football jersey has been personally hand signed by Riley Leonard and authenticated by a top 3rd party authentication company. All autographed sports collectibles are limited! Order now to add this timeless piece of football memorabilia to your collection before it’s gone.</p>
<ul>
<li>Hand signed Football jersey autographed by Riley Leonard and authenticated by Beckett</li>
<li>Includes a <em>Witnessed Protection Program</em> tamper-proof authentication sticker from Beckett</li>
<li>90-day Satisfaction Guarantee: if you are not completely satisfied with your piece of memorabilia, return the item in its original condition and receive a full refund</li>
</ul>",RSA,,Autographed Football Jerseys,"Colts, Current Star, FB, imported, inhouse, jersey, New Arrival, V",false,Title,Default Title,,,,,,,,RSA-12359,907.1989147615625,shopify,17,deny,manual,44.00,59.99,true,true,,,,,,https://cdn.shopify.com/s/files/1/0642/7842/9930/files/leonard-colts-blue-autographed-stitched-football-jersey-back_70e51dcd-053a-49ce-93d2-94b05cff8632.jpg?v=1760569317,1,"",false,,,,,,,,oz,,25.00,true,,,draft
riley-leonard-signed-indianapolis-blue-football-jersey-beckett,,,,,,,,,,,,,,,,,,,,,,,,,,,,,,,,https://cdn.shopify.com/s/files/1/0642/7842/9930/files/leonard-colts-blue-autographed-stitched-football-jersey-signature_0b90880e-10e6-40db-8653-17171f7bc714.jpg?v=1760569320,2,"",,,,,,,,,,,,,,,
riley-leonard-signed-indianapolis-blue-football-jersey-beckett,,,,,,,,,,,,,,,,,,,,,,,,,,,,,,,,https://cdn.shopify.com/s/files/1/0642/7842/9930/files/leonard-colts-blue-autographed-stitched-football-jersey-front_a95a5d95-0180-4f6d-88bf-bb3ee0ea02a3.jpg?v=1760569321,3,"",,,,,,,,,,,,,,,
michael-matthews-signed-sblxii-champs-inscription-new-york-white-football-jersey-jsa,Michael Matthews Signed New York White Football Jersey (JSA),"<p>This custom stitched football jersey has been personally hand signed by Michael Matthews and authenticated by a top 3rd party authentication company. All autographed sports collectibles are limited! Order now to add this timeless piece of football memorabilia to your collection before it’s gone.</p>
<ul>
<li>Hand signed Football jersey autographed by Michael Matthews and authenticated by JSA</li>
<li>Includes a tamper-proof authentication sticker from JSA</li>
<li>90-day Satisfaction Guarantee: if you are not completely satisfied with your piece of memorabilia, return the item in its original condition and receive a full refund</li>
</ul>",RSA,,Autographed Football Jerseys,"FB, Giants, imported, inhouse, jersey, New Arrival, V",true,Title,Default Title,,,,,,,,RSA-12341,907.1989147615625,shopify,9,deny,manual,45.00,59.99,true,true,,,,,,https://cdn.shopify.com/s/files/1/0642/7842/9930/files/matthews-giants-white-autographed-stitched-football-jersey-back.jpg?v=1760050878,1,"",false,,,,,,,,oz,,27.00,true,,,active
michael-matthews-signed-sblxii-champs-inscription-new-york-white-football-jersey-jsa,,,,,,,,,,,,,,,,,,,,,,,,,,,,,,,,https://cdn.shopify.com/s/files/1/0642/7842/9930/files/matthews-giants-white-autographed-stitched-football-jersey-signature.jpg?v=1760050880,2,"",,,,,,,,,,,,,,,
michael-matthews-signed-sblxii-champs-inscription-new-york-white-football-jersey-jsa,,,,,,,,,,,,,,,,,,,,,,,,,,,,,,,,https://cdn.shopify.com/s/files/1/0642/7842/9930/files/matthews-giants-white-autographed-stitched-football-jersey-front.jpg?v=1760050882,3,"",,,,,,,,,,,,,,,
martellus-bennett-signed-new-york-blue-football-jersey-jsa,Martellus Bennett Signed New York Blue Football Jersey (JSA),"<p>This custom stitched football jersey has been personally hand signed by Martellus Bennett and authenticated by a top 3rd party authentication company. All autographed sports collectibles are limited! Order now to add this timeless piece of football memorabilia to your collection before it’s gone.</p><ul>
<li>Hand signed Football jersey autographed by Martellus Bennett and authenticated by JSA</li>
<li>Includes a <em>Witnessed Protection Program</em> tamper-proof authentication sticker from JSA</li>
<li>90-day Satisfaction Guarantee: if you are not completely satisfied with your piece of memorabilia, return the item in its original condition and receive a full refund</li>
</ul>",RSA,,Autographed Football Jerseys,"FB, Giants, imported, inhouse, jersey, New Arrival, V",false,Title,Default Title,,,,,,,,RSA-12344,907.1989147615625,shopify,44,deny,manual,43.00,59.99,true,true,,,,,,https://cdn.shopify.com/s/files/1/0642/7842/9930/files/bennett-giants-blue-autographed-stitched-football-jersey-back.jpg?v=1760569306,1,"",false,,,,,,,,oz,,25.00,true,,,draft
martellus-bennett-signed-new-york-blue-football-jersey-jsa,,,,,,,,,,,,,,,,,,,,,,,,,,,,,,,,https://cdn.shopify.com/s/files/1/0642/7842/9930/files/bennett-giants-blue-autographed-stitched-football-jersey-signature.jpg?v=1760569308,2,"",,,,,,,,,,,,,,,
martellus-bennett-signed-new-york-blue-football-jersey-jsa,,,,,,,,,,,,,,,,,,,,,,,,,,,,,,,,https://cdn.shopify.com/s/files/1/0642/7842/9930/files/bennett-giants-blue-autographed-stitched-football-jersey-front.jpg?v=1760569310,3,"",,,,,,,,,,,,,,,
leveon-bell-signed-pittsburgh-black-football-jersey-jsa,Le'Veon Bell Signed Pittsburgh Black Football Jersey (JSA),"<p>This custom stitched football jersey has been personally hand signed by Le'Veon Bell and authenticated by a top 3rd party authentication company. All autographed sports collectibles are limited! Order now to add this timeless piece of football memorabilia to your collection before it’s gone.</p>
<ul>
<li>Hand signed Football jersey autographed by Le'Veon Bell and authenticated by JSA</li>
<li>Includes a <em>Witnessed Protection Program</em> tamper-proof authentication sticker from JSA</li>
<li>90-day Satisfaction Guarantee: if you are not completely satisfied with your piece of memorabilia, return the item in its original condition and receive a full refund</li>
</ul>",RSA,,Autographed Football Jerseys,"FB, imported, inhouse, jersey, New Arrival, Steelers, V",false,Title,Default Title,,,,,,,,RSA-12349,907.1989147615625,shopify,6,deny,manual,45.00,59.99,true,true,,,,,,https://cdn.shopify.com/s/files/1/0642/7842/9930/files/bell-steelers-black-autographed-stitched-football-jersey-back.jpg?v=1760569300,1,"",false,,,,,,,,oz,,25.00,true,,,draft
leveon-bell-signed-pittsburgh-black-football-jersey-jsa,,,,,,,,,,,,,,,,,,,,,,,,,,,,,,,,https://cdn.shopify.com/s/files/1/0642/7842/9930/files/bell-steelers-black-autographed-stitched-football-jersey-signature.jpg?v=1760569302,2,"",,,,,,,,,,,,,,,
leveon-bell-signed-pittsburgh-black-football-jersey-jsa,,,,,,,,,,,,,,,,,,,,,,,,,,,,,,,,https://cdn.shopify.com/s/files/1/0642/7842/9930/files/bell-steelers-black-autographed-stitched-football-jersey-front.jpg?v=1760569304,3,"",,,,,,,,,,,,,,,
justin-hardee-sr-signed-new-york-white-football-jersey-tristar,Justin Hardee Sr Signed New York White Football Jersey (Tristar),"<p>This custom stitched football jersey has been personally hand signed by Justin Hardee Sr and authenticated by a top 3rd party authentication company. All autographed sports collectibles are limited! Order now to add this timeless piece of football memorabilia to your collection before it’s gone.</p><ul>
<li>Hand signed Football jersey autographed by Justin Hardee Sr and authenticated by Tristar</li>
<li>Includes a tamper-proof authentication sticker from Tristar</li>
<li>90-day Satisfaction Guarantee: if you are not completely satisfied with your piece of memorabilia, return the item in its original condition and receive a full refund</li>
</ul>",RSA,,Autographed Football Jerseys,"FB, imported, inhouse, jersey, Jets, New Arrival, V",false,Title,Default Title,,,,,,,,RSA-12352,907.1989147615625,shopify,65,deny,manual,33.00,49.99,true,true,,,,,,https://cdn.shopify.com/s/files/1/0642/7842/9930/files/hardee-jets-white-autographed-stitched-football-jersey-back.jpg?v=1760569294,1,"",false,,,,,,,,oz,,23.00,true,,,draft
justin-hardee-sr-signed-new-york-white-football-jersey-tristar,,,,,,,,,,,,,,,,,,,,,,,,,,,,,,,,https://cdn.shopify.com/s/files/1/0642/7842/9930/files/hardee-jets-white-autographed-stitched-football-jersey-signature.jpg?v=1760569297,2,"",,,,,,,,,,,,,,,
justin-hardee-sr-signed-new-york-white-football-jersey-tristar,,,,,,,,,,,,,,,,,,,,,,,,,,,,,,,,https://cdn.shopify.com/s/files/1/0642/7842/9930/files/hardee-jets-white-autographed-stitched-football-jersey-front.jpg?v=1760569298,3,"",,,,,,,,,,,,,,,
justin-hardee-sr-signed-new-york-green-football-jersey-tristar,Justin Hardee Sr Signed New York Green Football Jersey (Tristar),"<p>This custom stitched football jersey has been personally hand signed by Justin Hardee Sr and authenticated by a top 3rd party authentication company. All autographed sports collectibles are limited! Order now to add this timeless piece of football memorabilia to your collection before it’s gone.</p><ul>
<li>Hand signed Football jersey autographed by Justin Hardee Sr and authenticated by Tristar</li>
<li>Includes a tamper-proof authentication sticker from Tristar</li>
<li>90-day Satisfaction Guarantee: if you are not completely satisfied with your piece of memorabilia, return the item in its original condition and receive a full refund</li>
</ul>",RSA,,Autographed Football Jerseys,"FB, imported, inhouse, jersey, Jets, New Arrival, V",false,Title,Default Title,,,,,,,,RSA-12351,907.1989147615625,shopify,57,deny,manual,33.00,49.99,true,true,,,,,,https://cdn.shopify.com/s/files/1/0642/7842/9930/files/hardee-jets-green-autographed-stitched-football-jersey-back.jpg?v=1760569288,1,"",false,,,,,,,,oz,,23.00,true,,,draft
justin-hardee-sr-signed-new-york-green-football-jersey-tristar,,,,,,,,,,,,,,,,,,,,,,,,,,,,,,,,https://cdn.shopify.com/s/files/1/0642/7842/9930/files/hardee-jets-green-autographed-stitched-football-jersey-signature.jpg?v=1760569290,2,"",,,,,,,,,,,,,,,
justin-hardee-sr-signed-new-york-green-football-jersey-tristar,,,,,,,,,,,,,,,,,,,,,,,,,,,,,,,,https://cdn.shopify.com/s/files/1/0642/7842/9930/files/hardee-jets-green-autographed-stitched-football-jersey-front.jpg?v=1760569292,3,"",,,,,,,,,,,,,,,
julian-love-signed-seattle-blue-football-jersey-jsa,Julian Love Signed Seattle Blue Football Jersey (JSA),"<p>This custom stitched football jersey has been personally hand signed by Julian Love and authenticated by a top 3rd party authentication company. All autographed sports collectibles are limited! Order now to add this timeless piece of football memorabilia to your collection before it’s gone.</p><ul>
<li>Hand signed Football jersey autographed by Julian Love and authenticated by JSA</li>
<li>Includes a <em>Witnessed Protection Program</em> tamper-proof authentication sticker from JSA</li>
<li>90-day Satisfaction Guarantee: if you are not completely satisfied with your piece of memorabilia, return the item in its original condition and receive a full refund</li>
</ul>",RSA,,Autographed Football Jerseys,"Current Star, FB, imported, inhouse, jersey, New Arrival, Seahawks, V",false,Title,Default Title,,,,,,,,RSA-12345,907.1989147615625,shopify,20,deny,manual,45.00,59.99,true,true,,,,,,https://cdn.shopify.com/s/files/1/0642/7842/9930/files/love-seahawks-blue-autographed-stitched-football-jersey-back.jpg?v=1760569283,1,"",false,,,,,,,,oz,,25.00,true,,,draft
julian-love-signed-seattle-blue-football-jersey-jsa,,,,,,,,,,,,,,,,,,,,,,,,,,,,,,,,https://cdn.shopify.com/s/files/1/0642/7842/9930/files/love-seahawks-blue-autographed-stitched-football-jersey-signature.jpg?v=1760569285,2,"",,,,,,,,,,,,,,,
julian-love-signed-seattle-blue-football-jersey-jsa,,,,,,,,,,,,,,,,,,,,,,,,,,,,,,,,https://cdn.shopify.com/s/files/1/0642/7842/9930/files/love-seahawks-blue-autographed-stitched-football-jersey-front.jpg?v=1760569286,3,"",,,,,,,,,,,,,,,
jamaar-chase-signed-cincinnati-orange-game-style-football-jersey-psa,Ja'Marr Chase Signed Cincinnati Orange Game Style Football Jersey (PSA),"<p>This custom stitched football jersey has been personally hand signed by Ja'Maar Chase and authenticated by a top 3rd party authentication company. All autographed sports collectibles are limited! Order now to add this timeless piece of football memorabilia to your collection before it’s gone.</p>
<ul>
<li>Hand signed Football jersey autographed by Ja'Maar Chase and authenticated by PSA</li>
<li>Includes a tamper-proof authentication sticker from PSA</li>
<li>90-day Satisfaction Guarantee: if you are not completely satisfied with your piece of memorabilia, return the item in its original condition and receive a full refund</li>
</ul>",RSA,,Autographed Football Jerseys,"Bengals, Current Star, FB, imported, inhouse, jersey, New Arrival, V",false,Title,Default Title,,,,,,,,RSA-12354,907.1989147615625,shopify,29,deny,manual,160.00,199.99,true,true,,,,,,https://cdn.shopify.com/s/files/1/0642/7842/9930/files/chase-bengals-orange-autographed-stitched-football-jersey-back_f52bc371-e96d-46d6-bf8d-d38f591cb7fb.jpg?v=1760569277,1,"",false,,,,,,,,oz,,100.00,true,,,draft
jamaar-chase-signed-cincinnati-orange-game-style-football-jersey-psa,,,,,,,,,,,,,,,,,,,,,,,,,,,,,,,,https://cdn.shopify.com/s/files/1/0642/7842/9930/files/chase-bengals-orange-autographed-stitched-football-jersey-signature_f5186ed5-f1d3-4932-9fc2-5393817ccbc6.jpg?v=1760569279,2,"",,,,,,,,,,,,,,,
jamaar-chase-signed-cincinnati-orange-game-style-football-jersey-psa,,,,,,,,,,,,,,,,,,,,,,,,,,,,,,,,https://cdn.shopify.com/s/files/1/0642/7842/9930/files/chase-bengals-orange-autographed-stitched-football-jersey-front_7484f65c-a297-4e35-a4b3-4d7329a54607.jpg?v=1760569281,3,"",,,,,,,,,,,,,,,
ej-speed-signed-indianapolis-blue-football-jersey-beckett,EJ Speed Signed Indianapolis Blue Football Jersey (Beckett),"<p>This custom stitched football jersey has been personally hand signed by EJ Speed and authenticated by a top 3rd party authentication company. All autographed sports collectibles are limited! Order now to add this timeless piece of football memorabilia to your collection before it’s gone.</p><ul>
<li>Hand signed Football jersey autographed by EJ Speed and authenticated by Beckett</li>
<li>Includes a <em>Witnessed Protection Program</em> tamper-proof authentication sticker from Beckett</li>
<li>90-day Satisfaction Guarantee: if you are not completely satisfied with your piece of memorabilia, return the item in its original condition and receive a full refund</li>
</ul>",RSA,,Autographed Football Jerseys,"Colts, FB, imported, inhouse, jersey, New Arrival, V",true,Title,Default Title,,,,,,,,RSA-12342,907.1989147615625,shopify,118,deny,manual,38.00,49.99,true,true,,,,,,https://cdn.shopify.com/s/files/1/0642/7842/9930/files/speed-colts-blue-autographed-stitched-football-jersey-back.jpg?v=1759532492,1,"",false,,,,,,,,oz,,23.00,true,,,active
ej-speed-signed-indianapolis-blue-football-jersey-beckett,,,,,,,,,,,,,,,,,,,,,,,,,,,,,,,,https://cdn.shopify.com/s/files/1/0642/7842/9930/files/speed-colts-blue-autographed-stitched-football-jersey-signature.jpg?v=1759532494,2,"",,,,,,,,,,,,,,,
ej-speed-signed-indianapolis-blue-football-jersey-beckett,,,,,,,,,,,,,,,,,,,,,,,,,,,,,,,,https://cdn.shopify.com/s/files/1/0642/7842/9930/files/speed-colts-blue-autographed-stitched-football-jersey-front.jpg?v=1759532495,3,"",,,,,,,,,,,,,,,
dj-moore-signed-chicago-blue-game-style-football-jersey-jsa,DJ Moore Signed Chicago Blue Game Style Football Jersey (JSA),"<p>This custom stitched football jersey has been personally hand signed by DJ Moore and authenticated by a top 3rd party authentication company. All autographed sports collectibles are limited! Order now to add this timeless piece of football memorabilia to your collection before it’s gone.</p><ul>
<li>Hand signed Football jersey autographed by DJ Moore and authenticated by JSA</li>
<li>Includes a tamper-proof authentication sticker from JSA</li>
<li>90-day Satisfaction Guarantee: if you are not completely satisfied with your piece of memorabilia, return the item in its original condition and receive a full refund</li>
</ul>",RSA,,Autographed Football Jerseys,"Bears, Current Star, FB, imported, inhouse, jersey, New Arrival, V",false,Title,Default Title,,,,,,,,RSA-12357,907.1989147615625,shopify,2,deny,manual,80.00,119.99,true,true,,,,,,https://cdn.shopify.com/s/files/1/0642/7842/9930/files/moore-bears-blue-autographed-stitched-football-jersey-back.jpg?v=1760677285,1,"",false,,,,,,,,oz,,50.00,true,,,draft
dj-moore-signed-chicago-blue-game-style-football-jersey-jsa,,,,,,,,,,,,,,,,,,,,,,,,,,,,,,,,https://cdn.shopify.com/s/files/1/0642/7842/9930/files/moore-bears-blue-autographed-stitched-football-jersey-signature.jpg?v=1760677287,2,"",,,,,,,,,,,,,,,
dj-moore-signed-chicago-blue-game-style-football-jersey-jsa,,,,,,,,,,,,,,,,,,,,,,,,,,,,,,,,https://cdn.shopify.com/s/files/1/0642/7842/9930/files/moore-bears-blue-autographed-stitched-football-jersey-front.jpg?v=1760677289,3,"",,,,,,,,,,,,,,,
dion-lewis-signed-new-england-white-football-jersey-jsa,Dion Lewis Signed New England White Football Jersey (JSA),"<p>This custom stitched football jersey has been personally hand signed by Dion Lewis and authenticated by a top 3rd party authentication company. All autographed sports collectibles are limited! Order now to add this timeless piece of football memorabilia to your collection before it’s gone.</p>
<ul>
<li>Hand signed Football jersey autographed by Dion Lewis and authenticated by JSA</li>
<li>Includes a <em>Witnessed Protection Program</em> tamper-proof authentication sticker from JSA</li>
<li>90-day Satisfaction Guarantee: if you are not completely satisfied with your piece of memorabilia, return the item in its original condition and receive a full refund</li>
</ul>",RSA,,Autographed Football Jerseys,"FB, imported, inhouse, jersey, New Arrival, Patriots, V",false,Title,Default Title,,,,,,,,RSA-12350,907.1989147615625,shopify,51,deny,manual,42.00,59.99,true,true,,,,,,https://cdn.shopify.com/s/files/1/0642/7842/9930/files/lewis-patriots-white-autographed-stitched-football-jersey-back.jpg?v=1760569271,1,"",false,,,,,,,,oz,,25.00,true,,,draft
dion-lewis-signed-new-england-white-football-jersey-jsa,,,,,,,,,,,,,,,,,,,,,,,,,,,,,,,,https://cdn.shopify.com/s/files/1/0642/7842/9930/files/lewis-patriots-white-autographed-stitched-football-jersey-signature.jpg?v=1760569273,2,"",,,,,,,,,,,,,,,
dion-lewis-signed-new-england-white-football-jersey-jsa,,,,,,,,,,,,,,,,,,,,,,,,,,,,,,,,https://cdn.shopify.com/s/files/1/0642/7842/9930/files/lewis-patriots-white-autographed-stitched-football-jersey-front.jpg?v=1760569275,3,"",,,,,,,,,,,,,,,
dandre-swift-signed-detroit-light-blue-football-jersey-jsa,D'Andre Swift Signed Detroit Light Blue Football Jersey (JSA),"<p>This custom stitched football jersey has been personally hand signed by D'Andre Swift and authenticated by a top 3rd party authentication company. All autographed sports collectibles are limited! Order now to add this timeless piece of football memorabilia to your collection before it’s gone.</p><ul>
<li>Hand signed Football jersey autographed by D'Andre Swift and authenticated by JSA</li>
<li>Includes a tamper-proof authentication sticker from JSA</li>
<li>90-day Satisfaction Guarantee: if you are not completely satisfied with your piece of memorabilia, return the item in its original condition and receive a full refund</li>
</ul>",RSA,,Autographed Football Jerseys,"FB, imported, inhouse, jersey, Lions, New Arrival, V",false,Title,Default Title,,,,,,,,RSA-12348,907.1989147615625,shopify,37,deny,manual,35.00,49.99,true,true,,,,,,https://cdn.shopify.com/s/files/1/0642/7842/9930/files/swift-lions-blue-autographed-stitched-football-jersey-back.jpg?v=1760677279,1,"",false,,,,,,,,oz,,35.00,true,,,draft
dandre-swift-signed-detroit-light-blue-football-jersey-jsa,,,,,,,,,,,,,,,,,,,,,,,,,,,,,,,,https://cdn.shopify.com/s/files/1/0642/7842/9930/files/swift-lions-blue-autographed-stitched-football-jersey-signature.jpg?v=1760677281,2,"",,,,,,,,,,,,,,,
dandre-swift-signed-detroit-light-blue-football-jersey-jsa,,,,,,,,,,,,,,,,,,,,,,,,,,,,,,,,https://cdn.shopify.com/s/files/1/0642/7842/9930/files/swift-lions-blue-autographed-stitched-football-jersey-front.jpg?v=1760677283,3,"",,,,,,,,,,,,,,,
colston-loveland-signed-chicago-white-game-style-football-jersey-jsa,Colston Loveland Signed Chicago White Game Style Football Jersey (JSA),"<p>This custom stitched football jersey has been personally hand signed by Colston Loveland and authenticated by a top 3rd party authentication company. All autographed sports collectibles are limited! Order now to add this timeless piece of football memorabilia to your collection before it’s gone.</p>
<ul>
<li>Hand signed Football jersey autographed by Colston Loveland and authenticated by JSA</li>
<li>Includes a tamper-proof authentication sticker from JSA</li>
<li>90-day Satisfaction Guarantee: if you are not completely satisfied with your piece of memorabilia, return the item in its original condition and receive a full refund</li>
</ul>",RSA,,Autographed Football Jerseys,"Bears, Current Star, FB, imported, inhouse, jersey, New Arrival, V",false,Title,Default Title,,,,,,,,RSA-12356,907.1989147615625,shopify,3,deny,manual,47.00,59.99,true,true,,,,,,https://cdn.shopify.com/s/files/1/0642/7842/9930/files/loveland-bears-white-autographed-stitched-football-jersey-back.jpg?v=1760677274,1,"",false,,,,,,,,oz,,27.00,true,,,draft
colston-loveland-signed-chicago-white-game-style-football-jersey-jsa,,,,,,,,,,,,,,,,,,,,,,,,,,,,,,,,https://cdn.shopify.com/s/files/1/0642/7842/9930/files/loveland-bears-white-autographed-stitched-football-jersey-signature.jpg?v=1760677276,2,"",,,,,,,,,,,,,,,
colston-loveland-signed-chicago-white-game-style-football-jersey-jsa,,,,,,,,,,,,,,,,,,,,,,,,,,,,,,,,https://cdn.shopify.com/s/files/1/0642/7842/9930/files/loveland-bears-white-autographed-stitched-football-jersey-front.jpg?v=1760677278,3,"",,,,,,,,,,,,,,,
charley-trippi-signed-hof-68-inscription-chicago-red-football-jersey-jsa,Charley Trippi Signed HOF 68 Inscription Chicago Red Football Jersey (JSA),"<p>This custom stitched football jersey has been personally hand signed by Charley Trippi and authenticated by a top 3rd party authentication company. All autographed sports collectibles are limited! Order now to add this timeless piece of football memorabilia to your collection before it’s gone.</p><ul>
<li>Hand signed Football jersey autographed by Charley Trippi with HOF 68 inscription and authenticated by JSA</li>
<li>Includes a <em>Witnessed Protection Program</em> tamper-proof authentication sticker from JSA</li>
<li>90-day Satisfaction Guarantee: if you are not completely satisfied with your piece of memorabilia, return the item in its original condition and receive a full refund</li>
</ul>",RSA,,Autographed Football Jerseys,"Cardinals, FB, imported, inhouse, jersey, MYS_HOF, New Arrival, V",false,Title,Default Title,,,,,,,,RSA-12347,907.1989147615625,shopify,76,deny,manual,39.00,59.99,true,true,,,,,,https://cdn.shopify.com/s/files/1/0642/7842/9930/files/trippi-cardinals-hof-68-red-autographed-stitched-football-jersey-back.jpg?v=1760677269,1,"",false,,,,,,,,oz,,20.00,true,,,draft
charley-trippi-signed-hof-68-inscription-chicago-red-football-jersey-jsa,,,,,,,,,,,,,,,,,,,,,,,,,,,,,,,,https://cdn.shopify.com/s/files/1/0642/7842/9930/files/trippi-cardinals-hof-68-red-autographed-stitched-football-jersey-signature.jpg?v=1760677270,2,"",,,,,,,,,,,,,,,
charley-trippi-signed-hof-68-inscription-chicago-red-football-jersey-jsa,,,,,,,,,,,,,,,,,,,,,,,,,,,,,,,,https://cdn.shopify.com/s/files/1/0642/7842/9930/files/trippi-cardinals-hof-68-red-autographed-stitched-football-jersey-front.jpg?v=1760677272,3,"",,,,,,,,,,,,,,,
bill-kilmer-signed-washington-red-football-jersey-jsa,Bill Kilmer Signed Washington Red Football Jersey (JSA),"<p>This custom stitched football jersey has been personally hand signed by Bill Kilmer and authenticated by a top 3rd party authentication company. All autographed sports collectibles are limited! Order now to add this timeless piece of football memorabilia to your collection before it’s gone.</p><ul>
<li>Hand signed Football jersey autographed by Bill Kilmer and authenticated by JSA</li>
<li>Includes a tamper-proof authentication sticker from JSA</li>
<li>90-day Satisfaction Guarantee: if you are not completely satisfied with your piece of memorabilia, return the item in its original condition and receive a full refund</li>
</ul>",RSA,,Autographed Football Jerseys,"FB, imported, inhouse, jersey, New Arrival, Redskins, V",false,Title,Default Title,,,,,,,,RSA-12343,907.1989147615625,shopify,44,deny,manual,44.00,59.99,true,true,,,,,,https://cdn.shopify.com/s/files/1/0642/7842/9930/files/kilmer-redskins-red-autographed-stitched-football-jersey-back.jpg?v=1760569261,1,"",false,,,,,,,,oz,,25.00,true,,,draft
bill-kilmer-signed-washington-red-football-jersey-jsa,,,,,,,,,,,,,,,,,,,,,,,,,,,,,,,,https://cdn.shopify.com/s/files/1/0642/7842/9930/files/kilmer-redskins-red-autographed-stitched-football-jersey-signature.jpg?v=1760569263,2,"",,,,,,,,,,,,,,,
aqib-talib-signed-denver-white-football-jersey-jsa,Aqib Talib Signed Denver White Football Jersey (JSA),"<p>This custom stitched football jersey has been personally hand signed by Aqib Talib and authenticated by a top 3rd party authentication company. All autographed sports collectibles are limited! Order now to add this timeless piece of football memorabilia to your collection before it’s gone.</p>
<ul>
<li>Hand signed Football jersey autographed by Aqib Talib and authenticated by JSA</li>
<li>Includes a <em>Witnessed Protection Program</em> tamper-proof authentication sticker from JSA</li>
<li>90-day Satisfaction Guarantee: if you are not completely satisfied with your piece of memorabilia, return the item in its original condition and receive a full refund</li>
</ul>",RSA,,Autographed Football Jerseys,"Broncos, FB, imported, inhouse, jersey, New Arrival, V",false,Title,Default Title,,,,,,,,RSA-12340,907.1989147615625,shopify,8,deny,manual,55.00,79.99,true,true,,,,,,https://cdn.shopify.com/s/files/1/0642/7842/9930/files/talib-broncos-white-autographed-stitched-football-jersey-back.jpg?v=1759532470,1,"",false,,,,,,,,oz,,40.00,true,,,draft
aqib-talib-signed-denver-white-football-jersey-jsa,,,,,,,,,,,,,,,,,,,,,,,,,,,,,,,,https://cdn.shopify.com/s/files/1/0642/7842/9930/files/talib-broncos-white-autographed-stitched-football-jersey-front.jpg?v=1759532472,2,"",,,,,,,,,,,,,,,
aqib-talib-signed-denver-white-football-jersey-jsa,,,,,,,,,,,,,,,,,,,,,,,,,,,,,,,,https://cdn.shopify.com/s/files/1/0642/7842/9930/files/talib-broncos-white-autographed-stitched-football-jersey-signature.jpg?v=1759532474,3,"",,,,,,,,,,,,,,,
travis-hunter-signed-jacksonville-teal-football-jersey-beckett,Travis Hunter Signed Jacksonville Teal Football Jersey (Beckett),"<p>This custom stitched football jersey has been personally hand signed by Travis Hunter and authenticated by a top 3rd party authentication company. All autographed sports collectibles are limited! Order now to add this timeless piece of football memorabilia to your collection before it’s gone.</p><ul>
<li>Hand signed Football jersey autographed by Travis Hunter and authenticated by Beckett</li>
<li>Includes a <em>Witnessed Protection Program</em> tamper-proof authentication sticker from Beckett</li>
<li>90-day Satisfaction Guarantee: if you are not completely satisfied with your piece of memorabilia, return the item in its original condition and receive a full refund</li>
</ul>",RSA,,Autographed Football Jerseys,"10-07-RSA, FB, imported, inhouse, Jaguars, jersey, New Arrival, V",true,Title,Default Title,,,,,,,,RSA-12337,907.1989147615625,shopify,14,deny,manual,260.00,400.00,true,true,,,,,,https://cdn.shopify.com/s/files/1/0642/7842/9930/files/hunter-jaguars-teal-autographed-stitched-football-jersey-back.jpg?v=1759532535,1,"",false,,,,,,,,oz,,175.00,true,,,active
travis-hunter-signed-jacksonville-teal-football-jersey-beckett,,,,,,,,,,,,,,,,,,,,,,,,,,,,,,,,https://cdn.shopify.com/s/files/1/0642/7842/9930/files/hunter-jaguars-teal-autographed-stitched-football-jersey-signature.jpg?v=1759532537,2,"",,,,,,,,,,,,,,,
travis-hunter-signed-jacksonville-teal-football-jersey-beckett,,,,,,,,,,,,,,,,,,,,,,,,,,,,,,,,https://cdn.shopify.com/s/files/1/0642/7842/9930/files/hunter-jaguars-teal-autographed-stitched-football-jersey-front.jpg?v=1759532539,3,"",,,,,,,,,,,,,,,
justin-jefferson-signed-minnesota-nike-authentic-grey-football-jersey-xl,Justin Jefferson Signed Minnesota Nike Authentic Grey Football Jersey (XL),"<p>This custom stitched football jersey has been personally hand signed by Justin Jefferson and authenticated by a top 3rd party authentication company. All autographed sports collectibles are limited! Order now to add this timeless piece of football memorabilia to your collection before it’s gone.</p><ul>
<li>Hand signed Football jersey autographed by Justin Jefferson and authenticated by XL</li>
<li>Includes a tamper-proof authentication sticker from XL</li>
<li>90-day Satisfaction Guarantee: if you are not completely satisfied with your piece of memorabilia, return the item in its original condition and receive a full refund</li>
</ul>",RSA,,Autographed Football Jerseys,"FB, imported, inhouse, jersey, New Arrival, V, Vikings",true,Title,Default Title,,,,,,,,RSA-12333,907.1989147615625,shopify,6,deny,manual,250.00,349.99,true,true,,,,,,https://cdn.shopify.com/s/files/1/0642/7842/9930/files/jefferson-vikings-grey-nike-authentic-autographed-stitched-football-jersey-back_f58f42ae-1b05-47cd-ab2f-727efb3d18ce.jpg?v=1759532509,1,"",false,,,,,,,,oz,,180.00,true,,,active
justin-jefferson-signed-minnesota-nike-authentic-grey-football-jersey-xl,,,,,,,,,,,,,,,,,,,,,,,,,,,,,,,,https://cdn.shopify.com/s/files/1/0642/7842/9930/files/jefferson-vikings-grey-nike-authentic-autographed-stitched-football-jersey-signature_55ac1161-ca39-4483-a7f6-f84731fb6089.jpg?v=1759532511,2,"",,,,,,,,,,,,,,,
justin-jefferson-signed-minnesota-nike-authentic-grey-football-jersey-xl,,,,,,,,,,,,,,,,,,,,,,,,,,,,,,,,https://cdn.shopify.com/s/files/1/0642/7842/9930/files/jefferson-vikings-grey-nike-authentic-autographed-stitched-football-jersey-front_2b4831f9-30ad-4dac-8793-ac2c49469731.jpg?v=1759532512,3,"",,,,,,,,,,,,,,,
justin-jefferson-signed-minnesota-nike-authentic-grey-football-jersey-medium,Justin Jefferson Signed Minnesota Nike Authentic Grey Football Jersey (Medium),"<p>This custom stitched football jersey has been personally hand signed by Justin Jefferson and authenticated by a top 3rd party authentication company. All autographed sports collectibles are limited! Order now to add this timeless piece of football memorabilia to your collection before it’s gone.</p><ul>
<li>Hand signed Football jersey autographed by Justin Jefferson and authenticated by Medium</li>
<li>Includes a tamper-proof authentication sticker from Medium</li>
<li>90-day Satisfaction Guarantee: if you are not completely satisfied with your piece of memorabilia, return the item in its original condition and receive a full refund</li>
</ul>",RSA,,Autographed Football Jerseys,"FB, imported, inhouse, jersey, New Arrival, V, Vikings",true,Title,Default Title,,,,,,,,RSA-12334,907.1989147615625,shopify,8,deny,manual,250.00,349.99,true,true,,,,,,https://cdn.shopify.com/s/files/1/0642/7842/9930/files/jefferson-vikings-grey-nike-authentic-autographed-stitched-football-jersey-back_e5bda567-2aad-4d4b-95ee-35fd4b35300d.jpg?v=1759532503,1,"",false,,,,,,,,oz,,180.00,true,,,active
justin-jefferson-signed-minnesota-nike-authentic-grey-football-jersey-medium,,,,,,,,,,,,,,,,,,,,,,,,,,,,,,,,https://cdn.shopify.com/s/files/1/0642/7842/9930/files/jefferson-vikings-grey-nike-authentic-autographed-stitched-football-jersey-signature_6c5b4675-4510-4672-a3dc-9d6f485cc91a.jpg?v=1759532505,2,"",,,,,,,,,,,,,,,
justin-jefferson-signed-minnesota-nike-authentic-grey-football-jersey-medium,,,,,,,,,,,,,,,,,,,,,,,,,,,,,,,,https://cdn.shopify.com/s/files/1/0642/7842/9930/files/jefferson-vikings-grey-nike-authentic-autographed-stitched-football-jersey-front_5a71bb33-3dba-4f9d-8230-e5be7e421b29.jpg?v=1759532507,3,"",,,,,,,,,,,,,,,
justin-jefferson-signed-minnesota-nike-authentic-grey-football-jersey-large,Justin Jefferson Signed Minnesota Nike Authentic Grey Football Jersey (Large),"<p>This custom stitched football jersey has been personally hand signed by Justin Jefferson and authenticated by a top 3rd party authentication company. All autographed sports collectibles are limited! Order now to add this timeless piece of football memorabilia to your collection before it’s gone.</p><ul>
<li>Hand signed Football jersey autographed by Justin Jefferson and authenticated by Large</li>
<li>Includes a tamper-proof authentication sticker from Large</li>
<li>90-day Satisfaction Guarantee: if you are not completely satisfied with your piece of memorabilia, return the item in its original condition and receive a full refund</li>
</ul>",RSA,,Autographed Football Jerseys,"FB, imported, inhouse, jersey, New Arrival, V, Vikings",true,Title,Default Title,,,,,,,,RSA-12335,907.1989147615625,shopify,14,deny,manual,250.00,349.99,true,true,,,,,,https://cdn.shopify.com/s/files/1/0642/7842/9930/files/jefferson-vikings-grey-nike-authentic-autographed-stitched-football-jersey-back.jpg?v=1759532497,1,"",false,,,,,,,,oz,,180.00,true,,,active
justin-jefferson-signed-minnesota-nike-authentic-grey-football-jersey-large,,,,,,,,,,,,,,,,,,,,,,,,,,,,,,,,https://cdn.shopify.com/s/files/1/0642/7842/9930/files/jefferson-vikings-grey-nike-authentic-autographed-stitched-football-jersey-signature.jpg?v=1759532499,2,"",,,,,,,,,,,,,,,
justin-jefferson-signed-minnesota-nike-authentic-grey-football-jersey-large,,,,,,,,,,,,,,,,,,,,,,,,,,,,,,,,https://cdn.shopify.com/s/files/1/0642/7842/9930/files/jefferson-vikings-grey-nike-authentic-autographed-stitched-football-jersey-front.jpg?v=1759532501,3,"",,,,,,,,,,,,,,,
jamien-sherwood-signed-new-york-green-football-jersey-beckett,Jamien Sherwood Signed New York Green Football Jersey (Beckett),"<p>This custom stitched football jersey has been personally hand signed by Jamien Sherwood and authenticated by a top 3rd party authentication company. All autographed sports collectibles are limited! Order now to add this timeless piece of football memorabilia to your collection before it’s gone.</p>
<ul>
<li>Hand signed Football jersey autographed by Jamien Sherwood and authenticated by Beckett</li>
<li>Includes a <em>Witnessed Protection Program</em> tamper-proof authentication sticker from Beckett</li>
<li>90-day Satisfaction Guarantee: if you are not completely satisfied with your piece of memorabilia, return the item in its original condition and receive a full refund</li>
</ul>",RSA,,Autographed Football Jerseys,"FB, imported, inhouse, jersey, Jets, New Arrival, V",true,Title,Default Title,,,,,,,,RSA-12336,907.1989147615625,shopify,43,deny,manual,58.00,79.99,true,true,,,,,,https://cdn.shopify.com/s/files/1/0642/7842/9930/files/sherwood-jets-green-autographed-stitched-football-jersey-back.jpg?v=1759446084,1,"",false,,,,,,,,oz,,40.00,true,,,active
jamien-sherwood-signed-new-york-green-football-jersey-beckett,,,,,,,,,,,,,,,,,,,,,,,,,,,,,,,,https://cdn.shopify.com/s/files/1/0642/7842/9930/files/sherwood-jets-green-autographed-stitched-football-jersey-signature.jpg?v=1759446086,2,"",,,,,,,,,,,,,,,
jamien-sherwood-signed-new-york-green-football-jersey-beckett,,,,,,,,,,,,,,,,,,,,,,,,,,,,,,,,https://cdn.shopify.com/s/files/1/0642/7842/9930/files/sherwood-jets-green-autographed-stitched-football-jersey-front.jpg?v=1759446088,3,"",,,,,,,,,,,,,,,
willie-gault-signed-chicago-white-football-jersey-jsa,Willie Gault Signed Chicago White Football Jersey (JSA),"<p>This custom stitched football jersey has been personally hand signed by Willie Gault and authenticated by a top 3rd party authentication company. All autographed sports collectibles are limited! Order now to add this timeless piece of football memorabilia to your collection before it’s gone.</p><ul>
<li>Hand signed Football jersey autographed by Willie Gault and authenticated by JSA</li>
<li>Includes a <em>Witnessed Protection Program</em> tamper-proof authentication sticker from JSA</li>
<li>90-day Satisfaction Guarantee: if you are not completely satisfied with your piece of memorabilia, return the item in its original condition and receive a full refund</li>
</ul>",RSA,,Autographed Football Jerseys,"10-07-RSA, Bears, FB, imported, inhouse, jersey, New Arrival, V",true,Title,Default Title,,,,,,,,RSA-12311,907.1989147615625,shopify,6,deny,manual,45.00,59.99,true,true,,,,,,https://cdn.shopify.com/s/files/1/0642/7842/9930/files/gault-bears-white-autographed-stitched-football-jersey-back_5fa7fec6-81bb-4c89-a282-30567c41e50f.jpg?v=1759532541,1,"",false,,,,,,,,oz,,25.00,true,,,active
willie-gault-signed-chicago-white-football-jersey-jsa,,,,,,,,,,,,,,,,,,,,,,,,,,,,,,,,https://cdn.shopify.com/s/files/1/0642/7842/9930/files/gault-bears-white-autographed-stitched-football-jersey-signature_d6690622-63fa-4fe2-8a0c-ad950399530f.jpg?v=1759532543,2,"",,,,,,,,,,,,,,,
willie-gault-signed-chicago-white-football-jersey-jsa,,,,,,,,,,,,,,,,,,,,,,,,,,,,,,,,https://cdn.shopify.com/s/files/1/0642/7842/9930/files/gault-bears-white-autographed-stitched-football-jersey-front_50d94b34-053e-4f57-9d78-d0fac94b962c.jpg?v=1759532544,3,"",,,,,,,,,,,,,,,
rashee-rice-signed-kansas-city-red-football-jersey-jsa,Rashee Rice Signed Kansas City Red Football Jersey (JSA),"<p>This custom stitched football jersey has been personally hand signed by Rashee Rice and authenticated by a top 3rd party authentication company. All autographed sports collectibles are limited! Order now to add this timeless piece of football memorabilia to your collection before it’s gone.</p><ul>
<li>Hand signed Football jersey autographed by Rashee Rice and authenticated by JSA</li>
<li>Includes a <em>Witnessed Protection Program</em> tamper-proof authentication sticker from JSA</li>
<li>90-day Satisfaction Guarantee: if you are not completely satisfied with your piece of memorabilia, return the item in its original condition and receive a full refund</li>
</ul>",RSA,,Autographed Football Jerseys,"10-07-RSA, Chiefs, Current Star, FB, imported, inhouse, jersey, New Arrival, V",true,Title,Default Title,,,,,,,,RSA-12309,907.1989147615625,shopify,59,deny,manual,90.00,119.99,true,true,,,,,,https://cdn.shopify.com/s/files/1/0642/7842/9930/files/rice-chiefs-red-autographed-stitched-football-jersey-back.jpg?v=1759532524,1,"",false,,,,,,,,oz,,65.00,true,,,active
rashee-rice-signed-kansas-city-red-football-jersey-jsa,,,,,,,,,,,,,,,,,,,,,,,,,,,,,,,,https://cdn.shopify.com/s/files/1/0642/7842/9930/files/rice-chiefs-red-autographed-stitched-football-jersey-signature.jpg?v=1759532526,2,"",,,,,,,,,,,,,,,
rashee-rice-signed-kansas-city-red-football-jersey-jsa,,,,,,,,,,,,,,,,,,,,,,,,,,,,,,,,https://cdn.shopify.com/s/files/1/0642/7842/9930/files/rice-chiefs-red-autographed-stitched-football-jersey-front.jpg?v=1759532527,3,"",,,,,,,,,,,,,,,
larry-johnson-signed-kansas-city-red-football-jersey-beckett,Larry Johnson Signed Kansas City Red Football Jersey (Beckett),"<p>This custom stitched football jersey has been personally hand signed by Larry Johnson and authenticated by a top 3rd party authentication company. All autographed sports collectibles are limited! Order now to add this timeless piece of football memorabilia to your collection before it’s gone.</p><ul>
<li>Hand signed Football jersey autographed by Larry Johnson and authenticated by Beckett</li>
<li>Includes a <em>Witnessed Protection Program</em> tamper-proof authentication sticker from Beckett</li>
<li>90-day Satisfaction Guarantee: if you are not completely satisfied with your piece of memorabilia, return the item in its original condition and receive a full refund</li>
</ul>",RSA,,Autographed Football Jerseys,"10-07-RSA, Chiefs, FB, imported, inhouse, jersey, New Arrival, V",true,Title,Default Title,,,,,,,,RSA-12316,907.1989147615625,shopify,21,deny,manual,52.00,69.99,true,true,,,,,,https://cdn.shopify.com/s/files/1/0642/7842/9930/files/johnson-chiefs-red-autographed-stitched-football-jersey-back.jpg?v=1759446113,1,"",false,,,,,,,,oz,,30.00,true,,,active
larry-johnson-signed-kansas-city-red-football-jersey-beckett,,,,,,,,,,,,,,,,,,,,,,,,,,,,,,,,https://cdn.shopify.com/s/files/1/0642/7842/9930/files/johnson-chiefs-red-autographed-stitched-football-jersey-signature.jpg?v=1759446115,2,"",,,,,,,,,,,,,,,
larry-johnson-signed-kansas-city-red-football-jersey-beckett,,,,,,,,,,,,,,,,,,,,,,,,,,,,,,,,https://cdn.shopify.com/s/files/1/0642/7842/9930/files/johnson-chiefs-red-autographed-stitched-football-jersey-front.jpg?v=1759446116,3,"",,,,,,,,,,,,,,,
kareem-hunt-signed-kansas-city-red-football-jersey-psa,Kareem Hunt Signed Kansas City Red Football Jersey (PSA),"<p>This custom stitched football jersey has been personally hand signed by Kareem Hunt and authenticated by a top 3rd party authentication company. All autographed sports collectibles are limited! Order now to add this timeless piece of football memorabilia to your collection before it’s gone.</p><ul>
<li>Hand signed Football jersey autographed by Kareem Hunt and authenticated by PSA</li>
<li>Includes a tamper-proof authentication sticker from PSA</li>
<li>90-day Satisfaction Guarantee: if you are not completely satisfied with your piece of memorabilia, return the item in its original condition and receive a full refund</li>
</ul>",RSA,Uncategorized,Autographed Football Jerseys,"10-07-RSA, Chiefs, Current Star, FB, imported, inhouse, jersey, New Arrival, V",true,Title,Default Title,,,,,,,,RSA-12310,907.1989147615625,shopify,8,deny,manual,48.00,79.99,true,true,,,,,,https://cdn.shopify.com/s/files/1/0642/7842/9930/files/hunt-chiefs-red-autographed-stitched-football-jersey-back.jpg?v=1759532514,1,"",false,,,,,,,,oz,,30.00,true,,,active
kareem-hunt-signed-kansas-city-red-football-jersey-psa,,,,,,,,,,,,,,,,,,,,,,,,,,,,,,,,https://cdn.shopify.com/s/files/1/0642/7842/9930/files/hunt-chiefs-red-autographed-stitched-football-jersey-signature.jpg?v=1759532516,2,"",,,,,,,,,,,,,,,
kareem-hunt-signed-kansas-city-red-football-jersey-psa,,,,,,,,,,,,,,,,,,,,,,,,,,,,,,,,https://cdn.shopify.com/s/files/1/0642/7842/9930/files/hunt-chiefs-red-autographed-stitched-football-jersey-front.jpg?v=1759532517,3,"",,,,,,,,,,,,,,,
jamien-sherwood-signed-new-york-white-football-jersey-beckett,Jamien Sherwood Signed New York White Football Jersey (Beckett),"<p>This custom stitched football jersey has been personally hand signed by Jamien Sherwood and authenticated by a top 3rd party authentication company. All autographed sports collectibles are limited! Order now to add this timeless piece of football memorabilia to your collection before it’s gone.</p><ul>
<li>Hand signed Football jersey autographed by Jamien Sherwood and authenticated by Beckett</li>
<li>Includes a <em>Witnessed Protection Program</em> tamper-proof authentication sticker from Beckett</li>
<li>90-day Satisfaction Guarantee: if you are not completely satisfied with your piece of memorabilia, return the item in its original condition and receive a full refund</li>
</ul>",RSA,,Autographed Football Jerseys,"10-07-RSA, Current Star, FB, imported, inhouse, jersey, Jets, New Arrival, V",true,Title,Default Title,,,,,,,,RSA-12314,907.1989147615625,shopify,8,deny,manual,58.00,79.99,true,true,,,,,,https://cdn.shopify.com/s/files/1/0642/7842/9930/files/sherwood-jets-white-autographed-stitched-football-jersey-back.jpg?v=1759446090,1,"",false,,,,,,,,oz,,40.00,true,,,active
jamien-sherwood-signed-new-york-white-football-jersey-beckett,,,,,,,,,,,,,,,,,,,,,,,,,,,,,,,,https://cdn.shopify.com/s/files/1/0642/7842/9930/files/sherwood-jets-white-autographed-stitched-football-jersey-signature.jpg?v=1759446092,2,"",,,,,,,,,,,,,,,
jamien-sherwood-signed-new-york-white-football-jersey-beckett,,,,,,,,,,,,,,,,,,,,,,,,,,,,,,,,https://cdn.shopify.com/s/files/1/0642/7842/9930/files/sherwood-jets-white-autographed-stitched-football-jersey-front.jpg?v=1759446094,3,"",,,,,,,,,,,,,,,
jamien-sherwood-signed-new-york-black-football-jersey-beckett,Jamien Sherwood Signed New York Black Football Jersey (Beckett),"<p>This custom stitched football jersey has been personally hand signed by Jamien Sherwood and authenticated by a top 3rd party authentication company. All autographed sports collectibles are limited! Order now to add this timeless piece of football memorabilia to your collection before it’s gone.</p>
<ul>
<li>Hand signed Football jersey autographed by Jamien Sherwood and authenticated by Beckett</li>
<li>Includes a <em>Witnessed Protection Program</em> tamper-proof authentication sticker from Beckett</li>
<li>90-day Satisfaction Guarantee: if you are not completely satisfied with your piece of memorabilia, return the item in its original condition and receive a full refund</li>
</ul>",RSA,,Autographed Football Jerseys,"10-07-RSA, Current Star, FB, imported, inhouse, jersey, Jets, New Arrival, V",true,Title,Default Title,,,,,,,,RSA-12313,907.1989147615625,shopify,8,deny,manual,58.00,79.99,true,true,,,,,,https://cdn.shopify.com/s/files/1/0642/7842/9930/files/sherwood-jets-black-autographed-stitched-football-jersey-back.jpg?v=1759446078,1,"",false,,,,,,,,oz,,40.00,true,,,active
jamien-sherwood-signed-new-york-black-football-jersey-beckett,,,,,,,,,,,,,,,,,,,,,,,,,,,,,,,,https://cdn.shopify.com/s/files/1/0642/7842/9930/files/sherwood-jets-black-autographed-stitched-football-jersey-signature.jpg?v=1759446080,2,"",,,,,,,,,,,,,,,
jamien-sherwood-signed-new-york-black-football-jersey-beckett,,,,,,,,,,,,,,,,,,,,,,,,,,,,,,,,https://cdn.shopify.com/s/files/1/0642/7842/9930/files/sherwood-jets-black-autographed-stitched-football-jersey-front.jpg?v=1759446082,3,"",,,,,,,,,,,,,,,
dion-lewis-signed-new-england-navy-football-jersey-jsa,Dion Lewis Signed New England Navy Football Jersey (JSA),"<p>This custom stitched football jersey has been personally hand signed by Dion Lewis and authenticated by a top 3rd party authentication company. All autographed sports collectibles are limited! Order now to add this timeless piece of football memorabilia to your collection before it’s gone.</p><ul>
<li>Hand signed Football jersey autographed by Dion Lewis and authenticated by JSA</li>
<li>Includes a <em>Witnessed Protection Program</em> tamper-proof authentication sticker from JSA</li>
<li>90-day Satisfaction Guarantee: if you are not completely satisfied with your piece of memorabilia, return the item in its original condition and receive a full refund</li>
</ul>",RSA,,Autographed Football Jerseys,"10-07-RSA, FB, imported, inhouse, jersey, New Arrival, Patriots, V",true,Title,Default Title,,,,,,,,RSA-12307,907.1989147615625,shopify,62,deny,manual,52.00,79.99,true,true,,,,,,https://cdn.shopify.com/s/files/1/0642/7842/9930/files/lewis-patriots-navy-autographed-stitched-football-jersey-back.jpg?v=1759532486,1,"",false,,,,,,,,oz,,30.00,true,,,active
dion-lewis-signed-new-england-navy-football-jersey-jsa,,,,,,,,,,,,,,,,,,,,,,,,,,,,,,,,https://cdn.shopify.com/s/files/1/0642/7842/9930/files/lewis-patriots-navy-autographed-stitched-football-jersey-signature.jpg?v=1759532488,2,"",,,,,,,,,,,,,,,
dion-lewis-signed-new-england-navy-football-jersey-jsa,,,,,,,,,,,,,,,,,,,,,,,,,,,,,,,,https://cdn.shopify.com/s/files/1/0642/7842/9930/files/lewis-patriots-navy-autographed-stitched-football-jersey-front.jpg?v=1759532490,3,"",,,,,,,,,,,,,,,
anthony-munoz-signed-cincinnati-orange-football-jersey-beckett,Anthony Munoz Signed Cincinnati Orange Football Jersey (Beckett),"<p>This custom stitched football jersey has been personally hand signed by Anthony Munoz and authenticated by a top 3rd party authentication company. All autographed sports collectibles are limited! Order now to add this timeless piece of football memorabilia to your collection before it’s gone.</p><ul>
<li>Hand signed Football jersey autographed by Anthony Munoz and authenticated by Beckett</li>
<li>Includes a <em>Witnessed Protection Program</em> tamper-proof authentication sticker from Beckett</li>
<li>90-day Satisfaction Guarantee: if you are not completely satisfied with your piece of memorabilia, return the item in its original condition and receive a full refund</li>
</ul>",RSA,,Autographed Football Jerseys,"10-07-RSA, Bengals, FB, imported, inhouse, jersey, New Arrival, V",true,Title,Default Title,,,,,,,,RSA-12308,907.1989147615625,shopify,40,deny,manual,55.00,69.99,true,true,,,,,,https://cdn.shopify.com/s/files/1/0642/7842/9930/files/munoz-bengals-orange-autographed-stitched-football-jersey-back.jpg?v=1759532463,1,"",false,,,,,,,,oz,,35.00,true,,,active
anthony-munoz-signed-cincinnati-orange-football-jersey-beckett,,,,,,,,,,,,,,,,,,,,,,,,,,,,,,,,https://cdn.shopify.com/s/files/1/0642/7842/9930/files/munoz-bengals-orange-autographed-stitched-football-jersey-signature.jpg?v=1759532466,2,"",,,,,,,,,,,,,,,
anthony-munoz-signed-cincinnati-orange-football-jersey-beckett,,,,,,,,,,,,,,,,,,,,,,,,,,,,,,,,https://cdn.shopify.com/s/files/1/0642/7842/9930/files/munoz-bengals-orange-autographed-stitched-football-jersey-front.jpg?v=1759532468,3,"",,,,,,,,,,,,,,,
ricky-williams-signed-signed-on-3-inscription-texas-college-orange-football-jersey-jsa,Ricky Williams Signed Signed on #3 Texas College Orange Football Jersey (JSA),"<p>This custom stitched football jersey has been personally hand signed by Ricky Williams and authenticated by a top 3rd party authentication company. All autographed sports collectibles are limited! Order now to add this timeless piece of football memorabilia to your collection before it’s gone.</p>
<ul>
<li>Hand signed Football jersey autographed by Ricky Williams authenticated by JSA</li>
<li>Includes a <em>Witnessed Protection Program</em> tamper-proof authentication sticker from JSA</li>
<li>90-day Satisfaction Guarantee: if you are not completely satisfied with your piece of memorabilia, return the item in its original condition and receive a full refund</li>
</ul>",RSA,,Autographed Football Jerseys,"FB, imported, inhouse, jersey, Longhorns, New Arrival, V",true,Title,Default Title,,,,,,,,RSA-12287,907.1989147615625,shopify,35,deny,manual,53.00,69.99,true,true,,,,,,https://cdn.shopify.com/s/files/1/0642/7842/9930/files/williams-longhorns-sig-on-three-orange-autographed-stitched-football-jersey-back.jpg?v=1759208475,1,"",false,,,,,,,,oz,,35.00,true,,,active
ricky-williams-signed-signed-on-3-inscription-texas-college-orange-football-jersey-jsa,,,,,,,,,,,,,,,,,,,,,,,,,,,,,,,,https://cdn.shopify.com/s/files/1/0642/7842/9930/files/williams-longhorns-sig-on-three-orange-autographed-stitched-football-jersey-signature.jpg?v=1759208476,2,"",,,,,,,,,,,,,,,
ricky-williams-signed-signed-on-3-inscription-texas-college-orange-football-jersey-jsa,,,,,,,,,,,,,,,,,,,,,,,,,,,,,,,,https://cdn.shopify.com/s/files/1/0642/7842/9930/files/williams-longhorns-sig-on-three-orange-autographed-stitched-football-jersey-front.jpg?v=1759208478,3,"",,,,,,,,,,,,,,,
mike-scifres-signed-san-diego-navy-football-jersey-jsa,Mike Scifres Signed San Diego Navy Football Jersey (JSA),"<p>This custom stitched football jersey has been personally hand signed by Mike Scifres and authenticated by a top 3rd party authentication company. All autographed sports collectibles are limited! Order now to add this timeless piece of football memorabilia to your collection before it’s gone.</p><ul>
<li>Hand signed Football jersey autographed by Mike Scifres and authenticated by JSA</li>
<li>Includes a tamper-proof authentication sticker from JSA</li>
<li>90-day Satisfaction Guarantee: if you are not completely satisfied with your piece of memorabilia, return the item in its original condition and receive a full refund</li>
</ul>",RSA,,Autographed Football Jerseys,"Chargers, FB, imported, inhouse, jersey, New Arrival, V",false,Title,Default Title,,,,,,,,RSA-12288,907.1989147615625,shopify,14,deny,manual,29.00,39.99,true,true,,,,,,https://cdn.shopify.com/s/files/1/0642/7842/9930/files/scifres-chargers-navy-autographed-stitched-football-jersey-back.jpg?v=1759273262,1,"",false,,,,,,,,oz,,18.00,true,,,draft
mike-scifres-signed-san-diego-navy-football-jersey-jsa,,,,,,,,,,,,,,,,,,,,,,,,,,,,,,,,https://cdn.shopify.com/s/files/1/0642/7842/9930/files/scifres-chargers-navy-autographed-stitched-football-jersey-signature.jpg?v=1759273264,2,"",,,,,,,,,,,,,,,
mike-scifres-signed-san-diego-navy-football-jersey-jsa,,,,,,,,,,,,,,,,,,,,,,,,,,,,,,,,https://cdn.shopify.com/s/files/1/0642/7842/9930/files/scifres-chargers-navy-autographed-stitched-football-jersey-front.jpg?v=1759273266,3,"",,,,,,,,,,,,,,,
larry-johnson-signed-kansas-city-white-football-jersey-beckett,Larry Johnson Signed Kansas City White Football Jersey (Beckett),"<p>This custom stitched football jersey has been personally hand signed by Larry Johnson and authenticated by a top 3rd party authentication company. All autographed sports collectibles are limited! Order now to add this timeless piece of football memorabilia to your collection before it’s gone.</p><ul>
<li>Hand signed Football jersey autographed by Larry Johnson and authenticated by Beckett</li>
<li>Includes a <em>Witnessed Protection Program</em> tamper-proof authentication sticker from Beckett</li>
<li>90-day Satisfaction Guarantee: if you are not completely satisfied with your piece of memorabilia, return the item in its original condition and receive a full refund</li>
</ul>",RSA,,Autographed Football Jerseys,"10-07-RSA, Chiefs, FB, imported, inhouse, jersey, New Arrival, V",true,Title,Default Title,,,,,,,,RSA-12289,907.1989147615625,shopify,45,deny,manual,52.00,69.99,true,true,,,,,,https://cdn.shopify.com/s/files/1/0642/7842/9930/files/johnson-chiefs-white-autographed-stitched-football-jersey-back.jpg?v=1759446118,1,"",false,,,,,,,,oz,,30.00,true,,,active
larry-johnson-signed-kansas-city-white-football-jersey-beckett,,,,,,,,,,,,,,,,,,,,,,,,,,,,,,,,https://cdn.shopify.com/s/files/1/0642/7842/9930/files/johnson-chiefs-white-autographed-stitched-football-jersey-signature.jpg?v=1759446120,2,"",,,,,,,,,,,,,,,
larry-johnson-signed-kansas-city-white-football-jersey-beckett,,,,,,,,,,,,,,,,,,,,,,,,,,,,,,,,https://cdn.shopify.com/s/files/1/0642/7842/9930/files/johnson-chiefs-white-autographed-stitched-football-jersey-front.jpg?v=1759446122,3,"",,,,,,,,,,,,,,,
larry-johnson-signed-kansas-city-black-football-jersey-beckett,Larry Johnson Signed Kansas City Black Football Jersey (Beckett),"<p>This custom stitched football jersey has been personally hand signed by Larry Johnson and authenticated by a top 3rd party authentication company. All autographed sports collectibles are limited! Order now to add this timeless piece of football memorabilia to your collection before it’s gone.</p><ul>
<li>Hand signed Football jersey autographed by Larry Johnson and authenticated by Beckett</li>
<li>Includes a <em>Witnessed Protection Program</em> tamper-proof authentication sticker from Beckett</li>
<li>90-day Satisfaction Guarantee: if you are not completely satisfied with your piece of memorabilia, return the item in its original condition and receive a full refund</li>
</ul>",RSA,,Autographed Football Jerseys,"10-07-RSA, Chiefs, FB, imported, inhouse, jersey, New Arrival, V",true,Title,Default Title,,,,,,,,RSA-12290,907.1989147615625,shopify,16,deny,manual,52.00,69.99,true,true,,,,,,https://cdn.shopify.com/s/files/1/0642/7842/9930/files/johnson-chiefs-black-autographed-stitched-football-jersey-back.jpg?v=1759446107,1,"",false,,,,,,,,oz,,30.00,true,,,active
larry-johnson-signed-kansas-city-black-football-jersey-beckett,,,,,,,,,,,,,,,,,,,,,,,,,,,,,,,,https://cdn.shopify.com/s/files/1/0642/7842/9930/files/johnson-chiefs-black-autographed-stitched-football-jersey-signature.jpg?v=1759446109,2,"",,,,,,,,,,,,,,,
larry-johnson-signed-kansas-city-black-football-jersey-beckett,,,,,,,,,,,,,,,,,,,,,,,,,,,,,,,,https://cdn.shopify.com/s/files/1/0642/7842/9930/files/johnson-chiefs-black-autographed-stitched-football-jersey-front.jpg?v=1759446111,3,"",,,,,,,,,,,,,,,
steph-curry-authentic-golden-state-warriors-white-xxxl-unsigned-fanatics-basketball-jersey,Chase Blackburn Signed Carolina Blue Football Jersey (JSA),"<p>This custom stitched football jersey has been personally hand signed by Chase Blackburn and authenticated by a top 3rd party authentication company. All autographed sports collectibles are limited! Order now to add this timeless piece of football memorabilia to your collection before it’s gone.</p><ul>
<li>Hand signed Football jersey autographed by Chase Blackburn and authenticated by JSA</li>
<li>Includes a tamper-proof authentication sticker from JSA</li>
<li>90-day Satisfaction Guarantee: if you are not completely satisfied with your piece of memorabilia, return the item in its original condition and receive a full refund</li>
</ul>",RSA,Uncategorized,Autographed Football Jerseys,"10-07-RSA, FB, imported, inhouse, jersey, New Arrival, Panthers, V",true,Title,Default Title,,,,,,,,RSA-12183,907.1989147615625,shopify,9,deny,manual,35.00,44.99,true,true,,,,,,https://cdn.shopify.com/s/files/1/0642/7842/9930/files/blackburn-panthers-blue-autographed-stitched-football-jersey-back.jpg?v=1757631668,1,"",false,,,,,,,,oz,,20.00,true,,,active
steph-curry-authentic-golden-state-warriors-white-xxxl-unsigned-fanatics-basketball-jersey,,,,,,,,,,,,,,,,,,,,,,,,,,,,,,,,https://cdn.shopify.com/s/files/1/0642/7842/9930/files/blackburn-panthers-blue-autographed-stitched-football-jersey-signature.jpg?v=1757631670,2,"",,,,,,,,,,,,,,,
steph-curry-authentic-golden-state-warriors-white-xxxl-unsigned-fanatics-basketball-jersey,,,,,,,,,,,,,,,,,,,,,,,,,,,,,,,,https://cdn.shopify.com/s/files/1/0642/7842/9930/files/blackburn-panthers-blue-autographed-stitched-football-jersey-front.jpg?v=1757631672,3,"",,,,,,,,,,,,,,,
aaron-donald-authentic-los-angeles-rams-salute-large-unsigned-nike-football-jersey,Chase Blackburn Signed Carolina Black Football Jersey (JSA),"<p>This custom stitched football jersey has been personally hand signed by Chase Blackburn and authenticated by a top 3rd party authentication company. All autographed sports collectibles are limited! Order now to add this timeless piece of football memorabilia to your collection before it’s gone.</p><ul>
<li>Hand signed Football jersey autographed by Chase Blackburn and authenticated by JSA</li>
<li>Includes a tamper-proof authentication sticker from JSA</li>
<li>90-day Satisfaction Guarantee: if you are not completely satisfied with your piece of memorabilia, return the item in its original condition and receive a full refund</li>
</ul>",RSA,Uncategorized,Autographed Football Jerseys,"10-07-RSA, FB, imported, inhouse, jersey, New Arrival, Panthers, V",true,Title,Default Title,,,,,,,,RSA-12184,907.1989147615625,shopify,5,deny,manual,35.00,44.99,true,true,,,,,,https://cdn.shopify.com/s/files/1/0642/7842/9930/files/blackburn-panthers-black-autographed-stitched-football-jersey-back.jpg?v=1757631662,1,"",false,,,,,,,,oz,,20.00,true,,,active
aaron-donald-authentic-los-angeles-rams-salute-large-unsigned-nike-football-jersey,,,,,,,,,,,,,,,,,,,,,,,,,,,,,,,,https://cdn.shopify.com/s/files/1/0642/7842/9930/files/blackburn-panthers-black-autographed-stitched-football-jersey-signature.jpg?v=1757631664,2,"",,,,,,,,,,,,,,,
aaron-donald-authentic-los-angeles-rams-salute-large-unsigned-nike-football-jersey,,,,,,,,,,,,,,,,,,,,,,,,,,,,,,,,https://cdn.shopify.com/s/files/1/0642/7842/9930/files/blackburn-panthers-black-autographed-stitched-football-jersey-front.jpg?v=1757631666,3,"",,,,,,,,,,,,,,,
orlando-pace-signed-st-louis-blue-football-jersey-beckett,Orlando Pace Signed St. Louis Blue Football Jersey (Beckett),"<p>This custom stitched football jersey has been personally hand signed by Orlando Pace and authenticated by a top 3rd party authentication company. All autographed sports collectibles are limited! Order now to add this timeless piece of football memorabilia to your collection before it’s gone.</p><ul>
<li>Hand signed Football jersey autographed by Orlando Pace and authenticated by Beckett</li>
<li>Includes a <em>Witnessed Protection Program</em> tamper-proof authentication sticker from Beckett</li>
<li>90-day Satisfaction Guarantee: if you are not completely satisfied with your piece of memorabilia, return the item in its original condition and receive a full refund</li>
</ul>",RSA,Uncategorized,Autographed Football Jerseys,"10-07-RSA, FB, imported, inhouse, jersey, New Arrival, Rams, V",true,Title,Default Title,,,,,,,,RSA-12165,907.1989147615625,shopify,11,deny,manual,46.00,64.99,true,true,,,,,,https://cdn.shopify.com/s/files/1/0642/7842/9930/files/pace-rams-blue-autographed-stitched-football-jersey-back.jpg?v=1756763181,1,"",false,,,,,,,,oz,,27.00,true,,,active
orlando-pace-signed-st-louis-blue-football-jersey-beckett,,,,,,,,,,,,,,,,,,,,,,,,,,,,,,,,https://cdn.shopify.com/s/files/1/0642/7842/9930/files/pace-rams-blue-autographed-stitched-baseball-jersey-signature.jpg?v=1756763181,2,"",,,,,,,,,,,,,,,
orlando-pace-signed-st-louis-blue-football-jersey-beckett,,,,,,,,,,,,,,,,,,,,,,,,,,,,,,,,https://cdn.shopify.com/s/files/1/0642/7842/9930/files/pace-rams-blue-autographed-stitched-baseball-jersey-front.jpg?v=1756763181,3,"",,,,,,,,,,,,,,,
devin-hester-signed-chicago-white-blitz-football-jersey-beckett,Devin Hester Signed Chicago White Football Jersey (Beckett),"<p>This custom stitched football jersey has been personally hand signed by Devin Hester and authenticated by a top 3rd party authentication company. All autographed sports collectibles are limited! Order now to add this timeless piece of football memorabilia to your collection before it’s gone.</p><ul>
<li>Hand signed Football jersey autographed by Devin Hester and authenticated by Beckett</li>
<li>Includes a <em>Witnessed Protection Program</em> tamper-proof authentication sticker from Beckett</li>
<li>90-day Satisfaction Guarantee: if you are not completely satisfied with your piece of memorabilia, return the item in its original condition and receive a full refund</li>
</ul>",RSA,Uncategorized,Autographed Football Jerseys,"10-07-RSA, Bears, FB, imported, inhouse, jersey, New Arrival, V",true,Title,Default Title,,,,,,,,RSA-12159,907.1989147615625,shopify,9,deny,manual,85.00,119.99,true,true,,,,,,https://cdn.shopify.com/s/files/1/0642/7842/9930/files/hester-bears-white-blitz-autographed-stitched-football-jersey-back.jpg?v=1756763182,1,"",false,,,,,,,,oz,,55.00,true,,,active
devin-hester-signed-chicago-white-blitz-football-jersey-beckett,,,,,,,,,,,,,,,,,,,,,,,,,,,,,,,,https://cdn.shopify.com/s/files/1/0642/7842/9930/files/hester-bears-white-blitz-autographed-stitched-football-jersey-signature.jpg?v=1756763182,2,"",,,,,,,,,,,,,,,
devin-hester-signed-chicago-white-blitz-football-jersey-beckett,,,,,,,,,,,,,,,,,,,,,,,,,,,,,,,,https://cdn.shopify.com/s/files/1/0642/7842/9930/files/hester-bears-white-blitz-autographed-stitched-football-jersey-front.jpg?v=1756763182,3,"",,,,,,,,,,,,,,,
vince-wilfork-signed-miami-college-orange-football-jersey-beckett,Vince Wilfork Signed Miami College Orange Football Jersey (Beckett),"<p>This custom stitched football jersey has been personally hand signed by Vince Wilfork and authenticated by a top 3rd party authentication company. All autographed sports collectibles are limited! Order now to add this timeless piece of football memorabilia to your collection before it’s gone.</p><ul>
<li>Hand signed Football jersey autographed by Vince Wilfork and authenticated by Beckett</li>
<li>Includes a <em>Witnessed Protection Program</em> tamper-proof authentication sticker from Beckett</li>
<li>90-day Satisfaction Guarantee: if you are not completely satisfied with your piece of memorabilia, return the item in its original condition and receive a full refund</li>
</ul>",RSA,Uncategorized,Autographed Football Jerseys,"10-07-RSA, FB, Hurricanes, imported, inhouse, jersey, New Arrival, V",true,Title,Default Title,,,,,,,,RSA-12133,907.1989147615625,shopify,23,deny,manual,73.00,119.99,true,true,,,,,,https://cdn.shopify.com/s/files/1/0642/7842/9930/files/wilfork-hurricanes-orange-autographed-stitched-football-jersey-back.jpg?v=1756763183,1,"",false,,,,,,,,oz,,50.00,true,,,active
vince-wilfork-signed-miami-college-orange-football-jersey-beckett,,,,,,,,,,,,,,,,,,,,,,,,,,,,,,,,https://cdn.shopify.com/s/files/1/0642/7842/9930/files/wilfork-hurricanes-orange-autographed-stitched-football-jersey-signature.jpg?v=1756763183,2,"",,,,,,,,,,,,,,,
vince-wilfork-signed-miami-college-orange-football-jersey-beckett,,,,,,,,,,,,,,,,,,,,,,,,,,,,,,,,https://cdn.shopify.com/s/files/1/0642/7842/9930/files/wilfork-hurricanes-orange-autographed-stitched-football-jersey-front.jpg?v=1756763183,3,"",,,,,,,,,,,,,,,
vince-wilfork-signed-miami-college-green-football-jersey-beckett,Vince Wilfork Signed Miami College Green Football Jersey (Beckett),"<p>This custom stitched football jersey has been personally hand signed by Vince Wilfork and authenticated by a top 3rd party authentication company. All autographed sports collectibles are limited! Order now to add this timeless piece of football memorabilia to your collection before it’s gone.</p><ul>
<li>Hand signed Football jersey autographed by Vince Wilfork and authenticated by Beckett</li>
<li>Includes a <em>Witnessed Protection Program</em> tamper-proof authentication sticker from Beckett</li>
<li>90-day Satisfaction Guarantee: if you are not completely satisfied with your piece of memorabilia, return the item in its original condition and receive a full refund</li>
</ul>",RSA,Uncategorized,Autographed Football Jerseys,"10-07-RSA, FB, Hurricanes, imported, inhouse, jersey, New Arrival, V",true,Title,Default Title,,,,,,,,RSA-12131,907.1989147615625,shopify,16,deny,manual,73.00,119.99,true,true,,,,,,https://cdn.shopify.com/s/files/1/0642/7842/9930/files/wilfork-hurricanes-green-autographed-stitched-football-jersey-back.jpg?v=1756763184,1,"",false,,,,,,,,oz,,50.00,true,,,active
vince-wilfork-signed-miami-college-green-football-jersey-beckett,,,,,,,,,,,,,,,,,,,,,,,,,,,,,,,,https://cdn.shopify.com/s/files/1/0642/7842/9930/files/wilfork-hurricanes-green-autographed-stitched-football-jersey-signature.jpg?v=1756763184,2,"",,,,,,,,,,,,,,,
vince-wilfork-signed-miami-college-green-football-jersey-beckett,,,,,,,,,,,,,,,,,,,,,,,,,,,,,,,,https://cdn.shopify.com/s/files/1/0642/7842/9930/files/wilfork-hurricanes-green-autographed-stitched-football-jersey-front.jpg?v=1756763184,3,"",,,,,,,,,,,,,,,
kurt-warner-signed-st-louis-navy-football-jersey-jsa,Kurt Warner Signed St Louis Navy Football Jersey (JSA),"<p>This custom stitched football jersey has been personally hand signed by Kurt Warner and authenticated by a top 3rd party authentication company. All autographed sports collectibles are limited! Order now to add this timeless piece of football memorabilia to your collection before it’s gone.</p><ul>
<li>Hand signed Football jersey autographed by Kurt Warner and authenticated by JSA</li>
<li>Includes a <em>Witnessed Protection Program</em> tamper-proof authentication sticker from JSA</li>
<li>90-day Satisfaction Guarantee: if you are not completely satisfied with your piece of memorabilia, return the item in its original condition and receive a full refund</li>
</ul>",RSA,,Autographed Football Jerseys,"10-07-RSA, FB, imported, inhouse, jersey, MYS_HOF, New Arrival, Rams, V",true,Title,Default Title,,,,,,,,RSA-12134,907.1989147615625,shopify,2,deny,manual,100.00,149.99,true,true,,,,,,https://cdn.shopify.com/s/files/1/0642/7842/9930/files/warner-rams-navy-autographed-stitched-football-jersey-back.jpg?v=1756763185,1,"",false,,,,,,,,oz,,75.00,true,,,active
kurt-warner-signed-st-louis-navy-football-jersey-jsa,,,,,,,,,,,,,,,,,,,,,,,,,,,,,,,,https://cdn.shopify.com/s/files/1/0642/7842/9930/files/warner-rams-navy-autographed-stitched-football-jersey-signature.jpg?v=1756763185,2,"",,,,,,,,,,,,,,,
kurt-warner-signed-st-louis-navy-football-jersey-jsa,,,,,,,,,,,,,,,,,,,,,,,,,,,,,,,,https://cdn.shopify.com/s/files/1/0642/7842/9930/files/warner-rams-navy-autographed-stitched-football-jersey-front.jpg?v=1756763185,3,"",,,,,,,,,,,,,,,
vince-wilfork-signed-new-england-navy-football-jersey-beckett,Vince Wilfork Signed New England Navy Football Jersey (Beckett),"<p>This custom stitched football jersey has been personally hand signed by Vince Wilfork and authenticated by a top 3rd party authentication company. All autographed sports collectibles are limited! Order now to add this timeless piece of football memorabilia to your collection before it’s gone.</p><ul>
<li>Hand signed Football jersey autographed by Vince Wilfork and authenticated by Beckett</li>
<li>Includes a <em>Witnessed Protection Program</em> tamper-proof authentication sticker from Beckett</li>
<li>90-day Satisfaction Guarantee: if you are not completely satisfied with your piece of memorabilia, return the item in its original condition and receive a full refund</li>
</ul>",RSA,,Autographed Football Jerseys,"08-14-RSA, FB, inhouse, jersey, New Arrival, Patriots, V",true,Title,Default Title,,,,,,,,RSA-12130,907.1989147615625,shopify,88,deny,manual,73.00,119.99,true,true,,,,,,https://cdn.shopify.com/s/files/1/0642/7842/9930/files/wilfork-patriots-blue-autographed-stitched-football-jersey-back_87f7baad-66e8-4871-bba4-41352314e0f5.jpg?v=1756763186,1,"",false,,,,,,,,oz,,50.00,true,,,active
vince-wilfork-signed-new-england-navy-football-jersey-beckett,,,,,,,,,,,,,,,,,,,,,,,,,,,,,,,,https://cdn.shopify.com/s/files/1/0642/7842/9930/files/wilfork-patriots-blue-autographed-stitched-football-jersey-signature_74526971-0840-4e20-8963-c9f601fd9f37.jpg?v=1756763186,2,"",,,,,,,,,,,,,,,
vince-wilfork-signed-new-england-navy-football-jersey-beckett,,,,,,,,,,,,,,,,,,,,,,,,,,,,,,,,https://cdn.shopify.com/s/files/1/0642/7842/9930/files/wilfork-patriots-blue-autographed-stitched-football-jersey-front_f6704290-626a-4746-94b0-0adb9843d7c9.jpg?v=1756763186,3,"",,,,,,,,,,,,,,,
vince-wilfork-signed-new-england-white-football-jersey-beckett,Vince Wilfork Signed New England White Football Jersey (Beckett),"<p>This custom stitched football jersey has been personally hand signed by Vince Wilfork and authenticated by a top 3rd party authentication company. All autographed sports collectibles are limited! Order now to add this timeless piece of football memorabilia to your collection before it’s gone.</p><ul>
<li>Hand signed Football jersey autographed by Vince Wilfork and authenticated by Beckett</li>
<li>Includes a <em>Witnessed Protection Program</em> tamper-proof authentication sticker from Beckett</li>
<li>90-day Satisfaction Guarantee: if you are not completely satisfied with your piece of memorabilia, return the item in its original condition and receive a full refund</li>
</ul>",RSA,,Autographed Football Jerseys,"08-14-RSA, FB, inhouse, jersey, New Arrival, Patriots, V",true,Title,Default Title,,,,,,,,RSA-12127,907.1989147615625,shopify,65,deny,manual,73.00,119.99,true,true,,,,,,https://cdn.shopify.com/s/files/1/0642/7842/9930/files/wilfork-patriots-white-autographed-stitched-football-jersey-back.jpg?v=1756763186,1,"",false,,,,,,,,oz,,50.00,true,,,active
vince-wilfork-signed-new-england-white-football-jersey-beckett,,,,,,,,,,,,,,,,,,,,,,,,,,,,,,,,https://cdn.shopify.com/s/files/1/0642/7842/9930/files/wilfork-patriots-white-autographed-stitched-football-jersey-signature.jpg?v=1756763186,2,"",,,,,,,,,,,,,,,
vince-wilfork-signed-new-england-white-football-jersey-beckett,,,,,,,,,,,,,,,,,,,,,,,,,,,,,,,,https://cdn.shopify.com/s/files/1/0642/7842/9930/files/wilfork-patriots-white-autographed-stitched-football-jersey-front.jpg?v=1756763187,3,"",,,,,,,,,,,,,,,
rocky-bleier-signed-4x-sb-champs-inscription-pittsburgh-american-flag-football-jersey-beckett,Rocky Bleier Signed 4x SB Champs Inscription Pittsburgh American Flag Football Jersey (Beckett),"<p>This custom stitched football jersey has been personally hand signed by Rocky Bleier and authenticated by a top 3rd party authentication company. All autographed sports collectibles are limited! Order now to add this timeless piece of football memorabilia to your collection before it’s gone.</p>
<ul>
<li>Hand signed Football jersey autographed by Rocky Bleier with 4x SB Champs inscription and authenticated by Beckett</li>
<li>Includes a <em>Witnessed Protection Program</em> tamper-proof authentication sticker from Beckett</li>
<li>90-day Satisfaction Guarantee: if you are not completely satisfied with your piece of memorabilia, return the item in its original condition and receive a full refund</li>
</ul>",RSA,,Autographed Football Jerseys,"08-14-RSA, FB, inhouse, jersey, New Arrival, Steelers, V",true,Title,Default Title,,,,,,,,RSA-12123,907.1989147615625,shopify,37,deny,manual,54.00,79.99,true,true,,,,,,https://cdn.shopify.com/s/files/1/0642/7842/9930/files/bleier-steelers-4x-sb-champs-flag-black-autographed-stitched-football-jersey-back_e57aedb6-ddbe-4e33-acac-2c03976f880d.jpg?v=1756763187,1,"",false,,,,,,,,oz,,30.00,true,,,active
rocky-bleier-signed-4x-sb-champs-inscription-pittsburgh-american-flag-football-jersey-beckett,,,,,,,,,,,,,,,,,,,,,,,,,,,,,,,,https://cdn.shopify.com/s/files/1/0642/7842/9930/files/bleier-steelers-4x-sb-champs-flag-black-autographed-stitched-football-jersey-signature_0b45fd56-051a-47ff-a619-e471a81c35b7.jpg?v=1756763187,2,"",,,,,,,,,,,,,,,
rocky-bleier-signed-4x-sb-champs-inscription-pittsburgh-american-flag-football-jersey-beckett,,,,,,,,,,,,,,,,,,,,,,,,,,,,,,,,https://cdn.shopify.com/s/files/1/0642/7842/9930/files/bleier-steelers-4x-sb-champs-flag-black-autographed-stitched-football-jersey-front_73cf6c28-30d6-441c-8ad2-c5bf76b7cd27.jpg?v=1756763187,3,"",,,,,,,,,,,,,,,
josh-cribbs-signed-cleveland-brown-football-jersey-jsa,Josh Cribbs Signed Cleveland Brown Football Jersey (JSA),"<p>This custom stitched football jersey has been personally hand signed by Josh Cribbs and authenticated by a top 3rd party authentication company. All autographed sports collectibles are limited! Order now to add this timeless piece of football memorabilia to your collection before it’s gone.</p><ul>
<li>Hand signed Football jersey autographed by Josh Cribbs and authenticated by JSA</li>
<li>Includes a tamper-proof authentication sticker from JSA</li>
<li>90-day Satisfaction Guarantee: if you are not completely satisfied with your piece of memorabilia, return the item in its original condition and receive a full refund</li>
</ul>",RSA,,Autographed Football Jerseys,"08-14-RSA, Browns, FB, inhouse, jersey, New Arrival, V",true,Title,Default Title,,,,,,,,RSA-12122,907.1989147615625,shopify,56,deny,manual,50.00,69.99,true,true,,,,,,https://cdn.shopify.com/s/files/1/0642/7842/9930/files/cribbs-browns-brown-autographed-stitched-football-jersey-back.jpg?v=1756763188,1,"",false,,,,,,,,oz,,30.00,true,,,active
josh-cribbs-signed-cleveland-brown-football-jersey-jsa,,,,,,,,,,,,,,,,,,,,,,,,,,,,,,,,https://cdn.shopify.com/s/files/1/0642/7842/9930/files/cribbs-browns-brown-autographed-stitched-football-jersey-signature.jpg?v=1756763188,2,"",,,,,,,,,,,,,,,
josh-cribbs-signed-cleveland-brown-football-jersey-jsa,,,,,,,,,,,,,,,,,,,,,,,,,,,,,,,,https://cdn.shopify.com/s/files/1/0642/7842/9930/files/cribbs-browns-brown-autographed-stitched-football-jersey-front.jpg?v=1756763188,3,"",,,,,,,,,,,,,,,
ed-mccaffrey-signed-xxxii-xxxiii-inscription-denver-blue-football-jersey-beckett,Ed McCaffrey Signed XXXII XXXIII Inscription Denver Blue Football Jersey (Beckett),"<p>This custom stitched football jersey has been personally hand signed by Ed McCaffrey and authenticated by a top 3rd party authentication company. All autographed sports collectibles are limited! Order now to add this timeless piece of football memorabilia to your collection before it’s gone.</p><ul>
<li>Hand signed Football jersey autographed by Ed McCaffrey with XXXII XXXIII inscription and authenticated by Beckett</li>
<li>Includes a <em>Witnessed Protection Program</em> tamper-proof authentication sticker from Beckett</li>
<li>90-day Satisfaction Guarantee: if you are not completely satisfied with your piece of memorabilia, return the item in its original condition and receive a full refund</li>
</ul>",RSA,,Autographed Football Jerseys,"08-14-RSA, Broncos, FB, inhouse, jersey, New Arrival, V",true,Title,Default Title,,,,,,,,RSA-12121,907.1989147615625,shopify,25,deny,manual,48.00,64.99,true,true,,,,,,https://cdn.shopify.com/s/files/1/0642/7842/9930/files/mccaffrey-broncos-xxxii-xxxiii-navy-autographed-stitched-football-jersey-back.jpg?v=1754348485,1,"",false,,,,,,,,oz,,27.00,true,,,active
ed-mccaffrey-signed-xxxii-xxxiii-inscription-denver-blue-football-jersey-beckett,,,,,,,,,,,,,,,,,,,,,,,,,,,,,,,,https://cdn.shopify.com/s/files/1/0642/7842/9930/files/mccaffrey-broncos-xxxii-xxxiii-navy-autographed-stitched-football-jersey-signature.jpg?v=1754348487,2,"",,,,,,,,,,,,,,,
ed-mccaffrey-signed-xxxii-xxxiii-inscription-denver-blue-football-jersey-beckett,,,,,,,,,,,,,,,,,,,,,,,,,,,,,,,,https://cdn.shopify.com/s/files/1/0642/7842/9930/files/mccaffrey-broncos-xxxii-xxxiii-navy-autographed-stitched-football-jersey-front.jpg?v=1754348489,3,"",,,,,,,,,,,,,,,
jessie-bates-iii-signed-atlanta-red-football-jersey-jsa,Jessie Bates III Signed Atlanta Red Football Jersey (JSA),"<p>This custom stitched football jersey has been personally hand signed by Jessie Bates III and authenticated by a top 3rd party authentication company. All autographed sports collectibles are limited! Order now to add this timeless piece of football memorabilia to your collection before it’s gone.</p><ul>
<li>Hand signed Football jersey autographed by Jessie Bates III and authenticated by JSA</li>
<li>Includes a <em>Witnessed Protection Program</em> tamper-proof authentication sticker from JSA</li>
<li>90-day Satisfaction Guarantee: if you are not completely satisfied with your piece of memorabilia, return the item in its original condition and receive a full refund</li>
</ul>",RSA,,Autographed Football Jerseys,"Current Star, Falcons, FB, imported, inhouse, jersey, New Arrival, V",true,Title,Default Title,,,,,,,,RSA-12110,907.1989147615625,shopify,51,deny,manual,55.00,79.99,true,true,,,,,,https://cdn.shopify.com/s/files/1/0642/7842/9930/files/coming-soon-grande_aba6cb33-55f4-4d11-8d0c-621730be351d.jpg?v=1756763189,1,"",false,,,,,,,,oz,,35.00,true,,,active
josh-cribbs-signed-cleveland-orange-football-jersey-jsa,Josh Cribbs Signed Cleveland Orange Football Jersey (JSA),"<p>This custom stitched football jersey has been personally hand signed by Josh Cribbs and authenticated by a top 3rd party authentication company. All autographed sports collectibles are limited! Order now to add this timeless piece of football memorabilia to your collection before it’s gone.</p><ul>
<li>Hand signed Football jersey autographed by Josh Cribbs and authenticated by JSA</li>
<li>Includes a tamper-proof authentication sticker from JSA</li>
<li>90-day Satisfaction Guarantee: if you are not completely satisfied with your piece of memorabilia, return the item in its original condition and receive a full refund</li>
</ul>",RSA,,Autographed Football Jerseys,"08-14-RSA, Cavaliers, FB, inhouse, jersey, New Arrival, V",true,Title,Default Title,,,,,,,,RSA-12107,907.1989147615625,shopify,39,deny,manual,50.00,69.99,true,true,,,,,,https://cdn.shopify.com/s/files/1/0642/7842/9930/files/cribbs-browns-orange-autographed-stitched-football-jersey-back.jpg?v=1756763189,1,"",false,,,,,,,,oz,,30.00,true,,,active
josh-cribbs-signed-cleveland-orange-football-jersey-jsa,,,,,,,,,,,,,,,,,,,,,,,,,,,,,,,,https://cdn.shopify.com/s/files/1/0642/7842/9930/files/cribbs-browns-orange-autographed-stitched-football-jersey-signature.jpg?v=1756763189,2,"",,,,,,,,,,,,,,,
josh-cribbs-signed-cleveland-orange-football-jersey-jsa,,,,,,,,,,,,,,,,,,,,,,,,,,,,,,,,https://cdn.shopify.com/s/files/1/0642/7842/9930/files/cribbs-browns-orange-autographed-stitched-football-jersey-front.jpg?v=1756763189,3,"",,,,,,,,,,,,,,,
garrison-hearst-signed-san-francisco-red-football-jersey-beckett,Garrison Hearst Signed San Francisco Red Football Jersey (Beckett),"<p>This custom stitched football jersey has been personally hand signed by Garrison Hearst and authenticated by a top 3rd party authentication company. All autographed sports collectibles are limited! Order now to add this timeless piece of football memorabilia to your collection before it’s gone.</p><ul>
<li>Hand signed Football jersey autographed by Garrison Hearst and authenticated by Beckett</li>
<li>Includes a <em>Witnessed Protection Program</em> tamper-proof authentication sticker from Beckett</li>
<li>90-day Satisfaction Guarantee: if you are not completely satisfied with your piece of memorabilia, return the item in its original condition and receive a full refund</li>
</ul>",RSA,,Autographed Football Jerseys,"08-14-RSA, 49ers, FB, inhouse, jersey, New Arrival, V",true,Title,Default Title,,,,,,,,RSA-12109,907.1989147615625,shopify,51,deny,manual,50.00,69.99,true,true,,,,,,https://cdn.shopify.com/s/files/1/0642/7842/9930/files/hearst-49ers-red-autographed-stitched-football-jersey-back_8e6ac6df-3da3-4f47-98a8-3febe2db4588.jpg?v=1756763190,1,"",false,,,,,,,,oz,,30.00,true,,,active
garrison-hearst-signed-san-francisco-red-football-jersey-beckett,,,,,,,,,,,,,,,,,,,,,,,,,,,,,,,,https://cdn.shopify.com/s/files/1/0642/7842/9930/files/hearst-49ers-red-autographed-stitched-football-jersey-signature_42e0de57-9f8e-439f-b49c-13b2ad089bc0.jpg?v=1756763190,2,"",,,,,,,,,,,,,,,
garrison-hearst-signed-san-francisco-red-football-jersey-beckett,,,,,,,,,,,,,,,,,,,,,,,,,,,,,,,,https://cdn.shopify.com/s/files/1/0642/7842/9930/files/hearst-49ers-red-autographed-stitched-football-jersey-front_326288b1-688c-4d5d-892a-dc5e415149fb.jpg?v=1756763190,3,"",,,,,,,,,,,,,,,
leveon-bell-signed-pittsburgh-white-football-jersey-jsa,Le'Veon Bell Signed Pittsburgh White Football Jersey (JSA),"<p>This custom stitched football jersey has been personally hand signed by Le'Veon Bell and authenticated by a top 3rd party authentication company. All autographed sports collectibles are limited! Order now to add this timeless piece of football memorabilia to your collection before it’s gone.</p>
<ul>
<li>Hand signed Football jersey autographed by Le'Veon Bell and authenticated by JSA</li>
<li>Includes a <em>Witnessed Protection Program</em> tamper-proof authentication sticker from JSA</li>
<li>90-day Satisfaction Guarantee: if you are not completely satisfied with your piece of memorabilia, return the item in its original condition and receive a full refund</li>
</ul>",RSA,,Autographed Football Jerseys,"08-01-RSA, 08-14-RSA, FB, inhouse, jersey, New Arrival, Steelers, V",true,Title,Default Title,,,,,,,,RSA-12028,907.1989147615625,shopify,16,deny,manual,48.00,69.99,true,true,,,,,,https://cdn.shopify.com/s/files/1/0642/7842/9930/files/bell-steelers-white-autographed-stitched-football-jersey-back.jpg?v=1756763191,1,"",false,,,,,,,,oz,,25.00,true,,,active
leveon-bell-signed-pittsburgh-white-football-jersey-jsa,,,,,,,,,,,,,,,,,,,,,,,,,,,,,,,,https://cdn.shopify.com/s/files/1/0642/7842/9930/files/bell-steelers-white-autographed-stitched-football-jersey-signature.jpg?v=1756763191,2,"",,,,,,,,,,,,,,,
leveon-bell-signed-pittsburgh-white-football-jersey-jsa,,,,,,,,,,,,,,,,,,,,,,,,,,,,,,,,https://cdn.shopify.com/s/files/1/0642/7842/9930/files/bell-steelers-white-autographed-stitched-football-jersey-front.jpg?v=1756763191,3,"",,,,,,,,,,,,,,,
michael-haynes-signed-hof-97-inscription-los-angeles-black-football-jersey-beckett,Michael Haynes Signed HOF 97 Inscription Los Angeles Black Football Jersey (Beckett),"<p>This custom stitched football jersey has been personally hand signed by Michael Haynes and authenticated by a top 3rd party authentication company. All autographed sports collectibles are limited! Order now to add this timeless piece of football memorabilia to your collection before it’s gone.</p>
<ul>
<li>Hand signed Football jersey autographed by Michael Haynes with HOF 97 inscription and authenticated by Beckett</li>
<li>Includes a <em>Witnessed Protection Program</em> tamper-proof authentication sticker from Beckett</li>
<li>90-day Satisfaction Guarantee: if you are not completely satisfied with your piece of memorabilia, return the item in its original condition and receive a full refund</li>
</ul>",RSA,,Autographed Football Jerseys,"07-03-RSA, FB, inhouse, jersey, MYS_HOF, New Arrival, Raiders, V",true,Title,Default Title,,,,,,,,RSA-12020,907.1989147615625,shopify,3,deny,manual,78.00,99.99,true,true,,,,,,https://cdn.shopify.com/s/files/1/0642/7842/9930/files/haynes-raiders-hof-97-black-autographed-stitched-football-jersey-back.jpg?v=1756763192,1,"",false,,,,,,,,oz,,55.00,true,,,active
michael-haynes-signed-hof-97-inscription-los-angeles-black-football-jersey-beckett,,,,,,,,,,,,,,,,,,,,,,,,,,,,,,,,https://cdn.shopify.com/s/files/1/0642/7842/9930/files/haynes-raiders-hof-97-black-autographed-stitched-football-jersey-signature.jpg?v=1756763192,2,"",,,,,,,,,,,,,,,
michael-haynes-signed-hof-97-inscription-los-angeles-black-football-jersey-beckett,,,,,,,,,,,,,,,,,,,,,,,,,,,,,,,,https://cdn.shopify.com/s/files/1/0642/7842/9930/files/haynes-raiders-hof-97-black-autographed-stitched-football-jersey-front.jpg?v=1756763193,3,"",,,,,,,,,,,,,,,
ed-oneill-al-bundy-signed-al-inscription-polk-high-white-football-jersey-jsa,"Ed O'Neill ""Al Bundy"" Signed Al Inscription Polk High White Football Jersey (JSA)","<p>This custom stitched football jersey has been personally hand signed by Ed O'Neill ""Al Bundy"" and authenticated by a top 3rd party authentication company. All autographed sports collectibles are limited! Order now to add this timeless piece of football memorabilia to your collection before it’s gone.</p>
<ul>
<li>Hand signed Football jersey autographed by Ed O'Neill ""Al Bundy"" with Al inscription and authenticated by JSA</li>
<li>Includes a tamper-proof authentication sticker from JSA</li>
<li>90-day Satisfaction Guarantee: if you are not completely satisfied with your piece of memorabilia, return the item in its original condition and receive a full refund</li>
</ul>",RSA,,Autographed Football Jerseys,"07-03-RSA, FB, inhouse, jersey, New Arrival, V",true,Title,Default Title,,,,,,,,RSA-12021,907.1989147615625,shopify,13,deny,manual,115.00,179.99,true,true,,,,,,https://cdn.shopify.com/s/files/1/0642/7842/9930/files/oneill-bundy-polk-high-white-autographed-stitched-football-jersey-back.jpg?v=1756763194,1,"",false,,,,,,,,oz,,80.00,true,,,active
ed-oneill-al-bundy-signed-al-inscription-polk-high-white-football-jersey-jsa,,,,,,,,,,,,,,,,,,,,,,,,,,,,,,,,https://cdn.shopify.com/s/files/1/0642/7842/9930/files/oneill-bundy-polk-high-white-autographed-stitched-football-jersey-signature.jpg?v=1756763194,2,"",,,,,,,,,,,,,,,
ed-oneill-al-bundy-signed-al-inscription-polk-high-white-football-jersey-jsa,,,,,,,,,,,,,,,,,,,,,,,,,,,,,,,,https://cdn.shopify.com/s/files/1/0642/7842/9930/files/oneill-bundy-polk-high-white-autographed-stitched-football-jersey-front.jpg?v=1756763194,3,"",,,,,,,,,,,,,,,
tamba-hali-signed-kansas-city-yellow-football-jersey-beckett,Tamba Hali Signed Kansas City Yellow Football Jersey (Beckett),"<p>This custom stitched football jersey has been personally hand signed by Tamba Hali and authenticated by a top 3rd party authentication company. All autographed sports collectibles are limited! Order now to add this timeless piece of football memorabilia to your collection before it’s gone.</p><ul>
<li>Hand signed Football jersey autographed by Tamba Hali and authenticated by Beckett</li>
<li>Includes a <em>Witnessed Protection Program</em> tamper-proof authentication sticker from Beckett</li>
<li>90-day Satisfaction Guarantee: if you are not completely satisfied with your piece of memorabilia, return the item in its original condition and receive a full refund</li>
</ul>",RSA,,Autographed Football Jerseys,"07-03-RSA, Chiefs, FB, inhouse, jersey, New Arrival, V",true,Title,Default Title,,,,,,,,RSA-11976,907.1989147615625,shopify,14,deny,manual,59.00,89.99,true,true,,,,,,https://cdn.shopify.com/s/files/1/0642/7842/9930/files/hali-chiefs-yellow-autographed-stitched-football-jersey-back.jpg?v=1756763195,1,"",false,,,,,,,,oz,,38.00,true,,,active
tamba-hali-signed-kansas-city-yellow-football-jersey-beckett,,,,,,,,,,,,,,,,,,,,,,,,,,,,,,,,https://cdn.shopify.com/s/files/1/0642/7842/9930/files/hali-chiefs-yellow-autographed-stitched-football-jersey-signature.jpg?v=1756763196,2,"",,,,,,,,,,,,,,,
tamba-hali-signed-kansas-city-yellow-football-jersey-beckett,,,,,,,,,,,,,,,,,,,,,,,,,,,,,,,,https://cdn.shopify.com/s/files/1/0642/7842/9930/files/hali-chiefs-yellow-autographed-stitched-football-jersey-front.jpg?v=1756763196,3,"",,,,,,,,,,,,,,,
tamba-hali-signed-kansas-city-white-football-jersey-beckett,Tamba Hali Signed Kansas City White Football Jersey (Beckett),"<p>This custom stitched football jersey has been personally hand signed by Tamba Hali and authenticated by a top 3rd party authentication company. All autographed sports collectibles are limited! Order now to add this timeless piece of football memorabilia to your collection before it’s gone.</p><ul>
<li>Hand signed Football jersey autographed by Tamba Hali and authenticated by Beckett</li>
<li>Includes a <em>Witnessed Protection Program</em> tamper-proof authentication sticker from Beckett</li>
<li>90-day Satisfaction Guarantee: if you are not completely satisfied with your piece of memorabilia, return the item in its original condition and receive a full refund</li>
</ul>",RSA,,Autographed Football Jerseys,"07-03-RSA, Chiefs, FB, inhouse, jersey, New Arrival, V",true,Title,Default Title,,,,,,,,RSA-11981,907.1989147615625,shopify,12,deny,manual,59.00,89.99,true,true,,,,,,https://cdn.shopify.com/s/files/1/0642/7842/9930/files/hali-chiefs-white-autographed-stitched-football-jersey-back.jpg?v=1756763196,1,"",false,,,,,,,,oz,,38.00,true,,,active
tamba-hali-signed-kansas-city-white-football-jersey-beckett,,,,,,,,,,,,,,,,,,,,,,,,,,,,,,,,https://cdn.shopify.com/s/files/1/0642/7842/9930/files/hali-chiefs-white-autographed-stitched-football-jersey-signature.jpg?v=1756763196,2,"",,,,,,,,,,,,,,,
tamba-hali-signed-kansas-city-white-football-jersey-beckett,,,,,,,,,,,,,,,,,,,,,,,,,,,,,,,,https://cdn.shopify.com/s/files/1/0642/7842/9930/files/hali-chiefs-white-autographed-stitched-football-jersey-front.jpg?v=1756763196,3,"",,,,,,,,,,,,,,,
tamba-hali-signed-kansas-city-black-football-jersey-beckett,Tamba Hali Signed Kansas City Black Football Jersey (Beckett),"<p>This custom stitched football jersey has been personally hand signed by Tamba Hali and authenticated by a top 3rd party authentication company. All autographed sports collectibles are limited! Order now to add this timeless piece of football memorabilia to your collection before it’s gone.</p><ul>
<li>Hand signed Football jersey autographed by Tamba Hali and authenticated by Beckett</li>
<li>Includes a <em>Witnessed Protection Program</em> tamper-proof authentication sticker from Beckett</li>
<li>90-day Satisfaction Guarantee: if you are not completely satisfied with your piece of memorabilia, return the item in its original condition and receive a full refund</li>
</ul>",RSA,,Autographed Football Jerseys,"07-03-RSA, Chiefs, FB, inhouse, jersey, New Arrival, V",true,Title,Default Title,,,,,,,,RSA-11980,907.1989147615625,shopify,14,deny,manual,59.00,89.99,true,true,,,,,,https://cdn.shopify.com/s/files/1/0642/7842/9930/files/hali-chiefs-black-autographed-stitched-football-jersey-back.jpg?v=1756763197,1,"",false,,,,,,,,oz,,38.00,true,,,active
tamba-hali-signed-kansas-city-black-football-jersey-beckett,,,,,,,,,,,,,,,,,,,,,,,,,,,,,,,,https://cdn.shopify.com/s/files/1/0642/7842/9930/files/hali-chiefs-black-autographed-stitched-football-jersey-signature.jpg?v=1756763197,2,"",,,,,,,,,,,,,,,
reggie-rucker-signed-cleveland-brown-football-jersey-jsa,Reggie Rucker Signed Cleveland Brown Football Jersey (JSA),"<p>This custom stitched football jersey has been personally hand signed by Reggie Rucker and authenticated by a top 3rd party authentication company. All autographed sports collectibles are limited! Order now to add this timeless piece of football memorabilia to your collection before it’s gone.</p><ul>
<li>Hand signed Football jersey autographed by Reggie Rucker and authenticated by JSA</li>
<li>Includes a <em>Witnessed Protection Program</em> tamper-proof authentication sticker from JSA</li>
<li>90-day Satisfaction Guarantee: if you are not completely satisfied with your piece of memorabilia, return the item in its original condition and receive a full refund</li>
</ul>",RSA,,Autographed Football Jerseys,"Browns, FB, imported, inhouse, jersey, New Arrival, V",true,Title,Default Title,,,,,,,,RSA-11984,907.1989147615625,shopify,36,deny,manual,40.00,59.99,true,true,,,,,,https://cdn.shopify.com/s/files/1/0642/7842/9930/files/coming-soon-grande_ba8e9baa-151e-40b0-bc7c-19b397f970cf.jpg?v=1756763197,1,"",false,,,,,,,,oz,,22.00,true,,,active
paul-lowe-signed-san-diego-light-blue-football-jersey-jsa,Paul Lowe Signed San Diego Light Blue Football Jersey (JSA),"<p>This custom stitched football jersey has been personally hand signed by Paul Lowe and authenticated by a top 3rd party authentication company. All autographed sports collectibles are limited! Order now to add this timeless piece of football memorabilia to your collection before it’s gone.</p><ul>
<li>Hand signed Football jersey autographed by Paul Lowe and authenticated by JSA</li>
<li>Includes a tamper-proof authentication sticker from JSA</li>
<li>90-day Satisfaction Guarantee: if you are not completely satisfied with your piece of memorabilia, return the item in its original condition and receive a full refund</li>
</ul>",RSA,,Autographed Football Jerseys,"07-03-RSA, Chargers, FB, inhouse, jersey, New Arrival, V",true,Title,Default Title,,,,,,,,RSA-11977,907.1989147615625,shopify,20,deny,manual,40.00,59.99,true,true,,,,,,https://cdn.shopify.com/s/files/1/0642/7842/9930/files/lowe-chargers-light-blue-autographed-stitched-football-jersey-back.jpg?v=1756763198,1,"",false,,,,,,,,oz,,22.00,true,,,active
paul-lowe-signed-san-diego-light-blue-football-jersey-jsa,,,,,,,,,,,,,,,,,,,,,,,,,,,,,,,,https://cdn.shopify.com/s/files/1/0642/7842/9930/files/lowe-chargers-light-blue-autographed-stitched-football-jersey-signature.jpg?v=1756763198,2,"",,,,,,,,,,,,,,,
paul-lowe-signed-san-diego-light-blue-football-jersey-jsa,,,,,,,,,,,,,,,,,,,,,,,,,,,,,,,,https://cdn.shopify.com/s/files/1/0642/7842/9930/files/lowe-chargers-light-blue-autographed-stitched-football-jersey-front.jpg?v=1756763198,3,"",,,,,,,,,,,,,,,
fran-tarkenton-signed-minnesota-white-football-jersey-beckett,Fran Tarkenton Signed HOF 86 Inscription Minnesota White Football Jersey (Beckett),"<p>This custom stitched football jersey has been personally hand signed by Fran Tarkenton and authenticated by a top 3rd party authentication company. All autographed sports collectibles are limited! Order now to add this timeless piece of football memorabilia to your collection before it’s gone.</p>
<ul>
<li>Hand signed Football jersey autographed by Fran Tarkenton with HOF 86 Inscription and authenticated by Beckett</li>
<li>Includes a <em>Witnessed Protection Program</em> tamper-proof authentication sticker from Beckett</li>
<li>90-day Satisfaction Guarantee: if you are not completely satisfied with your piece of memorabilia, return the item in its original condition and receive a full refund</li>
</ul>",RSA,,Autographed Football Jerseys,"07-03-RSA, FB, inhouse, jersey, MYS_HOF, New Arrival, V, Vikings",true,Title,Default Title,,,,,,,,RSA-11983,907.1989147615625,shopify,13,deny,manual,130.00,199.99,true,true,,,,,,https://cdn.shopify.com/s/files/1/0642/7842/9930/files/tarkenton-vikings-hof-86-white-autographed-stitched-football-jersey-back.jpg?v=1756763199,1,"",false,,,,,,,,oz,,95.00,true,,,active
fran-tarkenton-signed-minnesota-white-football-jersey-beckett,,,,,,,,,,,,,,,,,,,,,,,,,,,,,,,,https://cdn.shopify.com/s/files/1/0642/7842/9930/files/tarkenton-vikings-hof-86-white-autographed-stitched-football-jersey-signature_12aa1217-bae8-440f-92e4-56f48f23d6ae.jpg?v=1756763199,2,"",,,,,,,,,,,,,,,
fran-tarkenton-signed-minnesota-white-football-jersey-beckett,,,,,,,,,,,,,,,,,,,,,,,,,,,,,,,,https://cdn.shopify.com/s/files/1/0642/7842/9930/files/tarkenton-vikings-hof-86-white-autographed-stitched-football-jersey-front.jpg?v=1756763199,3,"",,,,,,,,,,,,,,,
fran-tarkenton-signed-hof-86-inscription-minnesota-salute-to-service-football-jersey-beckett,Fran Tarkenton Signed HOF 86 Inscription Minnesota Salute to Service Football Jersey (Beckett),"<p>This custom stitched football jersey has been personally hand signed by Fran Tarkenton and authenticated by a top 3rd party authentication company. All autographed sports collectibles are limited! Order now to add this timeless piece of football memorabilia to your collection before it’s gone.</p>
<ul>
<li>Hand signed Football jersey autographed by Fran Tarkenton with HOF 86 inscription and authenticated by Beckett</li>
<li>Includes a <em>Witnessed Protection Program</em> tamper-proof authentication sticker from Beckett</li>
<li>90-day Satisfaction Guarantee: if you are not completely satisfied with your piece of memorabilia, return the item in its original condition and receive a full refund</li>
</ul>",RSA,,Autographed Football Jerseys,"07-03-RSA, FB, inhouse, jersey, MYS_HOF, New Arrival, V, Vikings",true,Title,Default Title,,,,,,,,RSA-11979,907.1989147615625,shopify,10,deny,manual,130.00,199.99,true,true,,,,,,https://cdn.shopify.com/s/files/1/0642/7842/9930/files/tarkenton-vikings-hof-86-salute-to-service-autographed-stitched-football-jersey-back.jpg?v=1756763199,1,"",false,,,,,,,,oz,,95.00,true,,,active
fran-tarkenton-signed-hof-86-inscription-minnesota-salute-to-service-football-jersey-beckett,,,,,,,,,,,,,,,,,,,,,,,,,,,,,,,,https://cdn.shopify.com/s/files/1/0642/7842/9930/files/tarkenton-vikings-hof-86-salute-to-service-autographed-stitched-football-jersey-signature.jpg?v=1756763199,2,"",,,,,,,,,,,,,,,
fran-tarkenton-signed-hof-86-inscription-minnesota-salute-to-service-football-jersey-beckett,,,,,,,,,,,,,,,,,,,,,,,,,,,,,,,,https://cdn.shopify.com/s/files/1/0642/7842/9930/files/tarkenton-vikings-hof-86-salute-to-service-autographed-stitched-football-jersey-front.jpg?v=1756763199,3,"",,,,,,,,,,,,,,,
dick-ambrose-signed-cleveland-brown-football-jersey-jsa,Dick Ambrose Signed Cleveland Brown Football Jersey (JSA),"<p>This custom stitched football jersey has been personally hand signed by Dick Ambrose and authenticated by a top 3rd party authentication company. All autographed sports collectibles are limited! Order now to add this timeless piece of football memorabilia to your collection before it’s gone.</p>
<ul>
<li>Hand signed Football jersey autographed by Dick Ambrose and authenticated by JSA</li>
<li>Includes a <em>Witnessed Protection Program</em> tamper-proof authentication sticker from JSA</li>
<li>90-day Satisfaction Guarantee: if you are not completely satisfied with your piece of memorabilia, return the item in its original condition and receive a full refund</li>
</ul>",RSA,,Autographed Football Jerseys,"07-03-RSA, Browns, FB, inhouse, jersey, New Arrival, V",true,Title,Default Title,,,,,,,,RSA-11978,907.1989147615625,shopify,75,deny,manual,42.00,59.99,true,true,,,,,,https://cdn.shopify.com/s/files/1/0642/7842/9930/files/ambrose-browns-brown-autographed-stitched-football-jersey-back.jpg?v=1756763200,1,"",false,,,,,,,,oz,,23.00,true,,,active
dick-ambrose-signed-cleveland-brown-football-jersey-jsa,,,,,,,,,,,,,,,,,,,,,,,,,,,,,,,,https://cdn.shopify.com/s/files/1/0642/7842/9930/files/ambrose-browns-brown-autographed-stitched-football-jersey-signature.jpg?v=1756763200,2,"",,,,,,,,,,,,,,,
dick-ambrose-signed-cleveland-brown-football-jersey-jsa,,,,,,,,,,,,,,,,,,,,,,,,,,,,,,,,https://cdn.shopify.com/s/files/1/0642/7842/9930/files/ambrose-browns-brown-autographed-stitched-football-jersey-front.jpg?v=1756763200,3,"",,,,,,,,,,,,,,,
billy-white-shoes-johnson-signed-atlanta-white-football-jersey-jsa,"Billy ""White Shoes"" Johnson Signed Atlanta White Football Jersey (JSA)","<p>This custom stitched football jersey has been personally hand signed by Billy ""White Shoes"" Johnson and authenticated by a top 3rd party authentication company. All autographed sports collectibles are limited! Order now to add this timeless piece of football memorabilia to your collection before it’s gone.</p><ul>
<li>Hand signed Football jersey autographed by Billy ""White Shoes"" Johnson and authenticated by JSA</li>
<li>Includes a <em>Witnessed Protection Program</em> tamper-proof authentication sticker from JSA</li>
<li>90-day Satisfaction Guarantee: if you are not completely satisfied with your piece of memorabilia, return the item in its original condition and receive a full refund</li>
</ul>",RSA,,Autographed Football Jerseys,"07-03-RSA, Falcons, FB, inhouse, jersey, New Arrival, V",true,Title,Default Title,,,,,,,,RSA-11975,907.1989147615625,shopify,8,deny,manual,40.00,59.99,true,true,,,,,,https://cdn.shopify.com/s/files/1/0642/7842/9930/files/johnson-falcons-white-autographed-stitched-football-jersey-back.jpg?v=1756763201,1,"",false,,,,,,,,oz,,23.00,true,,,active
billy-white-shoes-johnson-signed-atlanta-white-football-jersey-jsa,,,,,,,,,,,,,,,,,,,,,,,,,,,,,,,,https://cdn.shopify.com/s/files/1/0642/7842/9930/files/johnson-falcons-white-autographed-stitched-football-jersey-signature.jpg?v=1756763201,2,"",,,,,,,,,,,,,,,
billy-white-shoes-johnson-signed-atlanta-white-football-jersey-jsa,,,,,,,,,,,,,,,,,,,,,,,,,,,,,,,,https://cdn.shopify.com/s/files/1/0642/7842/9930/files/johnson-falcons-white-autographed-stitched-football-jersey-front.jpg?v=1756763201,3,"",,,,,,,,,,,,,,,
tamba-hali-signed-kansas-city-red-football-jersey-beckett,Tamba Hali Signed Kansas City Red Football Jersey (Beckett),"<p>This custom stitched football jersey has been personally hand signed by Tamba Hali and authenticated by a top 3rd party authentication company. All autographed sports collectibles are limited! Order now to add this timeless piece of football memorabilia to your collection before it’s gone.</p><ul>
<li>Hand signed Football jersey autographed by Tamba Hali and authenticated by Beckett</li>
<li>Includes a <em>Witnessed Protection Program</em> tamper-proof authentication sticker from Beckett</li>
<li>90-day Satisfaction Guarantee: if you are not completely satisfied with your piece of memorabilia, return the item in its original condition and receive a full refund</li>
</ul>",RSA,,Autographed Football Jerseys,"07-03-RSA, Chiefs, FB, inhouse, jersey, New Arrival, V",true,Title,Default Title,,,,,,,,RSA-11967,907.1989147615625,shopify,31,deny,manual,59.00,89.99,true,true,,,,,,https://cdn.shopify.com/s/files/1/0642/7842/9930/files/hali-chiefs-red-autographed-stitched-football-jersey-back.jpg?v=1756763201,1,"",false,,,,,,,,oz,,38.00,true,,,active
tamba-hali-signed-kansas-city-red-football-jersey-beckett,,,,,,,,,,,,,,,,,,,,,,,,,,,,,,,,https://cdn.shopify.com/s/files/1/0642/7842/9930/files/hali-chiefs-red-autographed-stitched-football-jersey-signature.jpg?v=1756763201,2,"",,,,,,,,,,,,,,,
tamba-hali-signed-kansas-city-red-football-jersey-beckett,,,,,,,,,,,,,,,,,,,,,,,,,,,,,,,,https://cdn.shopify.com/s/files/1/0642/7842/9930/files/hali-chiefs-red-autographed-stitched-football-jersey-front.jpg?v=1756763201,3,"",,,,,,,,,,,,,,,
michael-haynes-signed-hof-97-inscription-los-angeles-white-football-jersey-beckett,Michael Haynes Signed HOF 97 Inscription Los Angeles White Football Jersey (Beckett),"<p>This custom stitched football jersey has been personally hand signed by Michael Haynes and authenticated by a top 3rd party authentication company. All autographed sports collectibles are limited! Order now to add this timeless piece of football memorabilia to your collection before it’s gone.</p><ul>
<li>Hand signed Football jersey autographed by Michael Haynes with HOF 97 inscription and authenticated by Beckett</li>
<li>Includes a <em>Witnessed Protection Program</em> tamper-proof authentication sticker from Beckett</li>
<li>90-day Satisfaction Guarantee: if you are not completely satisfied with your piece of memorabilia, return the item in its original condition and receive a full refund</li>
</ul>",RSA,,Autographed Football Jerseys,"07-03-RSA, FB, inhouse, jersey, MYS_HOF, New Arrival, Raiders, V",true,Title,Default Title,,,,,,,,RSA-11969,907.1989147615625,shopify,25,deny,manual,78.00,99.99,true,true,,,,,,https://cdn.shopify.com/s/files/1/0642/7842/9930/files/haynes-raiders-hof-97-white-autographed-stitched-football-jersey-back.jpg?v=1756763202,1,"",false,,,,,,,,oz,,55.00,true,,,active
michael-haynes-signed-hof-97-inscription-los-angeles-white-football-jersey-beckett,,,,,,,,,,,,,,,,,,,,,,,,,,,,,,,,https://cdn.shopify.com/s/files/1/0642/7842/9930/files/haynes-raiders-hof-97-white-autographed-stitched-football-jersey-signature.jpg?v=1756763202,2,"",,,,,,,,,,,,,,,
michael-haynes-signed-hof-97-inscription-los-angeles-white-football-jersey-beckett,,,,,,,,,,,,,,,,,,,,,,,,,,,,,,,,https://cdn.shopify.com/s/files/1/0642/7842/9930/files/haynes-raiders-hof-97-white-autographed-stitched-football-jersey-front.jpg?v=1756763202,3,"",,,,,,,,,,,,,,,
fran-tarkenton-signed-hof-86-inscription-minnesota-purple-football-jersey-beckett,Fran Tarkenton Signed HOF 86 Inscription Minnesota Purple Football Jersey (Beckett),"<p>This custom stitched football jersey has been personally hand signed by Fran Tarkenton and authenticated by a top 3rd party authentication company. All autographed sports collectibles are limited! Order now to add this timeless piece of football memorabilia to your collection before it’s gone.</p><ul>
<li>Hand signed Football jersey autographed by Fran Tarkenton with HOF 86 inscription and authenticated by Beckett</li>
<li>Includes a <em>Witnessed Protection Program</em> tamper-proof authentication sticker from Beckett</li>
<li>90-day Satisfaction Guarantee: if you are not completely satisfied with your piece of memorabilia, return the item in its original condition and receive a full refund</li>
</ul>",RSA,,Autographed Football Jerseys,"07-03-RSA, FB, inhouse, jersey, MYS_HOF, New Arrival, V, Vikings",true,Title,Default Title,,,,,,,,RSA-11971,907.1989147615625,shopify,57,deny,manual,130.00,199.99,true,true,,,,,,https://cdn.shopify.com/s/files/1/0642/7842/9930/files/tarkenton-vikings-hof-86-purple-autographed-stitched-football-jersey-back.jpg?v=1756763203,1,"",false,,,,,,,,oz,,95.00,true,,,active
fran-tarkenton-signed-hof-86-inscription-minnesota-purple-football-jersey-beckett,,,,,,,,,,,,,,,,,,,,,,,,,,,,,,,,https://cdn.shopify.com/s/files/1/0642/7842/9930/files/tarkenton-vikings-hof-86-purple-autographed-stitched-football-jersey-signature.jpg?v=1756763203,2,"",,,,,,,,,,,,,,,
fran-tarkenton-signed-hof-86-inscription-minnesota-purple-football-jersey-beckett,,,,,,,,,,,,,,,,,,,,,,,,,,,,,,,,https://cdn.shopify.com/s/files/1/0642/7842/9930/files/tarkenton-vikings-hof-86-purple-autographed-stitched-football-jersey-front.jpg?v=1756763203,3,"",,,,,,,,,,,,,,,
billy-white-shoes-johnson-signed-atlanta-black-football-jersey-jsa,"Billy ""White Shoes"" Johnson Signed Atlanta Black Football Jersey (JSA)","<p>This custom stitched football jersey has been personally hand signed by Billy White Shoes Johnson and authenticated by a top 3rd party authentication company. All autographed sports collectibles are limited! Order now to add this timeless piece of football memorabilia to your collection before it’s gone.</p>
<ul>
<li>Hand signed Football jersey autographed by Billy White Shoes Johnson and authenticated by JSA</li>
<li>Includes a <em>Witnessed Protection Program</em> tamper-proof authentication sticker from JSA</li>
<li>90-day Satisfaction Guarantee: if you are not completely satisfied with your piece of memorabilia, return the item in its original condition and receive a full refund</li>
</ul>",RSA,,Autographed Football Jerseys,"03-17-RSA, Atlanta, FB, inhouse, jersey, New Arrival, V",true,Title,Default Title,,,,,,,,RSA-11425,907.1989147615625,shopify,26,deny,manual,40.00,59.99,true,true,,,,,,https://cdn.shopify.com/s/files/1/0642/7842/9930/files/johnson-falcons-black-autographed-stitched-football-jersey-back_3f200f72-c401-43a6-a9f4-8a17177695ad.jpg?v=1756763205,1,"",false,,,,,,,,oz,,23.00,true,,,active
billy-white-shoes-johnson-signed-atlanta-black-football-jersey-jsa,,,,,,,,,,,,,,,,,,,,,,,,,,,,,,,,https://cdn.shopify.com/s/files/1/0642/7842/9930/files/johnson-falcons-black-autographed-stitched-football-jersey-signature_cc4e5af6-bf67-4a30-b85d-3209b2e74720.jpg?v=1756763205,2,"",,,,,,,,,,,,,,,
billy-white-shoes-johnson-signed-atlanta-black-football-jersey-jsa,,,,,,,,,,,,,,,,,,,,,,,,,,,,,,,,https://cdn.shopify.com/s/files/1/0642/7842/9930/files/johnson-falcons-black-autographed-stitched-football-jersey-front_a4180a15-0895-4999-b80b-b9a6bcc2f178.jpg?v=1756763205,3,"",,,,,,,,,,,,,,,
troy-polamalu-signed-pittsburgh-color-rush-football-jersey-beckett,Troy Polamalu Signed Pittsburgh Color Rush Football Jersey (Beckett),"<p>This custom stitched football jersey has been personally hand signed by Troy Polamalu and authenticated by a top 3rd party authentication company. All autographed sports collectibles are limited! Order now to add this timeless piece of football memorabilia to your collection before it’s gone.</p><ul>
<li>Hand signed Football jersey autographed by Troy Polamalu and authenticated by Beckett</li>
<li>Includes a <em>Witnessed Protection Program</em> tamper-proof authentication sticker from Beckett</li>
<li>90-day Satisfaction Guarantee: if you are not completely satisfied with your piece of memorabilia, return the item in its original condition and receive a full refund</li>
</ul>",RSA,,Autographed Football Jerseys,"07-03-RSA, FB, inhouse, jersey, MYS_HOF, New Arrival, Steelers, V",true,Title,Default Title,,,,,,,,RSA-11965,907.1989147615625,shopify,12,deny,manual,160.00,219.99,true,true,,,,,,https://cdn.shopify.com/s/files/1/0642/7842/9930/files/polamalu-steelers-color-rush-autographed-stitched-football-jersey-back.jpg?v=1756763206,1,"",false,,,,,,,,oz,,125.00,true,,,active
troy-polamalu-signed-pittsburgh-color-rush-football-jersey-beckett,,,,,,,,,,,,,,,,,,,,,,,,,,,,,,,,https://cdn.shopify.com/s/files/1/0642/7842/9930/files/polamalu-steelers-color-rush-autographed-stitched-football-jersey-signature.jpg?v=1756763206,2,"",,,,,,,,,,,,,,,
troy-polamalu-signed-pittsburgh-color-rush-football-jersey-beckett,,,,,,,,,,,,,,,,,,,,,,,,,,,,,,,,https://cdn.shopify.com/s/files/1/0642/7842/9930/files/polamalu-steelers-color-rush-autographed-stitched-football-jersey-front.jpg?v=1756763206,3,"",,,,,,,,,,,,,,,
curtis-duncan-signed-houston-light-blue-football-jersey-jsa,Curtis Duncan Signed Houston Light Blue Football Jersey (JSA),"<p>This custom stitched football jersey has been personally hand signed by Curtis Duncan and authenticated by a top 3rd party authentication company. All autographed sports collectibles are limited! Order now to add this timeless piece of football memorabilia to your collection before it’s gone.</p><ul>
<li>Hand signed Football jersey autographed by Curtis Duncan and authenticated by JSA</li>
<li>Includes a tamper-proof authentication sticker from JSA</li>
<li>90-day Satisfaction Guarantee: if you are not completely satisfied with your piece of memorabilia, return the item in its original condition and receive a full refund</li>
</ul>",RSA,Uncategorized,Autographed Football Jerseys,"07-03-RSA, FB, inhouse, jersey, New Arrival, Oilers, V",true,Title,Default Title,,,,,,,,RSA-11964,907.1989147615625,shopify,8,deny,manual,39.00,59.99,true,true,,,,,,https://cdn.shopify.com/s/files/1/0642/7842/9930/files/duncan-oilers-light-blue-autographed-stitched-football-jersey-back.jpg?v=1756763206,1,"",false,,,,,,,,oz,,21.00,true,,,active
curtis-duncan-signed-houston-light-blue-football-jersey-jsa,,,,,,,,,,,,,,,,,,,,,,,,,,,,,,,,https://cdn.shopify.com/s/files/1/0642/7842/9930/files/duncan-oilers-light-blue-autographed-stitched-baseball-jersey-signature.jpg?v=1756763207,2,"",,,,,,,,,,,,,,,
curtis-duncan-signed-houston-light-blue-football-jersey-jsa,,,,,,,,,,,,,,,,,,,,,,,,,,,,,,,,https://cdn.shopify.com/s/files/1/0642/7842/9930/files/duncan-oilers-light-blue-autographed-stitched-baseball-jersey-front.jpg?v=1756763207,3,"",,,,,,,,,,,,,,,
michael-penix-jr-signed-atlanta-white-football-jersey-beckett,Michael Penix Jr. Signed Atlanta White Football Jersey (Beckett),"<p>This custom stitched football jersey has been personally hand signed by Michael Penix Jr. and authenticated by a top 3rd party authentication company. All autographed sports collectibles are limited! Order now to add this timeless piece of football memorabilia to your collection before it’s gone.</p><ul>
<li>Hand signed Football jersey autographed by Michael Penix Jr. and authenticated by Beckett</li>
<li>Includes a <em>Witnessed Protection Program</em> tamper-proof authentication sticker from Beckett</li>
<li>90-day Satisfaction Guarantee: if you are not completely satisfied with your piece of memorabilia, return the item in its original condition and receive a full refund</li>
</ul>",RSA,,Autographed Football Jerseys,"07-03-RSA, Current Star, Falcons, FB, inhouse, jersey, New Arrival, V",true,Title,Default Title,,,,,,,,RSA-11953,907.1989147615625,shopify,5,deny,manual,135.00,169.99,true,true,,,,,,https://cdn.shopify.com/s/files/1/0642/7842/9930/files/penix-jr-falcons-white-autographed-stitched-football-jersey-back.jpg?v=1756763207,1,"",false,,,,,,,,oz,,100.00,true,,,active
michael-penix-jr-signed-atlanta-white-football-jersey-beckett,,,,,,,,,,,,,,,,,,,,,,,,,,,,,,,,https://cdn.shopify.com/s/files/1/0642/7842/9930/files/penix-jr-falcons-white-autographed-stitched-football-jersey-signature.jpg?v=1756763207,2,"",,,,,,,,,,,,,,,
michael-penix-jr-signed-atlanta-white-football-jersey-beckett,,,,,,,,,,,,,,,,,,,,,,,,,,,,,,,,https://cdn.shopify.com/s/files/1/0642/7842/9930/files/penix-jr-falcons-white-autographed-stitched-football-jersey-front.jpg?v=1756763207,3,"",,,,,,,,,,,,,,,
michael-penix-jr-signed-atlanta-black-throwback-football-jersey-beckett,Michael Penix Jr. Signed Atlanta Black Throwback Football Jersey (Beckett),"<p>This custom stitched football jersey has been personally hand signed by Michael Penix Jr. and authenticated by a top 3rd party authentication company. All autographed sports collectibles are limited! Order now to add this timeless piece of football memorabilia to your collection before it’s gone.</p>
<ul>
<li>Hand signed Football jersey autographed by Michael Penix Jr. and authenticated by Beckett</li>
<li>Includes a <em>Witnessed Protection Program</em> tamper-proof authentication sticker from Beckett</li>
<li>90-day Satisfaction Guarantee: if you are not completely satisfied with your piece of memorabilia, return the item in its original condition and receive a full refund</li>
</ul>",RSA,,Autographed Football Jerseys,"07-03-RSA, Current Star, Falcons, FB, inhouse, jersey, New Arrival, V",true,Title,Default Title,,,,,,,,RSA-11952,907.1989147615625,shopify,11,deny,manual,135.00,169.99,true,true,,,,,,https://cdn.shopify.com/s/files/1/0642/7842/9930/files/penix-jr-falcons-black-throwback-autographed-stitched-football-jersey-back.jpg?v=1749078057,1,"",false,,,,,,,,oz,,100.00,true,,,active
michael-penix-jr-signed-atlanta-black-throwback-football-jersey-beckett,,,,,,,,,,,,,,,,,,,,,,,,,,,,,,,,https://cdn.shopify.com/s/files/1/0642/7842/9930/files/penix-jr-falcons-black-throwback-autographed-stitched-football-jersey-signature.jpg?v=1749078058,2,"",,,,,,,,,,,,,,,
michael-penix-jr-signed-atlanta-black-throwback-football-jersey-beckett,,,,,,,,,,,,,,,,,,,,,,,,,,,,,,,,https://cdn.shopify.com/s/files/1/0642/7842/9930/files/penix-jr-falcons-black-throwback-autographed-stitched-football-jersey-front.jpg?v=1749078060,3,"",,,,,,,,,,,,,,,
baker-mayfield-signed-tampa-bay-alternate-orange-football-jersey-beckett,Baker Mayfield Signed Tampa Bay Alternate Orange Football Jersey (Beckett),"<p>This custom stitched football jersey has been personally hand signed by Baker Mayfield and authenticated by a top 3rd party authentication company. All autographed sports collectibles are limited! Order now to add this timeless piece of football memorabilia to your collection before it’s gone.</p><ul>
<li>Hand signed Football jersey autographed by Baker Mayfield and authenticated by Beckett</li>
<li>Includes a <em>Witnessed Protection Program</em> tamper-proof authentication sticker from Beckett</li>
<li>90-day Satisfaction Guarantee: if you are not completely satisfied with your piece of memorabilia, return the item in its original condition and receive a full refund</li>
</ul>",RSA,,Autographed Football Jerseys,"07-03-RSA, Buccaneers, FB, inhouse, jersey, New Arrival, V",true,Title,Default Title,,,,,,,,RSA-11955,907.1989147615625,shopify,73,deny,manual,170.00,199.99,true,true,,,,,,https://cdn.shopify.com/s/files/1/0642/7842/9930/files/mayfield-buccaneers-throwback-autographed-stitched-football-jersey-back.jpg?v=1756763208,1,"",false,,,,,,,,oz,,125.00,true,,,active
baker-mayfield-signed-tampa-bay-alternate-orange-football-jersey-beckett,,,,,,,,,,,,,,,,,,,,,,,,,,,,,,,,https://cdn.shopify.com/s/files/1/0642/7842/9930/files/mayfield-buccaneers-throwback-autographed-stitched-football-jersey-front.jpg?v=1756763208,2,"",,,,,,,,,,,,,,,
baker-mayfield-signed-tampa-bay-alternate-orange-football-jersey-beckett,,,,,,,,,,,,,,,,,,,,,,,,,,,,,,,,https://cdn.shopify.com/s/files/1/0642/7842/9930/files/mayfield-buccaneers-throwback-autographed-stitched-football-jersey-signature.jpg?v=1756763208,3,"",,,,,,,,,,,,,,,
doug-dieken-signed-cleveland-brown-football-jersey-jsa,Doug Dieken Signed Cleveland Brown Football Jersey (JSA),"<p>This custom stitched football jersey has been personally hand signed by Doug Dieken and authenticated by a top 3rd party authentication company. All autographed sports collectibles are limited! Order now to add this timeless piece of football memorabilia to your collection before it’s gone.</p><ul>
<li>Hand signed Football jersey autographed by Doug Dieken and authenticated by JSA</li>
<li>Includes a <em>Witnessed Protection Program</em> tamper-proof authentication sticker from JSA</li>
<li>90-day Satisfaction Guarantee: if you are not completely satisfied with your piece of memorabilia, return the item in its original condition and receive a full refund</li>
</ul>",RSA,,Autographed Football Jerseys,"07-03-RSA, Browns, FB, inhouse, jersey, New Arrival, V",true,Title,Default Title,,,,,,,,RSA-11921,907.1989147615625,shopify,32,deny,manual,42.00,59.99,true,true,,,,,,https://cdn.shopify.com/s/files/1/0642/7842/9930/files/dieken-browns-brown-autographed-stitched-football-jersey-back.jpg?v=1756763209,1,"",false,,,,,,,,oz,,23.00,true,,,active
doug-dieken-signed-cleveland-brown-football-jersey-jsa,,,,,,,,,,,,,,,,,,,,,,,,,,,,,,,,https://cdn.shopify.com/s/files/1/0642/7842/9930/files/dieken-browns-brown-autographed-stitched-football-jersey-signature.jpg?v=1756763209,2,"",,,,,,,,,,,,,,,
doug-dieken-signed-cleveland-brown-football-jersey-jsa,,,,,,,,,,,,,,,,,,,,,,,,,,,,,,,,https://cdn.shopify.com/s/files/1/0642/7842/9930/files/dieken-browns-brown-autographed-stitched-football-jersey-front.jpg?v=1756763209,3,"",,,,,,,,,,,,,,,
baker-mayfield-signed-tampa-bay-black-football-jersey-beckett,Baker Mayfield Signed Tampa Bay Black Football Jersey (Beckett),"<p>This custom stitched football jersey has been personally hand signed by Baker Mayfield and authenticated by a top 3rd party authentication company. All autographed sports collectibles are limited! Order now to add this timeless piece of football memorabilia to your collection before it’s gone.</p><ul>
<li>Hand signed Football jersey autographed by Baker Mayfield and authenticated by Beckett</li>
<li>Includes a <em>Witnessed Protection Program</em> tamper-proof authentication sticker from Beckett</li>
<li>90-day Satisfaction Guarantee: if you are not completely satisfied with your piece of memorabilia, return the item in its original condition and receive a full refund</li>
</ul>",RSA,,Autographed Football Jerseys,"07-03-RSA, Buccaneers, Current Star, FB, inhouse, jersey, New Arrival, V",true,Title,Default Title,,,,,,,,RSA-11926,907.1989147615625,shopify,31,deny,manual,170.00,199.99,true,true,,,,,,https://cdn.shopify.com/s/files/1/0642/7842/9930/files/mayfield-buccaneers-black-autographed-stitched-football-jersey-back.jpg?v=1756763209,1,"",false,,,,,,,,oz,,125.00,true,,,active
baker-mayfield-signed-tampa-bay-black-football-jersey-beckett,,,,,,,,,,,,,,,,,,,,,,,,,,,,,,,,https://cdn.shopify.com/s/files/1/0642/7842/9930/files/mayfield-buccaneers-black-autographed-stitched-football-jersey-signature.jpg?v=1756763209,2,"",,,,,,,,,,,,,,,
baker-mayfield-signed-tampa-bay-black-football-jersey-beckett,,,,,,,,,,,,,,,,,,,,,,,,,,,,,,,,https://cdn.shopify.com/s/files/1/0642/7842/9930/files/mayfield-buccaneers-black-autographed-stitched-football-jersey-front.jpg?v=1756763209,3,"",,,,,,,,,,,,,,,
pepper-johnson-signed-new-york-white-football-jersey-beckett,Pepper Johnson Signed New York White Football Jersey (Beckett),"<p>This custom stitched football jersey has been personally hand signed by Pepper Johnson and authenticated by a top 3rd party authentication company. All autographed sports collectibles are limited! Order now to add this timeless piece of football memorabilia to your collection before it’s gone.</p>
<ul>
<li>Hand signed Football jersey autographed by Pepper Johnson and authenticated by Beckett</li>
<li>Includes a <em>Witnessed Protection Program</em> tamper-proof authentication sticker from Beckett</li>
<li>90-day Satisfaction Guarantee: if you are not completely satisfied with your piece of memorabilia, return the item in its original condition and receive a full refund</li>
</ul>",RSA,,Autographed Football Jerseys,"06-03-RSA, FB, Giants, inhouse, jersey, New Arrival, V",false,Title,Default Title,,,,,,,,RSA-11853,907.1989147615625,shopify,2,deny,manual,41.00,59.99,true,true,,,,,,https://cdn.shopify.com/s/files/1/0642/7842/9930/files/johnson-giants-white-autographed-stitched-football-jersey-back.jpg?v=1756763210,1,"",false,,,,,,,,oz,,25.00,true,,,active
pepper-johnson-signed-new-york-white-football-jersey-beckett,,,,,,,,,,,,,,,,,,,,,,,,,,,,,,,,https://cdn.shopify.com/s/files/1/0642/7842/9930/files/johnson-giants-white-autographed-stitched-football-jersey-signature.jpg?v=1756763210,2,"",,,,,,,,,,,,,,,
pepper-johnson-signed-new-york-white-football-jersey-beckett,,,,,,,,,,,,,,,,,,,,,,,,,,,,,,,,https://cdn.shopify.com/s/files/1/0642/7842/9930/files/johnson-giants-white-autographed-stitched-football-jersey-front.jpg?v=1756763210,3,"",,,,,,,,,,,,,,,
pepper-johnson-signed-new-york-blue-football-jersey-beckett,Pepper Johnson Signed New York Blue Football Jersey (Beckett),"<p>This custom stitched football jersey has been personally hand signed by Pepper Johnson and authenticated by a top 3rd party authentication company. All autographed sports collectibles are limited! Order now to add this timeless piece of football memorabilia to your collection before it’s gone.</p><ul>
<li>Hand signed Football jersey autographed by Pepper Johnson and authenticated by Beckett</li>
<li>Includes a <em>Witnessed Protection Program</em> tamper-proof authentication sticker from Beckett</li>
<li>90-day Satisfaction Guarantee: if you are not completely satisfied with your piece of memorabilia, return the item in its original condition and receive a full refund</li>
</ul>",RSA,,Autographed Football Jerseys,"06-03-RSA, FB, Giants, inhouse, jersey, New Arrival, V",false,Title,Default Title,,,,,,,,RSA-11852,907.1989147615625,shopify,6,deny,manual,41.00,59.99,true,true,,,,,,https://cdn.shopify.com/s/files/1/0642/7842/9930/files/johnson-giants-blue-autographed-stitched-football-jersey-back.jpg?v=1756763210,1,"",false,,,,,,,,oz,,25.00,true,,,active
pepper-johnson-signed-new-york-blue-football-jersey-beckett,,,,,,,,,,,,,,,,,,,,,,,,,,,,,,,,https://cdn.shopify.com/s/files/1/0642/7842/9930/files/johnson-giants-blue-autographed-stitched-football-jersey-signature.jpg?v=1756763211,2,"",,,,,,,,,,,,,,,
pepper-johnson-signed-new-york-blue-football-jersey-beckett,,,,,,,,,,,,,,,,,,,,,,,,,,,,,,,,https://cdn.shopify.com/s/files/1/0642/7842/9930/files/johnson-giants-blue-autographed-stitched-football-jersey-front.jpg?v=1756763211,3,"",,,,,,,,,,,,,,,
joe-delamielleure-signed-hof-02-inscription-buffalo-white-football-jersey-jsa,Joe DeLamielleure Signed HOF 03 Inscription Buffalo White Football Jersey (BECKETT ),"<p>This custom stitched football jersey has been personally hand signed by Joe DeLamielleure and authenticated by a top 3rd party authentication company. All autographed sports collectibles are limited! Order now to add this timeless piece of football memorabilia to your collection before it’s gone.</p>
<ul>
<li>Hand signed Football jersey autographed by Joe DeLamielleure with HOF 03 inscription and authenticated by BECKETT </li>
<li>Includes a <em>Witnessed Protection Program</em> tamper-proof authentication sticker from BECKETT </li>
<li>90-day Satisfaction Guarantee: if you are not completely satisfied with your piece of memorabilia, return the item in its original condition and receive a full refund</li>
</ul>",RSA,,Autographed Football Jerseys,"06-03-RSA, Bills, FB, inhouse, jersey, New Arrival, V",true,Title,Default Title,,,,,,,,RSA-11818,907.1989147615625,shopify,33,deny,manual,41.00,59.99,true,true,,,,,,https://cdn.shopify.com/s/files/1/0642/7842/9930/files/delamielleure-bills-hof-03-white-autographed-stitched-football-jersey-back.jpg?v=1756763216,1,"",false,,,,,,,,oz,,23.00,true,,,active
joe-delamielleure-signed-hof-02-inscription-buffalo-white-football-jersey-jsa,,,,,,,,,,,,,,,,,,,,,,,,,,,,,,,,https://cdn.shopify.com/s/files/1/0642/7842/9930/files/delamielleure-bills-hof-03-white-autographed-stitched-football-jersey-signature.jpg?v=1756763216,2,"",,,,,,,,,,,,,,,
joe-delamielleure-signed-hof-02-inscription-buffalo-white-football-jersey-jsa,,,,,,,,,,,,,,,,,,,,,,,,,,,,,,,,https://cdn.shopify.com/s/files/1/0642/7842/9930/files/delamielleure-bills-hof-03-white-autographed-stitched-football-jersey-front.jpg?v=1756763216,3,"",,,,,,,,,,,,,,,
joe-delamielleure-signed-buffalo-white-football-jersey-jsa,Joe DeLamielleure Signed Buffalo White Football Jersey (JSA),"<p>This custom stitched football jersey has been personally hand signed by Joe DeLamielleure and authenticated by a top 3rd party authentication company. All autographed sports collectibles are limited! Order now to add this timeless piece of football memorabilia to your collection before it’s gone.</p>
<ul>
<li>Hand signed Football jersey autographed by Joe DeLamielleure and authenticated by JSA</li>
<li>Includes a <em>Witnessed Protection Program</em> tamper-proof authentication sticker from JSA</li>
<li>90-day Satisfaction Guarantee: if you are not completely satisfied with your piece of memorabilia, return the item in its original condition and receive a full refund</li>
</ul>",RSA,,Autographed Football Jerseys,"06-03-RSA, Bills, FB, inhouse, jersey, New Arrival, V",true,Title,Default Title,,,,,,,,RSA-11819,907.1989147615625,shopify,46,deny,manual,41.00,59.99,true,true,,,,,,https://cdn.shopify.com/s/files/1/0642/7842/9930/files/delamielleure-bills-white-autographed-stitched-football-jersey-back.jpg?v=1756763216,1,"",false,,,,,,,,oz,,23.00,true,,,active
joe-delamielleure-signed-buffalo-white-football-jersey-jsa,,,,,,,,,,,,,,,,,,,,,,,,,,,,,,,,https://cdn.shopify.com/s/files/1/0642/7842/9930/files/delamielleure-bills-white-autographed-stitched-football-jersey-signature.jpg?v=1756763217,2,"",,,,,,,,,,,,,,,
joe-delamielleure-signed-buffalo-white-football-jersey-jsa,,,,,,,,,,,,,,,,,,,,,,,,,,,,,,,,https://cdn.shopify.com/s/files/1/0642/7842/9930/files/delamielleure-bills-white-autographed-stitched-football-jersey-front.jpg?v=1756763217,3,"",,,,,,,,,,,,,,,
darren-sproles-signed-philadelphia-green-football-jersey-beckett,Darren Sproles Signed Philadelphia Green Football Jersey (Beckett),"<p>This custom stitched football jersey has been personally hand signed by Darren Sproles and authenticated by a top 3rd party authentication company. All autographed sports collectibles are limited! Order now to add this timeless piece of football memorabilia to your collection before it’s gone.</p><ul>
<li>Hand signed Football jersey autographed by Darren Sproles and authenticated by Beckett</li>
<li>Includes a <em>Witnessed Protection Program</em> tamper-proof authentication sticker from Beckett</li>
<li>90-day Satisfaction Guarantee: if you are not completely satisfied with your piece of memorabilia, return the item in its original condition and receive a full refund</li>
</ul>",RSA,,Autographed Football Jerseys,"07-03-RSA, Eagles, FB, inhouse, jersey, New Arrival, V",true,Title,Default Title,,,,,,,,RSA-11820,907.1989147615625,shopify,6,deny,manual,49.00,69.99,true,true,,,,,,https://cdn.shopify.com/s/files/1/0642/7842/9930/files/sproles-eagles-green-autographed-stitched-football-jersey-back.jpg?v=1756763218,1,"",false,,,,,,,,oz,,30.00,true,,,active
darren-sproles-signed-philadelphia-green-football-jersey-beckett,,,,,,,,,,,,,,,,,,,,,,,,,,,,,,,,https://cdn.shopify.com/s/files/1/0642/7842/9930/files/sproles-eagles-green-autographed-stitched-football-jersey-signature.jpg?v=1756763218,2,"",,,,,,,,,,,,,,,
darren-sproles-signed-philadelphia-green-football-jersey-beckett,,,,,,,,,,,,,,,,,,,,,,,,,,,,,,,,https://cdn.shopify.com/s/files/1/0642/7842/9930/files/sproles-eagles-green-autographed-stitched-football-jersey-front.jpg?v=1756763218,3,"",,,,,,,,,,,,,,,
rodney-harrison-signed-new-england-white-football-jersey-beckett,Rodney Harrison Signed New England White Football Jersey (Beckett),"<p>This custom stitched football jersey has been personally hand signed by Rodney Harrison and authenticated by a top 3rd party authentication company. All autographed sports collectibles are limited! Order now to add this timeless piece of football memorabilia to your collection before it’s gone.</p><ul>
<li>Hand signed Football jersey autographed by Rodney Harrison and authenticated by Beckett</li>
<li>Includes a <em>Witnessed Protection Program</em> tamper-proof authentication sticker from Beckett</li>
<li>90-day Satisfaction Guarantee: if you are not completely satisfied with your piece of memorabilia, return the item in its original condition and receive a full refund</li>
</ul>",RSA,,Autographed Football Jerseys,"06-03-RSA, FB, inhouse, jersey, New Arrival, Patriots, V",true,Title,Default Title,,,,,,,,RSA-11780,907.1989147615625,shopify,38,deny,manual,72.00,109.99,true,true,,,,,,https://cdn.shopify.com/s/files/1/0642/7842/9930/files/harrison-patriots-white-autographed-stitched-football-jersey-back.jpg?v=1756763218,1,"",false,,,,,,,,oz,,50.00,false,,,active
rodney-harrison-signed-new-england-white-football-jersey-beckett,,,,,,,,,,,,,,,,,,,,,,,,,,,,,,,,https://cdn.shopify.com/s/files/1/0642/7842/9930/files/harrison-patriots-white-autographed-stitched-football-jersey-signature.jpg?v=1756763218,2,"",,,,,,,,,,,,,,,
rodney-harrison-signed-new-england-white-football-jersey-beckett,,,,,,,,,,,,,,,,,,,,,,,,,,,,,,,,https://cdn.shopify.com/s/files/1/0642/7842/9930/files/harrison-patriots-white-autographed-stitched-football-jersey-front.jpg?v=1756763218,3,"",,,,,,,,,,,,,,,
rodney-harrison-signed-new-england-red-football-jersey-beckett,Rodney Harrison Signed New England Red Football Jersey (Beckett),"<p>This custom stitched football jersey has been personally hand signed by Rodney Harrison and authenticated by a top 3rd party authentication company. All autographed sports collectibles are limited! Order now to add this timeless piece of football memorabilia to your collection before it’s gone.</p><ul>
<li>Hand signed Football jersey autographed by Rodney Harrison and authenticated by Beckett</li>
<li>Includes a <em>Witnessed Protection Program</em> tamper-proof authentication sticker from Beckett</li>
<li>90-day Satisfaction Guarantee: if you are not completely satisfied with your piece of memorabilia, return the item in its original condition and receive a full refund</li>
</ul>",RSA,,Autographed Football Jerseys,"06-03-RSA, FB, inhouse, jersey, New Arrival, Patriots, V",true,Title,Default Title,,,,,,,,RSA-11781,907.1989147615625,shopify,56,deny,manual,72.00,109.99,true,true,,,,,,https://cdn.shopify.com/s/files/1/0642/7842/9930/files/harrison-patriots-red-autographed-stitched-football-jersey-back_4cd4ffb4-c3fe-497f-b12b-a63058712121.jpg?v=1756763219,1,"",false,,,,,,,,oz,,50.00,false,,,active
rodney-harrison-signed-new-england-red-football-jersey-beckett,,,,,,,,,,,,,,,,,,,,,,,,,,,,,,,,https://cdn.shopify.com/s/files/1/0642/7842/9930/files/harrison-patriots-red-autographed-stitched-football-jersey-signature_88e26e4d-d421-4778-a811-811adb48ddad.jpg?v=1756763219,2,"",,,,,,,,,,,,,,,
rodney-harrison-signed-new-england-red-football-jersey-beckett,,,,,,,,,,,,,,,,,,,,,,,,,,,,,,,,https://cdn.shopify.com/s/files/1/0642/7842/9930/files/harrison-patriots-red-autographed-stitched-football-jersey-front_6a82f6b2-d98a-41f3-9cab-4d18374b6fd4.jpg?v=1756763219,3,"",,,,,,,,,,,,,,,
chuck-mercein-signed-ice-bowl-inscription-green-bay-white-football-jersey-jsa,Chuck Mercein Signed Ice Bowl Inscription Green Bay White Football Jersey (JSA),"<p>This custom stitched football jersey has been personally hand signed by Chuck Mercein and authenticated by a top 3rd party authentication company. All autographed sports collectibles are limited! Order now to add this timeless piece of football memorabilia to your collection before it’s gone.</p><ul>
<li>Hand signed Football jersey autographed by Chuck Mercein with Ice Bowl inscription and authenticated by JSA</li>
<li>Includes a <em>Witnessed Protection Program</em> tamper-proof authentication sticker from JSA</li>
<li>90-day Satisfaction Guarantee: if you are not completely satisfied with your piece of memorabilia, return the item in its original condition and receive a full refund</li>
</ul>",RSA,,Autographed Football Jerseys,"06-03-RSA, FB, inhouse, jersey, New Arrival, Packers, V",true,Title,Default Title,,,,,,,,RSA-11782,907.1989147615625,shopify,38,deny,manual,40.00,54.99,true,true,,,,,,https://cdn.shopify.com/s/files/1/0642/7842/9930/files/mercein-packers-ice-bowl-white-autographed-stitched-football-jersey-back.jpg?v=1756763220,1,"",false,,,,,,,,oz,,21.00,false,,,active
chuck-mercein-signed-ice-bowl-inscription-green-bay-white-football-jersey-jsa,,,,,,,,,,,,,,,,,,,,,,,,,,,,,,,,https://cdn.shopify.com/s/files/1/0642/7842/9930/files/mercein-packers-ice-bowl-white-autographed-stitched-football-jersey-signature.jpg?v=1756763220,2,"",,,,,,,,,,,,,,,
chuck-mercein-signed-ice-bowl-inscription-green-bay-white-football-jersey-jsa,,,,,,,,,,,,,,,,,,,,,,,,,,,,,,,,https://cdn.shopify.com/s/files/1/0642/7842/9930/files/mercein-packers-ice-bowl-white-autographed-stitched-football-jersey-front.jpg?v=1756763220,3,"",,,,,,,,,,,,,,,
antowain-smith-signed-2x-sb-champ-inscription-new-england-red-football-jersey-jsa,Antowain Smith Signed 2x SB Champ Inscription New England Red Football Jersey (JSA),"<p>This custom stitched football jersey has been personally hand signed by Antowain Smith and authenticated by a top 3rd party authentication company. All autographed sports collectibles are limited! Order now to add this timeless piece of football memorabilia to your collection before it’s gone.</p><ul>
<li>Hand signed Football jersey autographed by Antowain Smith with 2x SB Champ inscription and authenticated by JSA</li>
<li>Includes a <em>Witnessed Protection Program</em> tamper-proof authentication sticker from JSA</li>
<li>90-day Satisfaction Guarantee: if you are not completely satisfied with your piece of memorabilia, return the item in its original condition and receive a full refund</li>
</ul>",RSA,,Autographed Football Jerseys,"06-03-RSA, FB, inhouse, jersey, New Arrival, Patriots, V",true,Title,Default Title,,,,,,,,RSA-11784,907.1989147615625,shopify,14,deny,manual,40.00,59.99,true,true,,,,,,https://cdn.shopify.com/s/files/1/0642/7842/9930/files/smith-patriots-2x-sb-champ-red-autographed-stitched-football-jersey-back.jpg?v=1756763221,1,"",false,,,,,,,,oz,,25.00,false,,,active
antowain-smith-signed-2x-sb-champ-inscription-new-england-red-football-jersey-jsa,,,,,,,,,,,,,,,,,,,,,,,,,,,,,,,,https://cdn.shopify.com/s/files/1/0642/7842/9930/files/smith-patriots-2x-sb-champ-red-autographed-stitched-football-jersey-signature.jpg?v=1756763221,2,"",,,,,,,,,,,,,,,
antowain-smith-signed-2x-sb-champ-inscription-new-england-red-football-jersey-jsa,,,,,,,,,,,,,,,,,,,,,,,,,,,,,,,,https://cdn.shopify.com/s/files/1/0642/7842/9930/files/smith-patriots-2x-sb-champ-red-autographed-stitched-football-jersey-front.jpg?v=1756763221,3,"",,,,,,,,,,,,,,,
antowain-smith-signed-2x-sb-champ-inscription-new-england-blue-football-jersey-jsa,Antowain Smith Signed 2x SB Champ Inscription New England Navy Football Jersey (JSA),"<p>This custom stitched football jersey has been personally hand signed by Antowain Smith and authenticated by a top 3rd party authentication company. All autographed sports collectibles are limited! Order now to add this timeless piece of football memorabilia to your collection before it’s gone.</p><ul>
<li>Hand signed Football jersey autographed by Antowain Smith with 2x SB Champ inscription and authenticated by JSA</li>
<li>Includes a <em>Witnessed Protection Program</em> tamper-proof authentication sticker from JSA</li>
<li>90-day Satisfaction Guarantee: if you are not completely satisfied with your piece of memorabilia, return the item in its original condition and receive a full refund</li>
</ul>",RSA,,Autographed Football Jerseys,"06-03-RSA, FB, inhouse, jersey, New Arrival, Patriots, V",true,Title,Default Title,,,,,,,,RSA-11783,907.1989147615625,shopify,30,deny,manual,40.00,59.99,true,true,,,,,,https://cdn.shopify.com/s/files/1/0642/7842/9930/files/smith-patriots-2x-sb-champ-blue-autographed-stitched-football-jersey-back.jpg?v=1756763222,1,"",false,,,,,,,,oz,,25.00,false,,,active
antowain-smith-signed-2x-sb-champ-inscription-new-england-blue-football-jersey-jsa,,,,,,,,,,,,,,,,,,,,,,,,,,,,,,,,https://cdn.shopify.com/s/files/1/0642/7842/9930/files/smith-patriots-2x-sb-champ-blue-autographed-stitched-football-jersey-front.jpg?v=1756763222,2,"",,,,,,,,,,,,,,,
antowain-smith-signed-2x-sb-champ-inscription-new-england-blue-football-jersey-jsa,,,,,,,,,,,,,,,,,,,,,,,,,,,,,,,,https://cdn.shopify.com/s/files/1/0642/7842/9930/files/smith-patriots-2x-sb-champ-blue-autographed-stitched-football-jersey-signature.jpg?v=1756763222,3,"",,,,,,,,,,,,,,,
nolan-cromwell-signed-1990s-all-decade-team-inscription-los-angeles-royal-blue-football-jersey-jsa,Nolan Cromwell Signed 1990's All Decade Team Inscription Los Angeles Royal Blue Football Jersey (JSA),"<p>This custom stitched football jersey has been personally hand signed by Nolan Cromwell and authenticated by a top 3rd party authentication company. All autographed sports collectibles are limited! Order now to add this timeless piece of football memorabilia to your collection before it’s gone.</p><ul>
<li>Hand signed Football jersey autographed by Nolan Cromwell with 1990's All Decade Team inscription and authenticated by JSA</li>
<li>Includes a tamper-proof authentication sticker from JSA</li>
<li>90-day Satisfaction Guarantee: if you are not completely satisfied with your piece of memorabilia, return the item in its original condition and receive a full refund</li>
</ul>",RSA,,Autographed Football Jerseys,"06-03-RSA, FB, inhouse, jersey, New Arrival, Rams, V",true,Title,Default Title,,,,,,,,RSA-11765,963.900795963875,shopify,17,deny,manual,45.00,69.99,true,true,,,,,,https://cdn.shopify.com/s/files/1/0642/7842/9930/files/cromwell-rams-1990s-all-decade-team-autographed-stitched-football-jersey-back.jpg?v=1756763222,1,"",false,,,,,,,,oz,,25.00,true,,,active
nolan-cromwell-signed-1990s-all-decade-team-inscription-los-angeles-royal-blue-football-jersey-jsa,,,,,,,,,,,,,,,,,,,,,,,,,,,,,,,,https://cdn.shopify.com/s/files/1/0642/7842/9930/files/cromwell-rams-1990s-all-decade-team-autographed-stitched-football-jersey-signature.jpg?v=1756763222,2,"",,,,,,,,,,,,,,,
nolan-cromwell-signed-1990s-all-decade-team-inscription-los-angeles-royal-blue-football-jersey-jsa,,,,,,,,,,,,,,,,,,,,,,,,,,,,,,,,https://cdn.shopify.com/s/files/1/0642/7842/9930/files/cromwell-rams-1990s-all-decade-team-autographed-stitched-football-jersey-front.jpg?v=1756763222,3,"",,,,,,,,,,,,,,,
james-harrison-signed-pittsburgh-white-football-jersey-jsa,James Harrison Signed Pittsburgh White Football Jersey (JSA),"<p>This custom stitched football jersey has been personally hand signed by James Harrison and authenticated by a top 3rd party authentication company. All autographed sports collectibles are limited! Order now to add this timeless piece of football memorabilia to your collection before it’s gone.</p><ul>
<li>Hand signed Football jersey autographed by James Harrison and authenticated by JSA</li>
<li>Includes a <em>Witnessed Protection Program</em> tamper-proof authentication sticker from JSA</li>
<li>90-day Satisfaction Guarantee: if you are not completely satisfied with your piece of memorabilia, return the item in its original condition and receive a full refund</li>
</ul>",RSA,,Autographed Football Jerseys,"04-25-RSA, FB, inhouse, jersey, New Arrival, Steelers, V",true,Title,Default Title,,,,,,,,RSA-11593,907.1989147615625,shopify,3,deny,manual,130.00,169.99,true,true,,,,,,https://cdn.shopify.com/s/files/1/0642/7842/9930/files/harrison-steelers-white-autographed-stitched-football-jersey-back.jpg?v=1756763224,1,"",false,,,,,,,,oz,,90.00,false,,,active
james-harrison-signed-pittsburgh-white-football-jersey-jsa,,,,,,,,,,,,,,,,,,,,,,,,,,,,,,,,https://cdn.shopify.com/s/files/1/0642/7842/9930/files/harrison-steelers-white-autographed-stitched-football-jersey-signature.jpg?v=1756763224,2,"",,,,,,,,,,,,,,,
james-harrison-signed-pittsburgh-white-football-jersey-jsa,,,,,,,,,,,,,,,,,,,,,,,,,,,,,,,,https://cdn.shopify.com/s/files/1/0642/7842/9930/files/harrison-steelers-white-autographed-stitched-football-jersey-front.jpg?v=1756763224,3,"",,,,,,,,,,,,,,,
james-harrison-signed-pittsburgh-black-football-jersey-jsa,James Harrison Signed Pittsburgh Black Football Jersey (JSA),"<p>This custom stitched football jersey has been personally hand signed by James Harrison and authenticated by a top 3rd party authentication company. All autographed sports collectibles are limited! Order now to add this timeless piece of football memorabilia to your collection before it’s gone.</p><ul>
<li>Hand signed Football jersey autographed by James Harrison and authenticated by JSA</li>
<li>Includes a <em>Witnessed Protection Program</em> tamper-proof authentication sticker from JSA</li>
<li>90-day Satisfaction Guarantee: if you are not completely satisfied with your piece of memorabilia, return the item in its original condition and receive a full refund</li>
</ul>",RSA,,Autographed Football Jerseys,"04-25-RSA, FB, inhouse, jersey, New Arrival, Steelers, V",true,Title,Default Title,,,,,,,,RSA-11592,907.1989147615625,shopify,7,deny,manual,130.00,169.99,true,true,,,,,,https://cdn.shopify.com/s/files/1/0642/7842/9930/files/harrison-steelers-black-autographed-stitched-football-jersey-back_b80bac9e-a0e3-4207-86b6-07bd6253d320.jpg?v=1756763225,1,"",false,,,,,,,,oz,,90.00,false,,,active
james-harrison-signed-pittsburgh-black-football-jersey-jsa,,,,,,,,,,,,,,,,,,,,,,,,,,,,,,,,https://cdn.shopify.com/s/files/1/0642/7842/9930/files/harrison-steelers-black-autographed-stitched-football-jersey-signature_0975b387-6799-4d09-bb10-90a48f9f7420.jpg?v=1756763225,2,"",,,,,,,,,,,,,,,
james-harrison-signed-pittsburgh-black-football-jersey-jsa,,,,,,,,,,,,,,,,,,,,,,,,,,,,,,,,https://cdn.shopify.com/s/files/1/0642/7842/9930/files/harrison-steelers-black-autographed-stitched-football-jersey-front_ef53fe8f-16db-4f78-93c0-39983f0bd34b.jpg?v=1756763225,3,"",,,,,,,,,,,,,,,
james-cook-signed-buffalo-red-football-jersey-beckett,James Cook Signed Buffalo Red Football Jersey (Beckett),"<p>This custom stitched football jersey has been personally hand signed by James Cook and authenticated by a top 3rd party authentication company. All autographed sports collectibles are limited! Order now to add this timeless piece of football memorabilia to your collection before it’s gone.</p><ul>
<li>Hand signed Football jersey autographed by James Cook and authenticated by Beckett</li>
<li>Includes a <em>Witnessed Protection Program</em> tamper-proof authentication sticker from Beckett</li>
<li>90-day Satisfaction Guarantee: if you are not completely satisfied with your piece of memorabilia, return the item in its original condition and receive a full refund</li>
</ul>",RSA,,Autographed Football Jerseys,"04-25-RSA, Bills, Current Star, FB, inhouse, jersey, New Arrival, V",true,Title,Default Title,,,,,,,,RSA-11590,907.1989147615625,shopify,72,deny,manual,75.00,99.99,true,true,,,,,,https://cdn.shopify.com/s/files/1/0642/7842/9930/files/cook-bills-red-autographed-stitched-football-jersey-back.jpg?v=1756763226,1,"",false,,,,,,,,oz,,50.00,false,,,active
james-cook-signed-buffalo-red-football-jersey-beckett,,,,,,,,,,,,,,,,,,,,,,,,,,,,,,,,https://cdn.shopify.com/s/files/1/0642/7842/9930/files/cook-bills-red-autographed-stitched-football-jersey-signature.jpg?v=1756763226,2,"",,,,,,,,,,,,,,,
james-cook-signed-buffalo-red-football-jersey-beckett,,,,,,,,,,,,,,,,,,,,,,,,,,,,,,,,https://cdn.shopify.com/s/files/1/0642/7842/9930/files/cook-bills-red-autographed-stitched-football-jersey-front.jpg?v=1756763226,3,"",,,,,,,,,,,,,,,
james-cook-signed-buffalo-blue-football-jersey-beckett,James Cook Signed Buffalo Blue Football Jersey (Beckett),"<p>This custom stitched football jersey has been personally hand signed by James Cook and authenticated by a top 3rd party authentication company. All autographed sports collectibles are limited! Order now to add this timeless piece of football memorabilia to your collection before it’s gone.</p><ul>
<li>Hand signed Football jersey autographed by James Cook and authenticated by Beckett</li>
<li>Includes a <em>Witnessed Protection Program</em> tamper-proof authentication sticker from Beckett</li>
<li>90-day Satisfaction Guarantee: if you are not completely satisfied with your piece of memorabilia, return the item in its original condition and receive a full refund</li>
</ul>",RSA,,Autographed Football Jerseys,"04-25-RSA, Bills, Current Star, FB, inhouse, jersey, New Arrival, V",true,Title,Default Title,,,,,,,,RSA-11591,907.1989147615625,shopify,159,deny,manual,75.00,99.99,true,true,,,,,,https://cdn.shopify.com/s/files/1/0642/7842/9930/files/cook-bills-blue-autographed-stitched-football-jersey-back.jpg?v=1744671704,1,"",false,,,,,,,,oz,,50.00,false,,,active
james-cook-signed-buffalo-blue-football-jersey-beckett,,,,,,,,,,,,,,,,,,,,,,,,,,,,,,,,https://cdn.shopify.com/s/files/1/0642/7842/9930/files/cook-bills-blue-autographed-stitched-football-jersey-signature.jpg?v=1744671706,2,"",,,,,,,,,,,,,,,
james-cook-signed-buffalo-blue-football-jersey-beckett,,,,,,,,,,,,,,,,,,,,,,,,,,,,,,,,https://cdn.shopify.com/s/files/1/0642/7842/9930/files/cook-bills-blue-autographed-stitched-football-jersey-front.jpg?v=1744671707,3,"",,,,,,,,,,,,,,,
darrelle-revis-signed-new-york-white-football-jersey-beckett,Darrelle Revis Signed New York White Football Jersey (Beckett),"<p>This custom stitched football jersey has been personally hand signed by Darrelle Revis and authenticated by a top 3rd party authentication company. All autographed sports collectibles are limited! Order now to add this timeless piece of football memorabilia to your collection before it’s gone.</p><ul>
<li>Hand signed Football jersey autographed by Darrelle Revis and authenticated by Beckett</li>
<li>Includes a <em>Witnessed Protection Program</em> tamper-proof authentication sticker from Beckett</li>
<li>90-day Satisfaction Guarantee: if you are not completely satisfied with your piece of memorabilia, return the item in its original condition and receive a full refund</li>
</ul>",RSA,,Autographed Football Jerseys,"04-25-RSA, FB, inhouse, jersey, Jets, MYS_HOF, New Arrival, V",true,Title,Default Title,,,,,,,,RSA-11586,907.1989147615625,shopify,2,deny,manual,133.00,179.99,true,true,,,,,,https://cdn.shopify.com/s/files/1/0642/7842/9930/files/revis-jets-white-autographed-stitched-football-jersey-back.jpg?v=1756763227,1,"",false,,,,,,,,oz,,95.00,true,,,active
darrelle-revis-signed-new-york-white-football-jersey-beckett,,,,,,,,,,,,,,,,,,,,,,,,,,,,,,,,https://cdn.shopify.com/s/files/1/0642/7842/9930/files/revis-jets-white-autographed-stitched-football-jersey-signature.jpg?v=1756763227,2,"",,,,,,,,,,,,,,,
darrelle-revis-signed-new-york-white-football-jersey-beckett,,,,,,,,,,,,,,,,,,,,,,,,,,,,,,,,https://cdn.shopify.com/s/files/1/0642/7842/9930/files/revis-jets-white-autographed-stitched-football-jersey-front.jpg?v=1756763227,3,"",,,,,,,,,,,,,,,
zay-flowers-signed-baltimore-purple-football-jersey-jsa,Zay Flowers Signed Baltimore Purple Football Jersey (JSA),"<p>This custom stitched football jersey has been personally hand signed by Zay Flowers and authenticated by a top 3rd party authentication company. All autographed sports collectibles are limited! Order now to add this timeless piece of football memorabilia to your collection before it’s gone.</p><ul>
<li>Hand signed Football jersey autographed by Zay Flowers and authenticated by JSA</li>
<li>Includes a <em>Witnessed Protection Program</em> tamper-proof authentication sticker from JSA</li>
<li>90-day Satisfaction Guarantee: if you are not completely satisfied with your piece of memorabilia, return the item in its original condition and receive a full refund</li>
</ul>",RSA,Uncategorized,Autographed Football Jerseys,"04-25-RSA, Current Star, FB, inhouse, jersey, New Arrival, Ravens, V",true,Title,Default Title,,,,,,,,RSA-11545,907.1989147615625,shopify,69,deny,manual,80.00,119.99,true,true,,,,,,https://cdn.shopify.com/s/files/1/0642/7842/9930/files/flowers-ravens-purple-autographed-stitched-football-jersey-back.jpg?v=1756763228,1,"",false,,,,,,,,oz,,55.00,true,,,active
zay-flowers-signed-baltimore-purple-football-jersey-jsa,,,,,,,,,,,,,,,,,,,,,,,,,,,,,,,,https://cdn.shopify.com/s/files/1/0642/7842/9930/files/flowers-ravens-purple-autographed-stitched-football-jersey-signature.jpg?v=1756763228,2,"",,,,,,,,,,,,,,,
zay-flowers-signed-baltimore-purple-football-jersey-jsa,,,,,,,,,,,,,,,,,,,,,,,,,,,,,,,,https://cdn.shopify.com/s/files/1/0642/7842/9930/files/flowers-ravens-purple-autographed-stitched-football-jersey-front.jpg?v=1756763228,3,"",,,,,,,,,,,,,,,
zay-flowers-signed-baltimore-black-football-jersey-jsa,Zay Flowers Signed Baltimore Black Football Jersey (JSA),"<p>This custom stitched football jersey has been personally hand signed by Zay Flowers and authenticated by a top 3rd party authentication company. All autographed sports collectibles are limited! Order now to add this timeless piece of football memorabilia to your collection before it’s gone.</p><ul>
<li>Hand signed Football jersey autographed by Zay Flowers and authenticated by JSA</li>
<li>Includes a <em>Witnessed Protection Program</em> tamper-proof authentication sticker from JSA</li>
<li>90-day Satisfaction Guarantee: if you are not completely satisfied with your piece of memorabilia, return the item in its original condition and receive a full refund</li>
</ul>",RSA,Uncategorized,Autographed Football Jerseys,"04-25-RSA, Current Star, FB, inhouse, jersey, New Arrival, Ravens, V",true,Title,Default Title,,,,,,,,RSA-11544,907.1989147615625,shopify,29,deny,manual,80.00,119.99,true,true,,,,,,https://cdn.shopify.com/s/files/1/0642/7842/9930/files/flowers-ravens-black-autographed-stitched-football-jersey-back.jpg?v=1756763229,1,"",false,,,,,,,,oz,,55.00,true,,,active
zay-flowers-signed-baltimore-black-football-jersey-jsa,,,,,,,,,,,,,,,,,,,,,,,,,,,,,,,,https://cdn.shopify.com/s/files/1/0642/7842/9930/files/flowers-ravens-black-autographed-stitched-football-jersey-signature.jpg?v=1756763229,2,"",,,,,,,,,,,,,,,
zay-flowers-signed-baltimore-black-football-jersey-jsa,,,,,,,,,,,,,,,,,,,,,,,,,,,,,,,,https://cdn.shopify.com/s/files/1/0642/7842/9930/files/flowers-ravens-black-autographed-stitched-football-jersey-front.jpg?v=1756763229,3,"",,,,,,,,,,,,,,,
luis-lipps-signed-pittsburgh-black-football-jersey-beckett,Luis Lipps Signed Pittsburgh Black Football Jersey (Beckett),"<p>This custom stitched football jersey has been personally hand signed by Luis Lipps and authenticated by a top 3rd party authentication company. All autographed sports collectibles are limited! Order now to add this timeless piece of football memorabilia to your collection before it’s gone.</p>
<ul>
<li>Hand signed Football jersey autographed by Luis Lipps and authenticated by Beckett</li>
<li>Includes a <em>Witnessed Protection Program</em> tamper-proof authentication sticker from Beckett</li>
<li>90-day Satisfaction Guarantee: if you are not completely satisfied with your piece of memorabilia, return the item in its original condition and receive a full refund</li>
</ul>",RSA,,Autographed Football Jerseys,"07-03-RSA, FB, inhouse, jersey, New Arrival, Steelers, V",true,Title,Default Title,,,,,,,,RSA-11475,907.1989147615625,shopify,3,deny,manual,42.00,59.99,true,true,,,,,,https://cdn.shopify.com/s/files/1/0642/7842/9930/files/lipps-steelers-black-autographed-stitched-football-jersey-back.jpg?v=1756763242,1,"",false,,,,,,,,oz,,24.00,true,,,active
luis-lipps-signed-pittsburgh-black-football-jersey-beckett,,,,,,,,,,,,,,,,,,,,,,,,,,,,,,,,https://cdn.shopify.com/s/files/1/0642/7842/9930/files/lipps-steelers-black-autographed-stitched-football-jersey-signature.jpg?v=1756763243,2,"",,,,,,,,,,,,,,,
luis-lipps-signed-pittsburgh-black-football-jersey-beckett,,,,,,,,,,,,,,,,,,,,,,,,,,,,,,,,https://cdn.shopify.com/s/files/1/0642/7842/9930/files/lipps-steelers-black-autographed-stitched-football-jersey-front.jpg?v=1756763243,3,"",,,,,,,,,,,,,,,
eddie-lacy-signed-green-bay-green-football-jersey-jsa,Eddie Lacy Signed Green Bay Green Football Jersey (JSA),"<p>This custom stitched football jersey has been personally hand signed by Eddie Lacy and authenticated by a top 3rd party authentication company. All autographed sports collectibles are limited! Order now to add this timeless piece of football memorabilia to your collection before it’s gone.</p><ul>
<li>Hand signed Football jersey autographed by Eddie Lacy and authenticated by JSA</li>
<li>Includes a tamper-proof authentication sticker from JSA</li>
<li>90-day Satisfaction Guarantee: if you are not completely satisfied with your piece of memorabilia, return the item in its original condition and receive a full refund</li>
</ul>",RSA,,Autographed Football Jerseys,"04-25-RSA, FB, inhouse, jersey, New Arrival, Packers, V",true,Title,Default Title,,,,,,,,RSA-11452,907.1989147615625,shopify,11,deny,manual,45.00,59.99,true,true,,,,,,https://cdn.shopify.com/s/files/1/0642/7842/9930/files/lacy-packers-green-autographed-stitched-football-jersey-back.jpg?v=1756763245,1,"",false,,,,,,,,oz,,30.00,true,,,active
eddie-lacy-signed-green-bay-green-football-jersey-jsa,,,,,,,,,,,,,,,,,,,,,,,,,,,,,,,,https://cdn.shopify.com/s/files/1/0642/7842/9930/files/lacy-packers-green-autographed-stitched-football-jersey-signature.jpg?v=1756763246,2,"",,,,,,,,,,,,,,,
eddie-lacy-signed-green-bay-green-football-jersey-jsa,,,,,,,,,,,,,,,,,,,,,,,,,,,,,,,,https://cdn.shopify.com/s/files/1/0642/7842/9930/files/lacy-packers-green-autographed-stitched-football-jersey-front.jpg?v=1756763246,3,"",,,,,,,,,,,,,,,
ottis-anderson-signed-new-york-blue-football-jersey-jsa,Ottis Anderson Signed New York Blue Football Jersey (JSA),"<p>This custom stitched football jersey has been personally hand signed by Ottis Anderson and authenticated by a top 3rd party authentication company. All autographed sports collectibles are limited! Order now to add this timeless piece of football memorabilia to your collection before it’s gone.</p>
<ul>
<li>Hand signed Football jersey autographed by Ottis Anderson and authenticated by JSA</li>
<li>Includes a tamper-proof authentication sticker from JSA</li>
<li>90-day Satisfaction Guarantee: if you are not completely satisfied with your piece of memorabilia, return the item in its original condition and receive a full refund</li>
</ul>",RSA,,Autographed Football Jerseys,"04-25-RSA, FB, Giants, inhouse, jersey, New Arrival, V",true,Title,Default Title,,,,,,,,RSA-11451,907.1989147615625,shopify,2,deny,manual,40.00,59.99,true,true,,,,,,https://cdn.shopify.com/s/files/1/0642/7842/9930/files/anderson-giants-blue-autographed-stitched-football-jersey-back_4b7bb09c-956a-4221-8096-67f003de6042.jpg?v=1756763246,1,"",false,,,,,,,,oz,,22.00,true,,,active
ottis-anderson-signed-new-york-blue-football-jersey-jsa,,,,,,,,,,,,,,,,,,,,,,,,,,,,,,,,https://cdn.shopify.com/s/files/1/0642/7842/9930/files/anderson-giants-blue-autographed-stitched-football-jersey-signature_c065f3ed-f2ae-4672-b221-2d398bf816ed.jpg?v=1756763246,2,"",,,,,,,,,,,,,,,
ottis-anderson-signed-new-york-blue-football-jersey-jsa,,,,,,,,,,,,,,,,,,,,,,,,,,,,,,,,https://cdn.shopify.com/s/files/1/0642/7842/9930/files/anderson-giants-blue-autographed-stitched-football-jersey-front_1fdf5cf1-e77a-44d7-a428-3f309656c73d.jpg?v=1756763246,3,"",,,,,,,,,,,,,,,
jonnu-smith-signed-miami-teal-football-jersey-beckett,Jonnu Smith Signed Miami Teal Football Jersey (Beckett),"<p>This custom stitched football jersey has been personally hand signed by Jonnu Smith and authenticated by a top 3rd party authentication company. All autographed sports collectibles are limited! Order now to add this timeless piece of football memorabilia to your collection before it’s gone.</p><ul>
<li>Hand signed Football jersey autographed by Jonnu Smith and authenticated by Beckett</li>
<li>Includes a <em>Witnessed Protection Program</em> tamper-proof authentication sticker from Beckett</li>
<li>90-day Satisfaction Guarantee: if you are not completely satisfied with your piece of memorabilia, return the item in its original condition and receive a full refund</li>
</ul>",RSA,Uncategorized,Autographed Football Jerseys,"03-17-RSA, Current Star, Dolphins, FB, inhouse, jersey, New Arrival, V",true,Title,Default Title,,,,,,,,RSA-11428,907.1989147615625,shopify,50,deny,manual,35.00,49.99,true,true,,,,,,https://cdn.shopify.com/s/files/1/0642/7842/9930/files/smith-dolphins-teal-autographed-stitched-football-jersey-back.jpg?v=1756763250,1,"",false,,,,,,,,oz,,35.00,true,,,active
jonnu-smith-signed-miami-teal-football-jersey-beckett,,,,,,,,,,,,,,,,,,,,,,,,,,,,,,,,https://cdn.shopify.com/s/files/1/0642/7842/9930/files/smith-dolphins-teal-autographed-stitched-football-jersey-signature.jpg?v=1756763250,2,"",,,,,,,,,,,,,,,
jonnu-smith-signed-miami-teal-football-jersey-beckett,,,,,,,,,,,,,,,,,,,,,,,,,,,,,,,,https://cdn.shopify.com/s/files/1/0642/7842/9930/files/smith-dolphins-teal-autographed-stitched-football-jersey-front.jpg?v=1756763250,3,"",,,,,,,,,,,,,,,
robert-mathis-signed-indianapolis-salute-to-service-football-jersey-jsa,Robert Mathis Signed Indianapolis Salute to Service Football Jersey (JSA),"<p>This custom stitched football jersey has been personally hand signed by Robert Mathis and authenticated by a top 3rd party authentication company. All autographed sports collectibles are limited! Order now to add this timeless piece of football memorabilia to your collection before it’s gone.</p><ul>
<li>Hand signed Football jersey autographed by Robert Mathis and authenticated by JSA</li>
<li>Includes a <em>Witnessed Protection Program</em> tamper-proof authentication sticker from JSA</li>
<li>90-day Satisfaction Guarantee: if you are not completely satisfied with your piece of memorabilia, return the item in its original condition and receive a full refund</li>
</ul>",RSA,,Autographed Football Jerseys,"03-17-RSA, Colts, FB, inhouse, jersey, New Arrival, V",true,Title,Default Title,,,,,,,,RSA-11401,907.1989147615625,shopify,3,deny,manual,50.00,69.99,true,true,,,,,,https://cdn.shopify.com/s/files/1/0642/7842/9930/files/mathis-colts-salute-to-service-autographed-stitched-football-jersey-back.jpg?v=1756763252,1,"",false,,,,,,,,oz,,25.00,true,,,active
robert-mathis-signed-indianapolis-salute-to-service-football-jersey-jsa,,,,,,,,,,,,,,,,,,,,,,,,,,,,,,,,https://cdn.shopify.com/s/files/1/0642/7842/9930/files/mathis-colts-salute-to-service-autographed-stitched-football-jersey-signature.jpg?v=1756763252,2,"",,,,,,,,,,,,,,,
robert-mathis-signed-indianapolis-salute-to-service-football-jersey-jsa,,,,,,,,,,,,,,,,,,,,,,,,,,,,,,,,https://cdn.shopify.com/s/files/1/0642/7842/9930/files/mathis-colts-salute-to-service-autographed-stitched-football-jersey-front.jpg?v=1756763252,3,"",,,,,,,,,,,,,,,
mike-singletary-signed-chicago-orange-football-jersey-psa,Mike Singletary Signed HOF 98 inscriptions Chicago Orange Football Jersey (JSA),"<p>This custom stitched football jersey has been personally hand signed by Mike Singletary and authenticated by a top 3rd party authentication company. All autographed sports collectibles are limited! Order now to add this timeless piece of football memorabilia to your collection before it’s gone.</p>
<ul>
<li>Hand signed Football jersey autographed by Mike Singletary and authenticated by JSA</li>
<li>Includes a tamper-proof authentication sticker from JSA</li>
<li>90-day Satisfaction Guarantee: if you are not completely satisfied with your piece of memorabilia, return the item in its original condition and receive a full refund</li>
</ul>",RSA,,Autographed Football Jerseys,"03-17-RSA, Bears, FB, inhouse, jersey, New Arrival, V",true,Title,Default Title,,,,,,,,RSA-11421,907.1989147615625,shopify,56,deny,manual,52.00,69.99,true,true,,,,,,https://cdn.shopify.com/s/files/1/0642/7842/9930/files/singletary-bears-hof-98-orange-autographed-stitched-football-jersey-back.jpg?v=1756763253,1,"",false,,,,,,,,oz,,30.00,true,,,active
mike-singletary-signed-chicago-orange-football-jersey-psa,,,,,,,,,,,,,,,,,,,,,,,,,,,,,,,,https://cdn.shopify.com/s/files/1/0642/7842/9930/files/singletary-bears-hof-98-orange-autographed-stitched-football-jersey-signature.jpg?v=1756763253,2,"",,,,,,,,,,,,,,,
mike-singletary-signed-chicago-orange-football-jersey-psa,,,,,,,,,,,,,,,,,,,,,,,,,,,,,,,,https://cdn.shopify.com/s/files/1/0642/7842/9930/files/singletary-bears-hof-98-orange-autographed-stitched-football-jersey-front.jpg?v=1756763253,3,"",,,,,,,,,,,,,,,
larry-brown-signed-sb-xxx-mvp-inscription-dallas-alternate-white-football-jersey-jsa,Larry Brown Signed SB XXX MVP Inscription Dallas Alternate White Football Jersey (JSA),"<p>This custom stitched football jersey has been personally hand signed by Larry Brown and authenticated by a top 3rd party authentication company. All autographed sports collectibles are limited! Order now to add this timeless piece of football memorabilia to your collection before it’s gone.</p><ul>
<li>Hand signed Football jersey autographed by Larry Brown with SB XXX MVP inscription and authenticated by JSA</li>
<li>Includes a <em>Witnessed Protection Program</em> tamper-proof authentication sticker from JSA</li>
<li>90-day Satisfaction Guarantee: if you are not completely satisfied with your piece of memorabilia, return the item in its original condition and receive a full refund</li>
</ul>",RSA,Uncategorized,Autographed Football Jerseys,"03-17-RSA, Cowboys, FB, inhouse, jersey, New Arrival, V",true,Title,Default Title,,,,,,,,RSA-11415,907.1989147615625,shopify,20,deny,manual,45.00,59.99,true,true,,,,,,https://cdn.shopify.com/s/files/1/0642/7842/9930/files/brown-cowboys-sb-xxx-mvp-white-autographed-stitched-football-jersey-back_e7ede08f-88a8-47b8-86b9-abf68c770769.jpg?v=1756763253,1,"",false,,,,,,,,oz,,25.00,true,,,active
larry-brown-signed-sb-xxx-mvp-inscription-dallas-alternate-white-football-jersey-jsa,,,,,,,,,,,,,,,,,,,,,,,,,,,,,,,,https://cdn.shopify.com/s/files/1/0642/7842/9930/files/brown-cowboys-sb-xxx-mvp-white-autographed-stitched-football-jersey-signature_e3d32f98-561c-4e03-ac21-47181a9a9a6c.jpg?v=1756763253,2,"",,,,,,,,,,,,,,,
larry-brown-signed-sb-xxx-mvp-inscription-dallas-alternate-white-football-jersey-jsa,,,,,,,,,,,,,,,,,,,,,,,,,,,,,,,,https://cdn.shopify.com/s/files/1/0642/7842/9930/files/brown-cowboys-sb-xxx-mvp-white-autographed-stitched-football-jersey-front_61d320ed-9161-4796-8f85-b9a9ee686188.jpg?v=1756763253,3,"",,,,,,,,,,,,,,,
lance-briggs-signed-chicago-orange-football-jersey-jsa,Lance Briggs Signed Chicago Orange Football Jersey (JSA),"<p>This custom stitched football jersey has been personally hand signed by Lance Briggs and authenticated by a top 3rd party authentication company. All autographed sports collectibles are limited! Order now to add this timeless piece of football memorabilia to your collection before it’s gone.</p><ul>
<li>Hand signed Football jersey autographed by Lance Briggs and authenticated by JSA</li>
<li>Includes a tamper-proof authentication sticker from JSA</li>
<li>90-day Satisfaction Guarantee: if you are not completely satisfied with your piece of memorabilia, return the item in its original condition and receive a full refund</li>
</ul>",RSA,,Autographed Football Jerseys,"03-17-RSA, Bears, FB, inhouse, jersey, New Arrival, V",true,Title,Default Title,,,,,,,,RSA-11405,907.1989147615625,shopify,7,deny,manual,43.00,59.99,true,true,,,,,,https://cdn.shopify.com/s/files/1/0642/7842/9930/files/briggs-bears-orange-autographed-stitched-football-jersey-back.jpg?v=1756763254,1,"",false,,,,,,,,oz,,25.00,true,,,active
lance-briggs-signed-chicago-orange-football-jersey-jsa,,,,,,,,,,,,,,,,,,,,,,,,,,,,,,,,https://cdn.shopify.com/s/files/1/0642/7842/9930/files/briggs-bears-orange-autographed-stitched-football-jersey-signature.jpg?v=1756763254,2,"",,,,,,,,,,,,,,,
lance-briggs-signed-chicago-orange-football-jersey-jsa,,,,,,,,,,,,,,,,,,,,,,,,,,,,,,,,https://cdn.shopify.com/s/files/1/0642/7842/9930/files/briggs-bears-orange-autographed-stitched-football-jersey-front.jpg?v=1756763254,3,"",,,,,,,,,,,,,,,
lance-briggs-signed-chicago-navy-football-jersey-jsa,Lance Briggs Signed Chicago Navy Football Jersey (JSA),"<p>This custom stitched football jersey has been personally hand signed by Lance Briggs and authenticated by a top 3rd party authentication company. All autographed sports collectibles are limited! Order now to add this timeless piece of football memorabilia to your collection before it’s gone.</p><ul>
<li>Hand signed Football jersey autographed by Lance Briggs and authenticated by JSA</li>
<li>Includes a tamper-proof authentication sticker from JSA</li>
<li>90-day Satisfaction Guarantee: if you are not completely satisfied with your piece of memorabilia, return the item in its original condition and receive a full refund</li>
</ul>",RSA,,Autographed Football Jerseys,"03-17-RSA, Bears, FB, inhouse, jersey, New Arrival, V",true,Title,Default Title,,,,,,,,RSA-11400,907.1989147615625,shopify,57,deny,manual,43.00,59.99,true,true,,,,,,https://cdn.shopify.com/s/files/1/0642/7842/9930/files/briggs-bears-navy-autographed-stitched-football-jersey-back.jpg?v=1756763255,1,"",false,,,,,,,,oz,,25.00,true,,,active
lance-briggs-signed-chicago-navy-football-jersey-jsa,,,,,,,,,,,,,,,,,,,,,,,,,,,,,,,,https://cdn.shopify.com/s/files/1/0642/7842/9930/files/briggs-bears-navy-autographed-stitched-football-jersey-signature.jpg?v=1756763255,2,"",,,,,,,,,,,,,,,
lance-briggs-signed-chicago-navy-football-jersey-jsa,,,,,,,,,,,,,,,,,,,,,,,,,,,,,,,,https://cdn.shopify.com/s/files/1/0642/7842/9930/files/briggs-bears-navy-autographed-stitched-football-jersey-front.jpg?v=1756763255,3,"",,,,,,,,,,,,,,,
john-taylor-signed-san-francisco-white-shadow-numbers-football-jersey-jsa,John Taylor Signed San Francisco White Shadow Numbers Football Jersey (JSA),"<p>This custom stitched football jersey has been personally hand signed by John Taylor and authenticated by a top 3rd party authentication company. All autographed sports collectibles are limited! Order now to add this timeless piece of football memorabilia to your collection before it’s gone.</p><ul>
<li>Hand signed Football jersey autographed by John Taylor and authenticated by JSA</li>
<li>Includes a <em>Witnessed Protection Program</em> tamper-proof authentication sticker from JSA</li>
<li>90-day Satisfaction Guarantee: if you are not completely satisfied with your piece of memorabilia, return the item in its original condition and receive a full refund</li>
</ul>",RSA,,Autographed Football Jerseys,"03-17-RSA, 49ers, FB, inhouse, jersey, New Arrival, V",true,Title,Default Title,,,,,,,,RSA-11412,907.1989147615625,shopify,36,deny,manual,43.00,59.99,true,true,,,,,,https://cdn.shopify.com/s/files/1/0642/7842/9930/files/taylor-49ers-white-shadow-autographed-stitched-football-jersey-back.jpg?v=1756763256,1,"",false,,,,,,,,oz,,25.00,true,,,active
john-taylor-signed-san-francisco-white-shadow-numbers-football-jersey-jsa,,,,,,,,,,,,,,,,,,,,,,,,,,,,,,,,https://cdn.shopify.com/s/files/1/0642/7842/9930/files/taylor-49ers-white-shadow-autographed-stitched-football-jersey-signature.jpg?v=1756763256,2,"",,,,,,,,,,,,,,,
john-taylor-signed-san-francisco-white-shadow-numbers-football-jersey-jsa,,,,,,,,,,,,,,,,,,,,,,,,,,,,,,,,https://cdn.shopify.com/s/files/1/0642/7842/9930/files/taylor-49ers-white-shadow-autographed-stitched-football-jersey-front.jpg?v=1756763256,3,"",,,,,,,,,,,,,,,
dave-robinson-signed-green-bay-green-football-jersey-jsa,Dave Robinson Signed Green Bay Green Football Jersey (JSA),"<p>This custom stitched football jersey has been personally hand signed by Dave Robinson and authenticated by a top 3rd party authentication company. All autographed sports collectibles are limited! Order now to add this timeless piece of football memorabilia to your collection before it’s gone.</p><ul>
<li>Hand signed Football jersey autographed by Dave Robinson and authenticated by JSA</li>
<li>Includes a <em>Witnessed Protection Program</em> tamper-proof authentication sticker from JSA</li>
<li>90-day Satisfaction Guarantee: if you are not completely satisfied with your piece of memorabilia, return the item in its original condition and receive a full refund</li>
</ul>",RSA,,Autographed Football Jerseys,"03-17-RSA, FB, inhouse, jersey, New Arrival, Packers, V",true,Title,Default Title,,,,,,,,RSA-11406,907.1989147615625,shopify,5,deny,manual,40.00,59.99,true,true,,,,,,https://cdn.shopify.com/s/files/1/0642/7842/9930/files/robinson-packers-green-autographed-stitched-football-jersey-back.jpg?v=1756763259,1,"",false,,,,,,,,oz,,23.00,true,,,active
dave-robinson-signed-green-bay-green-football-jersey-jsa,,,,,,,,,,,,,,,,,,,,,,,,,,,,,,,,https://cdn.shopify.com/s/files/1/0642/7842/9930/files/robinson-packers-green-autographed-stitched-football-jersey-signature.jpg?v=1756763259,2,"",,,,,,,,,,,,,,,
dave-robinson-signed-green-bay-green-football-jersey-jsa,,,,,,,,,,,,,,,,,,,,,,,,,,,,,,,,https://cdn.shopify.com/s/files/1/0642/7842/9930/files/robinson-packers-green-autographed-stitched-football-jersey-front.jpg?v=1756763259,3,"",,,,,,,,,,,,,,,
marks-brothers-signed-miami-teal-football-jersey-jsa,Marks Brothers Mark Clayton & Mark Duper Signed Miami Teal Football Jersey (JSA),"<p>This custom stitched football jersey has been personally hand signed by Mark Clayton and Mark Duper and authenticated by a top 3rd party authentication company. All autographed sports collectibles are limited! Order now to add this timeless piece of football memorabilia to your collection before it’s gone.</p>
<ul>
<li>Hand signed Football jersey autographed by <meta charset=""utf-8"">Mark Clayton and Mark Duper and authenticated by JSA</li>
<li>Includes a <em>Witnessed Protection Program</em> tamper-proof authentication sticker from JSA</li>
<li>90-day Satisfaction Guarantee: if you are not completely satisfied with your piece of memorabilia, return the item in its original condition and receive a full refund</li>
</ul>",RSA,,Autographed Football Jerseys,"03-17-RSA, Dolphins, FB, inhouse, jersey, New Arrival, V",true,Title,Default Title,,,,,,,,RSA-11342,907.1989147615625,shopify,36,deny,manual,73.00,99.99,true,true,,,,,,https://cdn.shopify.com/s/files/1/0642/7842/9930/files/clayton-duper-dolphins-marks-brothers-teal-autographed-stitched-football-jersey-back_9e7670f6-1ff1-4be2-a31e-891a46e563e5.jpg?v=1756763260,1,"",false,,,,,,,,oz,,52.00,true,,,active
marks-brothers-signed-miami-teal-football-jersey-jsa,,,,,,,,,,,,,,,,,,,,,,,,,,,,,,,,https://cdn.shopify.com/s/files/1/0642/7842/9930/files/clayton-duper-dolphins-marks-brothers-teal-autographed-stitched-football-jersey-signature_572f346f-de7e-44c8-b351-05b5ab078f8f.jpg?v=1756763260,2,"",,,,,,,,,,,,,,,
marks-brothers-signed-miami-teal-football-jersey-jsa,,,,,,,,,,,,,,,,,,,,,,,,,,,,,,,,https://cdn.shopify.com/s/files/1/0642/7842/9930/files/clayton-duper-dolphins-marks-brothers-teal-autographed-stitched-football-jersey-front_c0362190-1e24-4f71-95d2-b84e903a2f5d.jpg?v=1756763260,3,"",,,,,,,,,,,,,,,
eric-allen-signed-philadelphia-white-football-jersey-beckett,Eric Allen Signed Philadelphia White Football Jersey (Beckett),"<p>This custom stitched football jersey has been personally hand signed by Eric Allen and authenticated by a top 3rd party authentication company. All autographed sports collectibles are limited! Order now to add this timeless piece of football memorabilia to your collection before it’s gone.</p>
<ul>
<li>Hand signed Football jersey autographed by Eric Allen and authenticated by Beckett</li>
<li>Includes a <em>Witnessed Protection Program</em> tamper-proof authentication sticker from Beckett</li>
<li>90-day Satisfaction Guarantee: if you are not completely satisfied with your piece of memorabilia, return the item in its original condition and receive a full refund</li>
</ul>",RSA,,Autographed Football Jerseys,"02-11-RSA, Eagles, FB, inhouse, jersey, MYS_HOF, New Arrival, V",true,Title,Default Title,,,,,,,,RSA-11308,907.1989147615625,shopify,19,deny,manual,72.00,99.99,true,true,,,,,,https://cdn.shopify.com/s/files/1/0642/7842/9930/files/allen-eagles-white-autographed-stitched-football-jersey-back_2ff7fc64-3a98-404d-9e8a-9e5418e7350b.jpg?v=1756763261,1,"",false,,,,,,,,oz,,50.00,true,,,active
eric-allen-signed-philadelphia-white-football-jersey-beckett,,,,,,,,,,,,,,,,,,,,,,,,,,,,,,,,https://cdn.shopify.com/s/files/1/0642/7842/9930/files/allen-eagles-white-autographed-stitched-football-jersey-front.jpg?v=1756763261,2,"",,,,,,,,,,,,,,,
eric-allen-signed-philadelphia-white-football-jersey-beckett,,,,,,,,,,,,,,,,,,,,,,,,,,,,,,,,https://cdn.shopify.com/s/files/1/0642/7842/9930/files/allen-eagles-white-autographed-stitched-football-jersey-signature.jpg?v=1756763261,3,"",,,,,,,,,,,,,,,
eric-allen-signed-philadelphia-green-football-jersey-beckett,Eric Allen Signed Philadelphia Green Football Jersey (Beckett),"<p>This custom stitched football jersey has been personally hand signed by Eric Allen and authenticated by a top 3rd party authentication company. All autographed sports collectibles are limited! Order now to add this timeless piece of football memorabilia to your collection before it’s gone.</p><ul>
<li>Hand signed Football jersey autographed by Eric Allen and authenticated by Beckett</li>
<li>Includes a <em>Witnessed Protection Program</em> tamper-proof authentication sticker from Beckett</li>
<li>90-day Satisfaction Guarantee: if you are not completely satisfied with your piece of memorabilia, return the item in its original condition and receive a full refund</li>
</ul>",RSA,,Autographed Football Jerseys,"02-11-RSA, Eagles, FB, inhouse, jersey, MYS_HOF, New Arrival, V",true,Title,Default Title,,,,,,,,RSA-11309,907.1989147615625,shopify,15,deny,manual,72.00,99.99,true,true,,,,,,https://cdn.shopify.com/s/files/1/0642/7842/9930/files/allen-eagles-green-autographed-stitched-football-jersey-back.jpg?v=1756763261,1,"",false,,,,,,,,oz,,50.00,true,,,active
eric-allen-signed-philadelphia-green-football-jersey-beckett,,,,,,,,,,,,,,,,,,,,,,,,,,,,,,,,https://cdn.shopify.com/s/files/1/0642/7842/9930/files/allen-eagles-green-autographed-stitched-football-jersey-signature.jpg?v=1756763261,2,"",,,,,,,,,,,,,,,
eric-allen-signed-philadelphia-green-football-jersey-beckett,,,,,,,,,,,,,,,,,,,,,,,,,,,,,,,,https://cdn.shopify.com/s/files/1/0642/7842/9930/files/allen-eagles-green-autographed-stitched-football-jersey-front.jpg?v=1756763261,3,"",,,,,,,,,,,,,,,
aaron-donald-signed-los-angeles-blue-game-style-football-jersey-beckett,Aaron Donald Signed Los Angeles Blue Game Style Football Jersey (Beckett),"<p>This custom stitched football jersey has been personally hand signed by Aaron Donald  and authenticated by a top 3rd party authentication company. All autographed sports collectibles are limited! Order now to add this timeless piece of football memorabilia to your collection before it’s gone.</p><ul>
<li>Hand signed Football jersey autographed by Aaron Donald  and authenticated by Beckett</li>
<li>Includes a <em>Witnessed Protection Program</em> tamper-proof authentication sticker from Beckett</li>
<li>90-day Satisfaction Guarantee: if you are not completely satisfied with your piece of memorabilia, return the item in its original condition and receive a full refund</li>
</ul>",RSA,,Autographed Football Jerseys,"02-11-RSA, FB, inhouse, jersey, New Arrival, Rams, V",true,Title,Default Title,,,,,,,,RSA-11170,907.1989147615625,shopify,50,deny,manual,110.00,149.99,true,true,,,,,,https://cdn.shopify.com/s/files/1/0642/7842/9930/files/donald-rams-game-style-autographed-stitched-football-jersey-back.jpg?v=1756763264,1,"",false,,,,,,,,oz,,80.00,true,,,active
aaron-donald-signed-los-angeles-blue-game-style-football-jersey-beckett,,,,,,,,,,,,,,,,,,,,,,,,,,,,,,,,https://cdn.shopify.com/s/files/1/0642/7842/9930/files/donald-rams-game-style-autographed-stitched-football-jersey-signature.jpg?v=1756763264,2,"",,,,,,,,,,,,,,,
aaron-donald-signed-los-angeles-blue-game-style-football-jersey-beckett,,,,,,,,,,,,,,,,,,,,,,,,,,,,,,,,https://cdn.shopify.com/s/files/1/0642/7842/9930/files/donald-rams-game-style-autographed-stitched-football-jersey-front.jpg?v=1756763264,3,"",,,,,,,,,,,,,,,
ickey-woods-signed-cincinnati-orange-football-jersey-beckett,Ickey Woods Signed Cincinnati Orange Football Jersey (Beckett),"<p>This custom stitched football jersey has been personally hand signed by Ickey Woods and authenticated by a top 3rd party authentication company. All autographed sports collectibles are limited! Order now to add this timeless piece of football memorabilia to your collection before it’s gone.</p><ul>
<li>Hand signed Football jersey autographed by Ickey Woods and authenticated by Beckett</li>
<li>Includes a <em>Witnessed Protection Program</em> tamper-proof authentication sticker from Beckett</li>
<li>90-day Satisfaction Guarantee: if you are not completely satisfied with your piece of memorabilia, return the item in its original condition and receive a full refund</li>
</ul>",RSA,Uncategorized,Autographed Football Jerseys,"02-11-RSA, Bengals, FB, inhouse, jersey, New Arrival, Season, V",true,Title,Default Title,,,,,,,,RSA-11131,907.1989147615625,shopify,16,deny,manual,44.00,59.99,true,true,,,,,,https://cdn.shopify.com/s/files/1/0642/7842/9930/files/woods-bengals-orange-autographed-stitched-football-jersey-back.jpg?v=1756763264,1,"",false,,,,,,,,oz,,25.00,true,,,active
ickey-woods-signed-cincinnati-orange-football-jersey-beckett,,,,,,,,,,,,,,,,,,,,,,,,,,,,,,,,https://cdn.shopify.com/s/files/1/0642/7842/9930/files/woods-bengals-orange-autographed-stitched-football-jersey-signature.jpg?v=1756763265,2,"",,,,,,,,,,,,,,,
ickey-woods-signed-cincinnati-orange-football-jersey-beckett,,,,,,,,,,,,,,,,,,,,,,,,,,,,,,,,https://cdn.shopify.com/s/files/1/0642/7842/9930/files/woods-bengals-orange-autographed-stitched-football-jersey-front.jpg?v=1756763265,3,"",,,,,,,,,,,,,,,
kaden-elliss-signed-john-3-16-inscription-atlanta-black-football-jersey-beckett,Kaden Elliss Signed John 3:16 Inscription Atlanta Black Football Jersey (Beckett),"<p>This custom stitched football jersey has been personally hand signed by Kaden Elliss and authenticated by a top 3rd party authentication company. All autographed sports collectibles are limited! Order now to add this timeless piece of football memorabilia to your collection before it’s gone.</p><ul>
<li>Hand signed Football jersey autographed by Kaden Elliss with John 3:16 inscription and authenticated by Beckett</li>
<li>Includes a <em>Witnessed Protection Program</em> tamper-proof authentication sticker from Beckett</li>
<li>90-day Satisfaction Guarantee: if you are not completely satisfied with your piece of memorabilia, return the item in its original condition and receive a full refund</li>
</ul>",RSA,,Autographed Football Jerseys,"02-11-RSA, Falcons, FB, inhouse, jersey, New Arrival, V",true,Title,Default Title,,,,,,,,RSA-11106,907.1989147615625,shopify,58,deny,manual,42.00,59.99,true,true,,,,,,https://cdn.shopify.com/s/files/1/0642/7842/9930/files/ellis-falcons-john-3-16-black-autographed-stitched-football-jersey-back.jpg?v=1756763265,1,"",false,,,,,,,,oz,,23.00,true,,,active
kaden-elliss-signed-john-3-16-inscription-atlanta-black-football-jersey-beckett,,,,,,,,,,,,,,,,,,,,,,,,,,,,,,,,https://cdn.shopify.com/s/files/1/0642/7842/9930/files/ellis-falcons-john-3-16-black-autographed-stitched-football-jersey-signature.jpg?v=1756763265,2,"",,,,,,,,,,,,,,,
kaden-elliss-signed-john-3-16-inscription-atlanta-black-football-jersey-beckett,,,,,,,,,,,,,,,,,,,,,,,,,,,,,,,,https://cdn.shopify.com/s/files/1/0642/7842/9930/files/ellis-falcons-john-3-16-black-autographed-stitched-football-jersey-front.jpg?v=1756763265,3,"",,,,,,,,,,,,,,,
kaden-elliss-signed-atlanta-white-football-jersey-beckett,Kaden Elliss Signed John 3:16 Inscription Atlanta White Football Jersey (JSA),"<p>This custom stitched football jersey has been personally hand signed by Kaden Elliss and authenticated by a top 3rd party authentication company. All autographed sports collectibles are limited! Order now to add this timeless piece of football memorabilia to your collection before it’s gone.</p>
<ul>
<li>Hand signed Football jersey autographed by Kaden Elliss with John 3:16 inscription and authenticated by JSA</li>
<li>Includes a <em>Witnessed Protection Program</em> tamper-proof authentication sticker from JSA</li>
<li>90-day Satisfaction Guarantee: if you are not completely satisfied with your piece of memorabilia, return the item in its original condition and receive a full refund</li>
</ul>",RSA,,Autographed Football Jerseys,"02-11-RSA, Falcons, FB, inhouse, jersey, New Arrival, Season, V",true,Title,Default Title,,,,,,,,RSA-11100,907.1989147615625,shopify,51,deny,manual,42.00,59.99,true,true,,,,,,https://cdn.shopify.com/s/files/1/0642/7842/9930/files/ellis-falcons-john-3-16-white-autographed-stitched-football-jersey-back.jpg?v=1756763266,1,"",false,,,,,,,,oz,,23.00,true,,,active
kaden-elliss-signed-atlanta-white-football-jersey-beckett,,,,,,,,,,,,,,,,,,,,,,,,,,,,,,,,https://cdn.shopify.com/s/files/1/0642/7842/9930/files/ellis-falcons-john-3-16-white-autographed-stitched-football-jersey-signature.jpg?v=1756763266,2,"",,,,,,,,,,,,,,,
kaden-elliss-signed-atlanta-white-football-jersey-beckett,,,,,,,,,,,,,,,,,,,,,,,,,,,,,,,,https://cdn.shopify.com/s/files/1/0642/7842/9930/files/ellis-falcons-john-3-16-white-autographed-stitched-football-jersey-front.jpg?v=1756763266,3,"",,,,,,,,,,,,,,,
ray-ray-mccloud-signed-atlanta-white-football-jersey-beckett,Ray-Ray McCloud Signed Atlanta White Football Jersey (Beckett),"<p>This custom stitched football jersey has been personally hand signed by Ray-Ray McCloud and authenticated by a top 3rd party authentication company. All autographed sports collectibles are limited! Order now to add this timeless piece of football memorabilia to your collection before it’s gone.</p><ul>
<li>Hand signed Football jersey autographed by Ray-Ray McCloud and authenticated by Beckett</li>
<li>Includes a <em>Witnessed Protection Program</em> tamper-proof authentication sticker from Beckett</li>
<li>90-day Satisfaction Guarantee: if you are not completely satisfied with your piece of memorabilia, return the item in its original condition and receive a full refund</li>
</ul>",RSA,,Autographed Football Jerseys,"01-09-RSA, Current Star, Falcons, FB, inhouse, jersey, New Arrival, Season, V",true,Title,Default Title,,,,,,,,RSA-10871,907.1989147615625,shopify,23,deny,manual,48.00,69.99,true,true,,,,,,https://cdn.shopify.com/s/files/1/0642/7842/9930/files/mccloud-falcons-white-autographed-stitched-football-jersey-back.jpg?v=1756763272,1,"",false,,,,,,,,oz,,25.00,true,,,active
ray-ray-mccloud-signed-atlanta-white-football-jersey-beckett,,,,,,,,,,,,,,,,,,,,,,,,,,,,,,,,https://cdn.shopify.com/s/files/1/0642/7842/9930/files/mccloud-falcons-white-autographed-stitched-football-jersey-signature.jpg?v=1756763272,2,"",,,,,,,,,,,,,,,
ray-ray-mccloud-signed-atlanta-white-football-jersey-beckett,,,,,,,,,,,,,,,,,,,,,,,,,,,,,,,,https://cdn.shopify.com/s/files/1/0642/7842/9930/files/mccloud-falcons-white-autographed-stitched-football-jersey-front.jpg?v=1756763272,3,"",,,,,,,,,,,,,,,
ed-mccaffrey-signed-xxxii-xxxiii-inscription-denver-orange-football-jersey-beckett,Ed McCaffrey Signed XXXII XXXIII Inscription Denver Orange Football Jersey (Beckett),"<p>This custom stitched football jersey has been personally hand signed by Ed McCaffrey and authenticated by a top 3rd party authentication company. All autographed sports collectibles are limited! Order now to add this timeless piece of football memorabilia to your collection before it’s gone.</p>
<ul>
<li>Hand signed Football jersey autographed by Ed McCaffrey with XXXII XXXIII inscription and authenticated by Beckett</li>
<li>Includes a <em>Witnessed Protection Program</em> tamper-proof authentication sticker from Beckett</li>
<li>90-day Satisfaction Guarantee: if you are not completely satisfied with your piece of memorabilia, return the item in its original condition and receive a full refund</li>
</ul>",RSA,,Autographed Football Jerseys,"01-09-RSA, Broncos, FB, inhouse, jersey, New Arrival, Season, V",true,Title,Default Title,,,,,,,,RSA-10869,907.1989147615625,shopify,7,deny,manual,48.00,64.99,true,true,,,,,,https://cdn.shopify.com/s/files/1/0642/7842/9930/files/mccaffrey-broncos-xxxii-xxxiii-orange-autographed-stitched-football-jersey-back.jpg?v=1756763273,1,"",false,,,,,,,,oz,,27.00,true,,,active
ed-mccaffrey-signed-xxxii-xxxiii-inscription-denver-orange-football-jersey-beckett,,,,,,,,,,,,,,,,,,,,,,,,,,,,,,,,https://cdn.shopify.com/s/files/1/0642/7842/9930/files/mccaffrey-broncos-xxxii-xxxiii-orange-autographed-stitched-football-jersey-signature.jpg?v=1756763273,2,"",,,,,,,,,,,,,,,
ed-mccaffrey-signed-xxxii-xxxiii-inscription-denver-orange-football-jersey-beckett,,,,,,,,,,,,,,,,,,,,,,,,,,,,,,,,https://cdn.shopify.com/s/files/1/0642/7842/9930/files/mccaffrey-broncos-xxxii-xxxiii-orange-autographed-stitched-football-jersey-front.jpg?v=1756763273,3,"",,,,,,,,,,,,,,,
joe-mixon-signed-houston-white-throwback-football-jersey-jsa,Joe Mixon Signed Houston Vapor Limited Football Jersey (JSA),"<p>This custom stitched football jersey has been personally hand signed by Joe Mixon  and authenticated by a top 3rd party authentication company. All autographed sports collectibles are limited! Order now to add this timeless piece of football memorabilia to your collection before it’s gone.</p><ul>
<li>Hand signed Football jersey autographed by Joe Mixon  and authenticated by JSA</li>
<li>Includes a <em>Witnessed Protection Program</em> tamper-proof authentication sticker from JSA</li>
<li>90-day Satisfaction Guarantee: if you are not completely satisfied with your piece of memorabilia, return the item in its original condition and receive a full refund</li>
</ul>",RSA,,Autographed Football Jerseys,"01-09-RSA, Current Star, FB, inhouse, jersey, New Arrival, playoff25, Season, Texans, V",true,Title,Default Title,,,,,,,,RSA-10866,907.1989147615625,shopify,4,deny,manual,67.00,99.99,true,true,,,,,,https://cdn.shopify.com/s/files/1/0642/7842/9930/files/mixon-texans-vapor-autographed-stitched-football-jersey-back.jpg?v=1756763274,1,"",false,,,,,,,,oz,,45.00,true,,,active
joe-mixon-signed-houston-white-throwback-football-jersey-jsa,,,,,,,,,,,,,,,,,,,,,,,,,,,,,,,,https://cdn.shopify.com/s/files/1/0642/7842/9930/files/mixon-texans-vapor-autographed-stitched-football-jersey-signature.jpg?v=1756763274,2,"",,,,,,,,,,,,,,,
joe-mixon-signed-houston-white-throwback-football-jersey-jsa,,,,,,,,,,,,,,,,,,,,,,,,,,,,,,,,https://cdn.shopify.com/s/files/1/0642/7842/9930/files/mixon-texans-vapor-autographed-stitched-football-jersey-front.jpg?v=1756763274,3,"",,,,,,,,,,,,,,,
joe-mixon-signed-houston-navy-football-jersey-jsa,Joe Mixon Signed Houston Navy Football Jersey (JSA),"<p>This custom stitched football jersey has been personally hand signed by Joe Mixon  and authenticated by a top 3rd party authentication company. All autographed sports collectibles are limited! Order now to add this timeless piece of football memorabilia to your collection before it’s gone.</p><ul>
<li>Hand signed Football jersey autographed by Joe Mixon  and authenticated by JSA</li>
<li>Includes a <em>Witnessed Protection Program</em> tamper-proof authentication sticker from JSA</li>
<li>90-day Satisfaction Guarantee: if you are not completely satisfied with your piece of memorabilia, return the item in its original condition and receive a full refund</li>
</ul>",RSA,,Autographed Football Jerseys,"01-09-RSA, Best-Seller, Current Star, FB, inhouse, jersey, New Arrival, playoff25, Season, Texans, V",true,Title,Default Title,,,,,,,,RSA-10863,907.1989147615625,shopify,4,deny,manual,67.00,99.99,true,true,,,,,,https://cdn.shopify.com/s/files/1/0642/7842/9930/files/mixon-texans-navy-autographed-stitched-football-jersey-back.jpg?v=1756763276,1,"",false,,,,,,,,oz,,45.00,true,,,active
joe-mixon-signed-houston-navy-football-jersey-jsa,,,,,,,,,,,,,,,,,,,,,,,,,,,,,,,,https://cdn.shopify.com/s/files/1/0642/7842/9930/files/mixon-texans-navy-autographed-stitched-football-jersey-signature.jpg?v=1756763276,2,"",,,,,,,,,,,,,,,
joe-mixon-signed-houston-navy-football-jersey-jsa,,,,,,,,,,,,,,,,,,,,,,,,,,,,,,,,https://cdn.shopify.com/s/files/1/0642/7842/9930/files/mixon-texans-navy-autographed-stitched-football-jersey-front.jpg?v=1756763276,3,"",,,,,,,,,,,,,,,
aaron-donald-signed-los-angeles-white-football-jersey-beckett,Aaron Donald Signed Los Angeles White Football Jersey (Beckett),"<p>This custom stitched football jersey has been personally hand signed by Aaron Donald  and authenticated by a top 3rd party authentication company. All autographed sports collectibles are limited! Order now to add this timeless piece of football memorabilia to your collection before it’s gone.</p><ul>
<li>Hand signed Football jersey autographed by Aaron Donald  and authenticated by Beckett</li>
<li>Includes a <em>Witnessed Protection Program</em> tamper-proof authentication sticker from Beckett</li>
<li>90-day Satisfaction Guarantee: if you are not completely satisfied with your piece of memorabilia, return the item in its original condition and receive a full refund</li>
</ul>",RSA,,Autographed Football Jerseys,"01-09-RSA, FB, inhouse, jersey, New Arrival, Rams, Season, V",true,Title,Default Title,,,,,,,,RSA-10859,907.1989147615625,shopify,66,deny,manual,110.00,149.99,true,true,,,,,,https://cdn.shopify.com/s/files/1/0642/7842/9930/files/donald-rams-white-autographed-stitched-football-jersey-back.jpg?v=1756763277,1,"",false,,,,,,,,oz,,80.00,true,,,active
aaron-donald-signed-los-angeles-white-football-jersey-beckett,,,,,,,,,,,,,,,,,,,,,,,,,,,,,,,,https://cdn.shopify.com/s/files/1/0642/7842/9930/files/donald-rams-white-autographed-stitched-football-jersey-signature.jpg?v=1756763277,2,"",,,,,,,,,,,,,,,
aaron-donald-signed-los-angeles-white-football-jersey-beckett,,,,,,,,,,,,,,,,,,,,,,,,,,,,,,,,https://cdn.shopify.com/s/files/1/0642/7842/9930/files/donald-rams-white-autographed-stitched-football-jersey-front.jpg?v=1756763277,3,"",,,,,,,,,,,,,,,
aaron-donald-signed-los-angeles-royal-blue-football-jersey-beckett,Aaron Donald Signed Los Angeles Royal Blue Football Jersey (Beckett),"<p>This custom stitched football jersey has been personally hand signed by Aaron Donald and authenticated by a top 3rd party authentication company. All autographed sports collectibles are limited! Order now to add this timeless piece of football memorabilia to your collection before it’s gone.</p>
<ul>
<li>Hand signed Football jersey autographed by Aaron Donald and authenticated by Beckett</li>
<li>Includes a <em>Witnessed Protection Program</em> tamper-proof authentication sticker from Beckett</li>
<li>90-day Satisfaction Guarantee: if you are not completely satisfied with your piece of memorabilia, return the item in its original condition and receive a full refund</li>
</ul>",RSA,,Autographed Football Jerseys,"01-09-RSA, FB, inhouse, jersey, New Arrival, Rams, Season, shoptok, V",true,Title,Default Title,,,,,,,,RSA-10790,907.1989147615625,shopify,103,deny,manual,110.00,149.99,true,true,,,,,,https://cdn.shopify.com/s/files/1/0642/7842/9930/files/donald-rams-royal-blue-autographed-stitched-football-jersey-back.jpg?v=1756763278,1,"",false,,,,,,,,oz,,80.00,true,,,active
aaron-donald-signed-los-angeles-royal-blue-football-jersey-beckett,,,,,,,,,,,,,,,,,,,,,,,,,,,,,,,,https://cdn.shopify.com/s/files/1/0642/7842/9930/files/donald-rams-royal-blue-autographed-stitched-football-jersey-signature_ab4be60a-43ad-4d29-add2-757d121b4f65.jpg?v=1756763278,2,"",,,,,,,,,,,,,,,
aaron-donald-signed-los-angeles-royal-blue-football-jersey-beckett,,,,,,,,,,,,,,,,,,,,,,,,,,,,,,,,https://cdn.shopify.com/s/files/1/0642/7842/9930/files/donald-rams-royal-blue-autographed-stitched-football-jersey-front.jpg?v=1756763278,3,"",,,,,,,,,,,,,,,
mike-vanderjagt-signed-indianapolis-white-football-jersey-jsa,Mike Vanderjagt Signed Indianapolis White Football Jersey (JSA),"<p>This custom stitched football jersey has been personally hand signed by Mike Vanderjagt and authenticated by a top 3rd party authentication company. All autographed sports collectibles are limited! Order now to add this timeless piece of football memorabilia to your collection before it’s gone.</p><ul>
<li>Hand signed Football jersey autographed by Mike Vanderjagt and authenticated by JSA</li>
<li>Includes a <em>Witnessed Protection Program</em> tamper-proof authentication sticker from JSA</li>
<li>90-day Satisfaction Guarantee: if you are not completely satisfied with your piece of memorabilia, return the item in its original condition and receive a full refund</li>
</ul>",RSA,,Autographed Football Jerseys,"01-09-RSA, Colts, FB, inhouse, jersey, New Arrival, Season, V, year-end",true,Title,Default Title,,,,,,,,RSA-10782,907.1989147615625,shopify,64,deny,manual,42.00,59.99,true,true,,,,,,https://cdn.shopify.com/s/files/1/0642/7842/9930/files/vanderjagt-colts-white-autographed-stitched-football-jersey-back.jpg?v=1756763278,1,"",false,,,,,,,,oz,,20.00,true,,,active
mike-vanderjagt-signed-indianapolis-white-football-jersey-jsa,,,,,,,,,,,,,,,,,,,,,,,,,,,,,,,,https://cdn.shopify.com/s/files/1/0642/7842/9930/files/vanderjagt-colts-white-autographed-stitched-football-jersey-signature.jpg?v=1756763278,2,"",,,,,,,,,,,,,,,
mike-vanderjagt-signed-indianapolis-white-football-jersey-jsa,,,,,,,,,,,,,,,,,,,,,,,,,,,,,,,,https://cdn.shopify.com/s/files/1/0642/7842/9930/files/vanderjagt-colts-white-autographed-stitched-football-jersey-front.jpg?v=1756763278,3,"",,,,,,,,,,,,,,,
mike-vanderjagt-signed-indianapolis-blue-football-jersey-jsa,Mike Vanderjagt Signed Indianapolis Blue Football Jersey (JSA),"<p>This custom stitched football jersey has been personally hand signed by Mike Vanderjagt and authenticated by a top 3rd party authentication company. All autographed sports collectibles are limited! Order now to add this timeless piece of football memorabilia to your collection before it’s gone.</p><ul>
<li>Hand signed Football jersey autographed by Mike Vanderjagt and authenticated by JSA</li>
<li>Includes a <em>Witnessed Protection Program</em> tamper-proof authentication sticker from JSA</li>
<li>90-day Satisfaction Guarantee: if you are not completely satisfied with your piece of memorabilia, return the item in its original condition and receive a full refund</li>
</ul>",RSA,,Autographed Football Jerseys,"01-09-RSA, Colts, FB, inhouse, jersey, New Arrival, Season, V, year-end",true,Title,Default Title,,,,,,,,RSA-10783,907.1989147615625,shopify,130,deny,manual,42.00,59.99,true,true,,,,,,https://cdn.shopify.com/s/files/1/0642/7842/9930/files/vanderjagt-colts-blue-autographed-stitched-football-jersey-back_55fcd5a6-5240-4e59-a04a-8b2c9649b0f2.jpg?v=1756763279,1,"",false,,,,,,,,oz,,20.00,true,,,active
mike-vanderjagt-signed-indianapolis-blue-football-jersey-jsa,,,,,,,,,,,,,,,,,,,,,,,,,,,,,,,,https://cdn.shopify.com/s/files/1/0642/7842/9930/files/vanderjagt-colts-blue-autographed-stitched-football-jersey-signature_3874d0a9-ebe0-4062-a1b7-6d231769b3e1.jpg?v=1756763279,2,"",,,,,,,,,,,,,,,
mike-vanderjagt-signed-indianapolis-blue-football-jersey-jsa,,,,,,,,,,,,,,,,,,,,,,,,,,,,,,,,https://cdn.shopify.com/s/files/1/0642/7842/9930/files/vanderjagt-colts-blue-autographed-stitched-football-jersey-front_b9b06f19-d8d9-40e6-8979-74354f1ea41a.jpg?v=1756763279,3,"",,,,,,,,,,,,,,,
deebo-samuel-sr-signed-san-francisco-gold-football-jersey-jsa,Deebo Samuel Sr Signed San Francisco Gold Football Jersey (JSA),"<p>This custom stitched football jersey has been personally hand signed by Deebo Samuel and authenticated by a top 3rd party authentication company. All autographed sports collectibles are limited! Order now to add this timeless piece of football memorabilia to your collection before it’s gone.</p>
<ul>
<li>Hand signed Football jersey autographed by Deebo Samuel and authenticated by JSA</li>
<li>Includes a tamper-proof authentication sticker from JSA</li>
<li>90-day Satisfaction Guarantee: if you are not completely satisfied with your piece of memorabilia, return the item in its original condition and receive a full refund</li>
</ul>",RSA,,Autographed Football Jerseys,"01-29-RSA, 49ers, FB, inhouse, jersey, New Arrival, Season, V, year-end",true,Title,Default Title,,,,,,,,RSA-10784,907.1989147615625,shopify,41,deny,manual,77.00,99.99,true,true,,,,,,https://cdn.shopify.com/s/files/1/0642/7842/9930/files/samuel-49ers-gold-autographed-stitched-football-jersey-back_fbd0fcf6-16bc-4dfa-bf2b-2638e03cfdad.jpg?v=1756763279,1,"",false,,,,,,,,oz,,60.00,true,,,active
deebo-samuel-sr-signed-san-francisco-gold-football-jersey-jsa,,,,,,,,,,,,,,,,,,,,,,,,,,,,,,,,https://cdn.shopify.com/s/files/1/0642/7842/9930/files/samuel-49ers-gold-autographed-stitched-football-jersey-signature_38af15a1-202c-46b4-8ee6-e0419b54566b.jpg?v=1756763279,2,"",,,,,,,,,,,,,,,
deebo-samuel-sr-signed-san-francisco-gold-football-jersey-jsa,,,,,,,,,,,,,,,,,,,,,,,,,,,,,,,,https://cdn.shopify.com/s/files/1/0642/7842/9930/files/samuel-49ers-gold-autographed-stitched-football-jersey-front_9882e616-d6e7-4944-b762-871a03dc935e.jpg?v=1756763279,3,"",,,,,,,,,,,,,,,
deebo-samuel-signed-san-francisco-white-football-jersey-jsa-1,Deebo Samuel Signed San Francisco White Football Jersey (JSA),"<p>This custom stitched football jersey has been personally hand signed by Deebo Samuel and authenticated by a top 3rd party authentication company. All autographed sports collectibles are limited! Order now to add this timeless piece of football memorabilia to your collection before it’s gone.</p><ul>
<li>Hand signed Football jersey autographed by Deebo Samuel and authenticated by JSA</li>
<li>Includes a tamper-proof authentication sticker from JSA</li>
<li>90-day Satisfaction Guarantee: if you are not completely satisfied with your piece of memorabilia, return the item in its original condition and receive a full refund</li>
</ul>",RSA,,Autographed Football Jerseys,"01-29-RSA, 49ers, Best-Seller, FB, inhouse, jersey, New Arrival, Season, V, year-end",true,Title,Default Title,,,,,,,,RSA-10785,907.1989147615625,shopify,86,deny,manual,77.00,99.99,true,true,,,,,,https://cdn.shopify.com/s/files/1/0642/7842/9930/files/samuel-49ers-white-autographed-stitched-football-jersey-back_dc4e97dc-ec1e-46b2-b545-7fc16aee78ec.jpg?v=1756763280,1,"",false,,,,,,,,oz,,60.00,true,,,active
deebo-samuel-signed-san-francisco-white-football-jersey-jsa-1,,,,,,,,,,,,,,,,,,,,,,,,,,,,,,,,https://cdn.shopify.com/s/files/1/0642/7842/9930/files/samuel-49ers-white-autographed-stitched-football-jersey-signature_e83feaa9-c3e6-4a7d-bf52-6873c5e06b3e.jpg?v=1756763280,2,"",,,,,,,,,,,,,,,
deebo-samuel-signed-san-francisco-white-football-jersey-jsa-1,,,,,,,,,,,,,,,,,,,,,,,,,,,,,,,,https://cdn.shopify.com/s/files/1/0642/7842/9930/files/samuel-49ers-white-autographed-stitched-football-jersey-front_8c95b7d2-ffc7-4a53-822d-e42ce28a46f1.jpg?v=1756763280,3,"",,,,,,,,,,,,,,,
brian-orakpo-signed-washington-red-football-jersey-jsa,Brian Orakpo Signed Washington Red Football Jersey (JSA),"<p>This custom stitched football jersey has been personally hand signed by Brian  Orakpo and authenticated by a top 3rd party authentication company. All autographed sports collectibles are limited! Order now to add this timeless piece of football memorabilia to your collection before it’s gone.</p><ul>
<li>Hand signed Football jersey autographed by Brian Orakpo and authenticated by JSA</li>
<li>Includes a <em>Witnessed Protection Program</em> tamper-proof authentication sticker from JSA</li>
<li>90-day Satisfaction Guarantee: if you are not completely satisfied with your piece of memorabilia, return the item in its original condition and receive a full refund</li>
</ul>",RSA,,Autographed Football Jerseys,"01-29-RSA, Commanders, FB, inhouse, jersey, New Arrival, Season, V, year-end",true,Title,Default Title,,,,,,,,RSA-10789,907.1989147615625,shopify,12,deny,manual,49.00,64.99,true,true,,,,,,https://cdn.shopify.com/s/files/1/0642/7842/9930/files/orakpo-redskins-maroon-autographed-stitched-football-jersey-back.jpg?v=1756763281,1,"",false,,,,,,,,oz,,30.00,true,,,active
brian-orakpo-signed-washington-red-football-jersey-jsa,,,,,,,,,,,,,,,,,,,,,,,,,,,,,,,,https://cdn.shopify.com/s/files/1/0642/7842/9930/files/orakpo-redskins-maroon-autographed-stitched-football-jersey-signature.jpg?v=1756763281,2,"",,,,,,,,,,,,,,,
brian-orakpo-signed-washington-red-football-jersey-jsa,,,,,,,,,,,,,,,,,,,,,,,,,,,,,,,,https://cdn.shopify.com/s/files/1/0642/7842/9930/files/orakpo-redskins-maroon-autographed-stitched-football-jersey-front.jpg?v=1756763281,3,"",,,,,,,,,,,,,,,
rico-dowdle-signed-dallas-navy-football-jersey-beckett,Rico Dowdle Signed Dallas Navy Football Jersey (Beckett),"<p>This custom stitched football jersey has been personally hand signed by Rico Dowdle and authenticated by a top 3rd party authentication company. All autographed sports collectibles are limited! Order now to add this timeless piece of football memorabilia to your collection before it’s gone.</p><ul>
<li>Hand signed Football jersey autographed by Rico Dowdle and authenticated by Beckett</li>
<li>Includes a <em>Witnessed Protection Program</em> tamper-proof authentication sticker from Beckett</li>
<li>90-day Satisfaction Guarantee: if you are not completely satisfied with your piece of memorabilia, return the item in its original condition and receive a full refund</li>
</ul>",RSA,,Autographed Football Jerseys,"01-09-RSA, Cowboys, FB, inhouse, jersey, New Arrival, Season, V, year-end",true,Title,Default Title,,,,,,,,RSA-10764,907.1989147615625,shopify,35,deny,manual,35.00,49.99,true,true,,,,,,https://cdn.shopify.com/s/files/1/0642/7842/9930/files/dowdle-cowboys-navy-autographed-stitched-football-jersey-back.jpg?v=1756763281,1,"",false,,,,,,,,oz,,30.00,true,,,active
rico-dowdle-signed-dallas-navy-football-jersey-beckett,,,,,,,,,,,,,,,,,,,,,,,,,,,,,,,,https://cdn.shopify.com/s/files/1/0642/7842/9930/files/dowdle-cowboys-navy-autographed-stitched-football-jersey-signature.jpg?v=1756763282,2,"",,,,,,,,,,,,,,,
rico-dowdle-signed-dallas-navy-football-jersey-beckett,,,,,,,,,,,,,,,,,,,,,,,,,,,,,,,,https://cdn.shopify.com/s/files/1/0642/7842/9930/files/dowdle-cowboys-navy-autographed-stitched-football-jersey-front.jpg?v=1756763282,3,"",,,,,,,,,,,,,,,
ray-ray-mccloud-signed-salute-to-service-football-jersey-beckett,Ray-Ray McCloud Signed Salute to Service Football Jersey (Beckett),"<p>This custom stitched football jersey has been personally hand signed by Ray-Ray McCloud and authenticated by a top 3rd party authentication company. All autographed sports collectibles are limited! Order now to add this timeless piece of football memorabilia to your collection before it’s gone.</p><ul>
<li>Hand signed Football jersey autographed by Ray-Ray McCloud and authenticated by Beckett</li>
<li>Includes a <em>Witnessed Protection Program</em> tamper-proof authentication sticker from Beckett</li>
<li>90-day Satisfaction Guarantee: if you are not completely satisfied with your piece of memorabilia, return the item in its original condition and receive a full refund</li>
</ul>",RSA,,Autographed Football Jerseys,"01-29-RSA, Current Star, FB, inhouse, jersey, New Arrival, V",true,Title,Default Title,,,,,,,,RSA-10766,907.1989147615625,shopify,5,deny,manual,48.00,69.99,true,true,,,,,,https://cdn.shopify.com/s/files/1/0642/7842/9930/files/mccloud-falcons-salute-to-service-autographed-stitched-football-jersey-back.jpg?v=1756763282,1,"",false,,,,,,,,oz,,25.00,true,,,active
ray-ray-mccloud-signed-salute-to-service-football-jersey-beckett,,,,,,,,,,,,,,,,,,,,,,,,,,,,,,,,https://cdn.shopify.com/s/files/1/0642/7842/9930/files/mccloud-falcons-salute-to-service-autographed-stitched-football-jersey-signature.jpg?v=1756763282,2,"",,,,,,,,,,,,,,,
ray-ray-mccloud-signed-salute-to-service-football-jersey-beckett,,,,,,,,,,,,,,,,,,,,,,,,,,,,,,,,https://cdn.shopify.com/s/files/1/0642/7842/9930/files/mccloud-falcons-salute-to-service-autographed-stitched-football-jersey-front.jpg?v=1756763282,3,"",,,,,,,,,,,,,,,
deebo-samuel-signed-san-francisco-red-football-jersey-beckett,Deebo Samuel Signed San Francisco Red Football Jersey (Beckett),"<p>This custom stitched football jersey has been personally hand signed by Deebo Samuel and authenticated by a top 3rd party authentication company. All autographed sports collectibles are limited! Order now to add this timeless piece of football memorabilia to your collection before it’s gone.</p>
<ul>
<li>Hand signed Football jersey autographed by Deebo Samuel and authenticated by Beckett</li>
<li>Includes a <em>Witnessed Protection Program</em> tamper-proof authentication sticker from Beckett</li>
<li>90-day Satisfaction Guarantee: if you are not completely satisfied with your piece of memorabilia, return the item in its original condition and receive a full refund</li>
</ul>",RSA,,Autographed Football Jerseys,"01-09-RSA, 49ers, Best-Seller, FB, inhouse, jersey, New Arrival, Season, V, year-end",true,Title,Default Title,,,,,,,,RSA-10765,907.1989147615625,shopify,86,deny,manual,77.00,99.99,true,true,,,,,,https://cdn.shopify.com/s/files/1/0642/7842/9930/files/samuel-sr-49ers-red-autographed-stitched-football-jersey-back.jpg?v=1756763283,1,"",false,,,,,,,,oz,,60.00,true,,,active
deebo-samuel-signed-san-francisco-red-football-jersey-beckett,,,,,,,,,,,,,,,,,,,,,,,,,,,,,,,,https://cdn.shopify.com/s/files/1/0642/7842/9930/files/samuel-sr-49ers-red-autographed-stitched-football-jersey-signature.jpg?v=1756763283,2,"",,,,,,,,,,,,,,,
deebo-samuel-signed-san-francisco-red-football-jersey-beckett,,,,,,,,,,,,,,,,,,,,,,,,,,,,,,,,https://cdn.shopify.com/s/files/1/0642/7842/9930/files/samuel-sr-49ers-red-autographed-stitched-football-jersey-front.jpg?v=1756763283,3,"",,,,,,,,,,,,,,,
deebo-samuel-signed-san-francisco-black-football-jersey-beckett,Deebo Samuel Signed San Francisco Black Football Jersey (Beckett),"<p>This custom stitched football jersey has been personally hand signed by Deebo Samuel and authenticated by a top 3rd party authentication company. All autographed sports collectibles are limited! Order now to add this timeless piece of football memorabilia to your collection before it’s gone.</p><ul>
<li>Hand signed Football jersey autographed by Deebo Samuel and authenticated by Beckett</li>
<li>Includes a <em>Witnessed Protection Program</em> tamper-proof authentication sticker from Beckett</li>
<li>90-day Satisfaction Guarantee: if you are not completely satisfied with your piece of memorabilia, return the item in its original condition and receive a full refund</li>
</ul>",RSA,,Autographed Football Jerseys,"01-09-RSA, 49ers, FB, inhouse, jersey, New Arrival, Season, V, year-end",true,Title,Default Title,,,,,,,,RSA-10763,907.1989147615625,shopify,23,deny,manual,77.00,99.99,true,true,,,,,,https://cdn.shopify.com/s/files/1/0642/7842/9930/files/samuel-sr-49ers-black-autographed-stitched-football-jersey-back.jpg?v=1756763283,1,"",false,,,,,,,,oz,,60.00,true,,,active
deebo-samuel-signed-san-francisco-black-football-jersey-beckett,,,,,,,,,,,,,,,,,,,,,,,,,,,,,,,,https://cdn.shopify.com/s/files/1/0642/7842/9930/files/samuel-sr-49ers-black-autographed-stitched-football-jersey-signature.jpg?v=1756763283,2,"",,,,,,,,,,,,,,,
deebo-samuel-signed-san-francisco-black-football-jersey-beckett,,,,,,,,,,,,,,,,,,,,,,,,,,,,,,,,https://cdn.shopify.com/s/files/1/0642/7842/9930/files/samuel-sr-49ers-black-autographed-stitched-football-jersey-front.jpg?v=1756763283,3,"",,,,,,,,,,,,,,,
brian-jordan-signed-atlanta-black-football-jersey-beckett,Brian Jordan Signed Atlanta Black Football Jersey (Beckett),"<p>This custom stitched football jersey has been personally hand signed by Brian Jordan and authenticated by a top 3rd party authentication company. All autographed sports collectibles are limited! Order now to add this timeless piece of football memorabilia to your collection before it’s gone.</p><ul>
<li>Hand signed Football jersey autographed by Brian Jordan and authenticated by Beckett</li>
<li>Includes a <em>Witnessed Protection Program</em> tamper-proof authentication sticker from Beckett</li>
<li>90-day Satisfaction Guarantee: if you are not completely satisfied with your piece of memorabilia, return the item in its original condition and receive a full refund</li>
</ul>",RSA,,Autographed Football Jerseys,"01-29-RSA, Falcons, FB, inhouse, jersey, New Arrival, Season, V, year-end",true,Title,Default Title,,,,,,,,RSA-10767,907.1989147615625,shopify,14,deny,manual,49.00,64.99,true,true,,,,,,https://cdn.shopify.com/s/files/1/0642/7842/9930/files/jordan-falcons-black-autographed-stitched-football-jersey-back.jpg?v=1756763284,1,"",false,,,,,,,,oz,,30.00,true,,,active
brian-jordan-signed-atlanta-black-football-jersey-beckett,,,,,,,,,,,,,,,,,,,,,,,,,,,,,,,,https://cdn.shopify.com/s/files/1/0642/7842/9930/files/jordan-falcons-black-autographed-stitched-football-jersey-signature.jpg?v=1756763284,2,"",,,,,,,,,,,,,,,
brian-jordan-signed-atlanta-black-football-jersey-beckett,,,,,,,,,,,,,,,,,,,,,,,,,,,,,,,,https://cdn.shopify.com/s/files/1/0642/7842/9930/files/jordan-falcons-black-autographed-stitched-football-jersey-front.jpg?v=1756763284,3,"",,,,,,,,,,,,,,,
zaire-franklin-signed-indianapolis-white-football-jersey-beckett,Zaire Franklin Signed Indianapolis White Football Jersey (Beckett),"<p>This custom stitched football jersey has been personally hand signed by Zaire Franklin and authenticated by a top 3rd party authentication company. All autographed sports collectibles are limited! Order now to add this timeless piece of football memorabilia to your collection before it’s gone.</p><ul>
<li>Hand signed Football jersey autographed by Zaire Franklin and authenticated by Beckett</li>
<li>Includes a <em>Witnessed Protection Program</em> tamper-proof authentication sticker from Beckett</li>
<li>90-day Satisfaction Guarantee: if you are not completely satisfied with your piece of memorabilia, return the item in its original condition and receive a full refund</li>
</ul>",RSA,,Autographed Football Jerseys,"01-09-RSA, Colts, Current Star, FB, inhouse, jersey, New Arrival, Season, V, year-end",true,Title,Default Title,,,,,,,,RSA-10754,907.1989147615625,shopify,53,deny,manual,57.00,79.99,true,true,,,,,,https://cdn.shopify.com/s/files/1/0642/7842/9930/files/franklin-colts-white-autographed-stitched-football-jersey-back.jpg?v=1756763284,1,"",false,,,,,,,,oz,,40.00,true,,,active
zaire-franklin-signed-indianapolis-white-football-jersey-beckett,,,,,,,,,,,,,,,,,,,,,,,,,,,,,,,,https://cdn.shopify.com/s/files/1/0642/7842/9930/files/franklin-colts-white-autographed-stitched-football-jersey-signature.jpg?v=1756763284,2,"",,,,,,,,,,,,,,,
zaire-franklin-signed-indianapolis-white-football-jersey-beckett,,,,,,,,,,,,,,,,,,,,,,,,,,,,,,,,https://cdn.shopify.com/s/files/1/0642/7842/9930/files/franklin-colts-white-autographed-stitched-football-jersey-front.jpg?v=1756763284,3,"",,,,,,,,,,,,,,,
ray-ray-mccloud-signed-atlanta-black-football-jersey-beckett,Ray-Ray McCloud Signed Atlanta Black Football Jersey (Beckett),"<p>This custom stitched football jersey has been personally hand signed by Ray-Ray McCloud and authenticated by a top 3rd party authentication company. All autographed sports collectibles are limited! Order now to add this timeless piece of football memorabilia to your collection before it’s gone.</p><ul>
<li>Hand signed Football jersey autographed by Ray-Ray McCloud and authenticated by Beckett</li>
<li>Includes a <em>Witnessed Protection Program</em> tamper-proof authentication sticker from Beckett</li>
<li>90-day Satisfaction Guarantee: if you are not completely satisfied with your piece of memorabilia, return the item in its original condition and receive a full refund</li>
</ul>",RSA,,Autographed Football Jerseys,"01-29-RSA, Falcons, FB, inhouse, jersey, New Arrival, V",true,Title,Default Title,,,,,,,,RSA-10737,907.1989147615625,shopify,120,deny,manual,48.00,69.99,true,true,,,,,,https://cdn.shopify.com/s/files/1/0642/7842/9930/files/mccloud-falcons-black-autographed-stitched-football-jersey-back.jpg?v=1756763287,1,"",false,,,,,,,,oz,,25.00,true,,,active
ray-ray-mccloud-signed-atlanta-black-football-jersey-beckett,,,,,,,,,,,,,,,,,,,,,,,,,,,,,,,,https://cdn.shopify.com/s/files/1/0642/7842/9930/files/mccloud-falcons-black-autographed-stitched-football-jersey-signature.jpg?v=1756763287,2,"",,,,,,,,,,,,,,,
ray-ray-mccloud-signed-atlanta-black-football-jersey-beckett,,,,,,,,,,,,,,,,,,,,,,,,,,,,,,,,https://cdn.shopify.com/s/files/1/0642/7842/9930/files/mccloud-falcons-black-autographed-stitched-football-jersey-front.jpg?v=1756763287,3,"",,,,,,,,,,,,,,,
nick-cross-signed-indianapolis-white-football-jersey-jsa,Nick Cross Signed Indianapolis White Football Jersey (JSA),"<p>This custom stitched football jersey has been personally hand signed by Nick  Cross and authenticated by a top 3rd party authentication company. All autographed sports collectibles are limited! Order now to add this timeless piece of football memorabilia to your collection before it’s gone.</p><ul>
<li>Hand signed Football jersey autographed by Nick Cross and authenticated by JSA</li>
<li>Includes a <em>Witnessed Protection Program</em> tamper-proof authentication sticker from JSA</li>
<li>90-day Satisfaction Guarantee: if you are not completely satisfied with your piece of memorabilia, return the item in its original condition and receive a full refund</li>
</ul>",RSA,,Autographed Football Jerseys,"02-11-RSA, Colts, FB, inhouse, jersey, New Arrival, V",true,Title,Default Title,,,,,,,,RSA-10741,907.1989147615625,shopify,42,deny,manual,45.00,59.99,true,true,,,,,,https://cdn.shopify.com/s/files/1/0642/7842/9930/files/cross-colts-white-autographed-stitched-football-jersey-back.jpg?v=1756763287,1,"",false,,,,,,,,oz,,25.00,true,,,active
nick-cross-signed-indianapolis-white-football-jersey-jsa,,,,,,,,,,,,,,,,,,,,,,,,,,,,,,,,https://cdn.shopify.com/s/files/1/0642/7842/9930/files/cross-colts-white-autographed-stitched-football-jersey-signature.jpg?v=1756763287,2,"",,,,,,,,,,,,,,,
nick-cross-signed-indianapolis-white-football-jersey-jsa,,,,,,,,,,,,,,,,,,,,,,,,,,,,,,,,https://cdn.shopify.com/s/files/1/0642/7842/9930/files/cross-colts-white-autographed-stitched-football-jersey-front.jpg?v=1756763287,3,"",,,,,,,,,,,,,,,
michael-turner-signed-atlanta-white-football-jersey-beckett,Michael Turner Signed Atlanta White Football Jersey (Beckett),"<p>This custom stitched football jersey has been personally hand signed by Michael  Turner and authenticated by a top 3rd party authentication company. All autographed sports collectibles are limited! Order now to add this timeless piece of football memorabilia to your collection before it’s gone.</p><ul>
<li>Hand signed Football jersey autographed by Michael  Turner and authenticated by Beckett</li>
<li>Includes a <em>Witnessed Protection Program</em> tamper-proof authentication sticker from Beckett</li>
<li>90-day Satisfaction Guarantee: if you are not completely satisfied with your piece of memorabilia, return the item in its original condition and receive a full refund</li>
</ul>",RSA,,Autographed Football Jerseys,"01-29-RSA, Falcons, FB, inhouse, jersey, New Arrival, Season, V, year-end",true,Title,Default Title,,,,,,,,RSA-10736,907.1989147615625,shopify,31,deny,manual,44.00,59.99,true,true,,,,,,https://cdn.shopify.com/s/files/1/0642/7842/9930/files/turner-falcons-white-autographed-stitched-football-jersey-back.jpg?v=1756763288,1,"",false,,,,,,,,oz,,25.00,true,,,active
michael-turner-signed-atlanta-white-football-jersey-beckett,,,,,,,,,,,,,,,,,,,,,,,,,,,,,,,,https://cdn.shopify.com/s/files/1/0642/7842/9930/files/turner-falcons-white-autographed-stitched-football-jersey-signature.jpg?v=1756763288,2,"",,,,,,,,,,,,,,,
michael-turner-signed-atlanta-white-football-jersey-beckett,,,,,,,,,,,,,,,,,,,,,,,,,,,,,,,,https://cdn.shopify.com/s/files/1/0642/7842/9930/files/turner-falcons-white-autographed-stitched-football-jersey-front.jpg?v=1756763288,3,"",,,,,,,,,,,,,,,
michael-turner-signed-atlanta-red-football-jersey-beckett,Michael Turner Signed Atlanta Red Football Jersey (Beckett),"<p>This custom stitched football jersey has been personally hand signed by Michael Turner and authenticated by a top 3rd party authentication company. All autographed sports collectibles are limited! Order now to add this timeless piece of football memorabilia to your collection before it’s gone.</p><ul>
<li>Hand signed Football jersey autographed by Michael Turner and authenticated by Beckett</li>
<li>Includes a <em>Witnessed Protection Program</em> tamper-proof authentication sticker from Beckett</li>
<li>90-day Satisfaction Guarantee: if you are not completely satisfied with your piece of memorabilia, return the item in its original condition and receive a full refund</li>
</ul>",RSA,,Autographed Football Jerseys,"01-29-RSA, Falcons, FB, inhouse, jersey, New Arrival, Season, V, year-end",true,Title,Default Title,,,,,,,,RSA-10749,907.1989147615625,shopify,25,deny,manual,44.00,59.99,true,true,,,,,,https://cdn.shopify.com/s/files/1/0642/7842/9930/files/turner-falcons-red-autographed-stitched-football-jersey-back.jpg?v=1756763289,1,"",false,,,,,,,,oz,,25.00,true,,,active
michael-turner-signed-atlanta-red-football-jersey-beckett,,,,,,,,,,,,,,,,,,,,,,,,,,,,,,,,https://cdn.shopify.com/s/files/1/0642/7842/9930/files/turner-falcons-red-autographed-stitched-football-jersey-signature.jpg?v=1756763289,2,"",,,,,,,,,,,,,,,
michael-turner-signed-atlanta-red-football-jersey-beckett,,,,,,,,,,,,,,,,,,,,,,,,,,,,,,,,https://cdn.shopify.com/s/files/1/0642/7842/9930/files/turner-falcons-red-autographed-stitched-football-jersey-front.jpg?v=1756763289,3,"",,,,,,,,,,,,,,,
michael-turner-signed-atlanta-black-football-jersey-beckett,Michael Turner Signed Atlanta Black Football Jersey (Beckett),"<p>This custom stitched football jersey has been personally hand signed by Michael Turner and authenticated by a top 3rd party authentication company. All autographed sports collectibles are limited! Order now to add this timeless piece of football memorabilia to your collection before it’s gone.</p><ul>
<li>Hand signed Football jersey autographed by Michael Turner and authenticated by Beckett</li>
<li>Includes a <em>Witnessed Protection Program</em> tamper-proof authentication sticker from Beckett</li>
<li>90-day Satisfaction Guarantee: if you are not completely satisfied with your piece of memorabilia, return the item in its original condition and receive a full refund</li>
</ul>",RSA,,Autographed Football Jerseys,"01-29-RSA, Falcons, FB, inhouse, jersey, New Arrival, Season, V, year-end",true,Title,Default Title,,,,,,,,RSA-10748,907.1989147615625,shopify,23,deny,manual,44.00,59.99,true,true,,,,,,https://cdn.shopify.com/s/files/1/0642/7842/9930/files/turner-falcons-black-autographed-stitched-football-jersey-back.jpg?v=1756763289,1,"",false,,,,,,,,oz,,25.00,true,,,active
michael-turner-signed-atlanta-black-football-jersey-beckett,,,,,,,,,,,,,,,,,,,,,,,,,,,,,,,,https://cdn.shopify.com/s/files/1/0642/7842/9930/files/turner-falcons-black-autographed-stitched-football-jersey-signature.jpg?v=1756763290,2,"",,,,,,,,,,,,,,,
michael-turner-signed-atlanta-black-football-jersey-beckett,,,,,,,,,,,,,,,,,,,,,,,,,,,,,,,,https://cdn.shopify.com/s/files/1/0642/7842/9930/files/turner-falcons-black-autographed-stitched-football-jersey-front.jpg?v=1756763290,3,"",,,,,,,,,,,,,,,
justin-tucker-signed-baltimore-salute-to-service-football-jersey-beckett,Justin Tucker Signed Baltimore Salute to Service Football Jersey (Beckett),"<p>This custom stitched football jersey has been personally hand signed by Justin Tucker and authenticated by a top 3rd party authentication company. All autographed sports collectibles are limited! Order now to add this timeless piece of football memorabilia to your collection before it’s gone.</p><ul>
<li>Hand signed Football jersey autographed by Justin Tucker and authenticated by Beckett</li>
<li>Includes a <em>Witnessed Protection Program</em> tamper-proof authentication sticker from Beckett</li>
<li>90-day Satisfaction Guarantee: if you are not completely satisfied with your piece of memorabilia, return the item in its original condition and receive a full refund</li>
</ul>",RSA,,Autographed Football Jerseys,"01-09-RSA, FB, inhouse, jersey, New Arrival, playoff25, Ravens, Season, V",true,Title,Default Title,,,,,,,,RSA-10758,907.1989147615625,shopify,16,deny,manual,48.00,64.99,true,true,,,,,,https://cdn.shopify.com/s/files/1/0642/7842/9930/files/tucker-ravens-salute-to-service-autographed-stitched-football-jersey-back.jpg?v=1756763290,1,"",false,,,,,,,,oz,,30.00,true,,,active
justin-tucker-signed-baltimore-salute-to-service-football-jersey-beckett,,,,,,,,,,,,,,,,,,,,,,,,,,,,,,,,https://cdn.shopify.com/s/files/1/0642/7842/9930/files/tucker-ravens-salute-to-service-autographed-stitched-football-jersey-signature.jpg?v=1756763290,2,"",,,,,,,,,,,,,,,
justin-tucker-signed-baltimore-salute-to-service-football-jersey-beckett,,,,,,,,,,,,,,,,,,,,,,,,,,,,,,,,https://cdn.shopify.com/s/files/1/0642/7842/9930/files/tucker-ravens-salute-to-service-autographed-stitched-football-jersey-front.jpg?v=1756763290,3,"",,,,,,,,,,,,,,,
drew-pearson-signed-hof-21-inscription-dallas-royal-blue-football-jersey-beckett,Drew Pearson Signed HOF 21 Inscription Dallas Royal Blue Football Jersey (Beckett),"<p>This custom stitched football jersey has been personally hand signed by Drew Pearson and authenticated by a top 3rd party authentication company. All autographed sports collectibles are limited! Order now to add this timeless piece of football memorabilia to your collection before it’s gone.</p><ul>
<li>Hand signed Football jersey autographed by Drew Pearson with HOF 21 inscription and authenticated by Beckett</li>
<li>Includes a <em>Witnessed Protection Program</em> tamper-proof authentication sticker from Beckett</li>
<li>90-day Satisfaction Guarantee: if you are not completely satisfied with your piece of memorabilia, return the item in its original condition and receive a full refund</li>
</ul>",RSA,,Autographed Football Jerseys,"01-29-RSA, Cowboys, FB, inhouse, jersey, New Arrival, Season, V, year-end",true,Title,Default Title,,,,,,,,RSA-10743,907.1989147615625,shopify,2,deny,manual,44.00,64.99,true,true,,,,,,https://cdn.shopify.com/s/files/1/0642/7842/9930/files/pearson-cowboys-hof-21-royal-blue-autographed-stitched-football-jersey-back.jpg?v=1756763291,1,"",false,,,,,,,,oz,,25.00,true,,,active
drew-pearson-signed-hof-21-inscription-dallas-royal-blue-football-jersey-beckett,,,,,,,,,,,,,,,,,,,,,,,,,,,,,,,,https://cdn.shopify.com/s/files/1/0642/7842/9930/files/pearson-cowboys-hof-21-royal-blue-autographed-stitched-football-jersey-signature.jpg?v=1756763291,2,"",,,,,,,,,,,,,,,
drew-pearson-signed-hof-21-inscription-dallas-royal-blue-football-jersey-beckett,,,,,,,,,,,,,,,,,,,,,,,,,,,,,,,,https://cdn.shopify.com/s/files/1/0642/7842/9930/files/pearson-cowboys-hof-21-royal-blue-autographed-stitched-football-jersey-front.jpg?v=1756763291,3,"",,,,,,,,,,,,,,,
charlie-woerner-signed-atlanta-white-football-jersey-beckett,Charlie Woerner Signed Atlanta White Football Jersey (Beckett),"<p>This custom stitched football jersey has been personally hand signed by Charlie Woerner and authenticated by a top 3rd party authentication company. All autographed sports collectibles are limited! Order now to add this timeless piece of football memorabilia to your collection before it’s gone.</p><ul>
<li>Hand signed Football jersey autographed by Charlie Woerner and authenticated by Beckett</li>
<li>Includes a <em>Witnessed Protection Program</em> tamper-proof authentication sticker from Beckett</li>
<li>90-day Satisfaction Guarantee: if you are not completely satisfied with your piece of memorabilia, return the item in its original condition and receive a full refund</li>
</ul>",RSA,,Autographed Football Jerseys,"01-29-RSA, Falcons, FB, inhouse, jersey, New Arrival, Season, V, year-end",true,Title,Default Title,,,,,,,,RSA-10750,907.1989147615625,shopify,68,deny,manual,44.00,59.99,true,true,,,,,,https://cdn.shopify.com/s/files/1/0642/7842/9930/files/woerner-falcons-white-autographed-stitched-football-jersey-back.jpg?v=1756763292,1,"",false,,,,,,,,oz,,25.00,true,,,active
charlie-woerner-signed-atlanta-white-football-jersey-beckett,,,,,,,,,,,,,,,,,,,,,,,,,,,,,,,,https://cdn.shopify.com/s/files/1/0642/7842/9930/files/woerner-falcons-white-autographed-stitched-football-jersey-signature.jpg?v=1756763292,2,"",,,,,,,,,,,,,,,
charlie-woerner-signed-atlanta-white-football-jersey-beckett,,,,,,,,,,,,,,,,,,,,,,,,,,,,,,,,https://cdn.shopify.com/s/files/1/0642/7842/9930/files/woerner-falcons-white-autographed-stitched-football-jersey-front.jpg?v=1756763292,3,"",,,,,,,,,,,,,,,
charlie-woerner-signed-atlanta-black-football-jersey-beckett,Charlie Woerner Signed Atlanta Black Football Jersey (Beckett),"<p>This custom stitched football jersey has been personally hand signed by Charlie Woerner and authenticated by a top 3rd party authentication company. All autographed sports collectibles are limited! Order now to add this timeless piece of football memorabilia to your collection before it’s gone.</p><ul>
<li>Hand signed Football jersey autographed by Charlie Woerner and authenticated by Beckett</li>
<li>Includes a <em>Witnessed Protection Program</em> tamper-proof authentication sticker from Beckett</li>
<li>90-day Satisfaction Guarantee: if you are not completely satisfied with your piece of memorabilia, return the item in its original condition and receive a full refund</li>
</ul>",RSA,,Autographed Football Jerseys,"01-29-RSA, Falcons, FB, inhouse, jersey, New Arrival, Season, V, year-end",true,Title,Default Title,,,,,,,,RSA-10738,907.1989147615625,shopify,123,deny,manual,44.00,59.99,true,true,,,,,,https://cdn.shopify.com/s/files/1/0642/7842/9930/files/woerner-falcons-black-autographed-stitched-football-jersey-back.jpg?v=1756763292,1,"",false,,,,,,,,oz,,25.00,true,,,active
charlie-woerner-signed-atlanta-black-football-jersey-beckett,,,,,,,,,,,,,,,,,,,,,,,,,,,,,,,,https://cdn.shopify.com/s/files/1/0642/7842/9930/files/woerner-falcons-black-autographed-stitched-football-jersey-signature.jpg?v=1756763292,2,"",,,,,,,,,,,,,,,
charlie-woerner-signed-atlanta-black-football-jersey-beckett,,,,,,,,,,,,,,,,,,,,,,,,,,,,,,,,https://cdn.shopify.com/s/files/1/0642/7842/9930/files/woerner-falcons-black-autographed-stitched-football-jersey-front.jpg?v=1756763292,3,"",,,,,,,,,,,,,,,
bruce-smith-signed-buffalo-red-football-jersey-beckett,Bruce Smith Signed Buffalo Red Football Jersey (Beckett),"<p>This custom stitched football jersey has been personally hand signed by Bruce Smith and authenticated by a top 3rd party authentication company. All autographed sports collectibles are limited! Order now to add this timeless piece of football memorabilia to your collection before it’s gone.</p><ul>
<li>Hand signed Football jersey autographed by Bruce Smith and authenticated by Beckett</li>
<li>Includes a <em>Witnessed Protection Program</em> tamper-proof authentication sticker from Beckett</li>
<li>90-day Satisfaction Guarantee: if you are not completely satisfied with your piece of memorabilia, return the item in its original condition and receive a full refund</li>
</ul>",RSA,,Autographed Football Jerseys,"01-09-RSA, Bills, FB, inhouse, jersey, New Arrival, Season, V",true,Title,Default Title,,,,,,,,RSA-10739,907.1989147615625,shopify,8,deny,manual,95.00,149.99,true,true,,,,,,https://cdn.shopify.com/s/files/1/0642/7842/9930/files/smith-bills-red-autographed-stitched-football-jersey-back.jpg?v=1756763293,1,"",false,,,,,,,,oz,,65.00,true,,,active
bruce-smith-signed-buffalo-red-football-jersey-beckett,,,,,,,,,,,,,,,,,,,,,,,,,,,,,,,,https://cdn.shopify.com/s/files/1/0642/7842/9930/files/smith-bills-red-autographed-stitched-football-jersey-signature.jpg?v=1756763293,2,"",,,,,,,,,,,,,,,
bruce-smith-signed-buffalo-red-football-jersey-beckett,,,,,,,,,,,,,,,,,,,,,,,,,,,,,,,,https://cdn.shopify.com/s/files/1/0642/7842/9930/files/smith-bills-red-autographed-stitched-football-jersey-front.jpg?v=1756763293,3,"",,,,,,,,,,,,,,,
antoine-bethea-signed-indianapolis-blue-football-jersey-jsa,Antoine Bethea Signed Indianapolis Blue Football Jersey (JSA),"<p>This custom stitched football jersey has been personally hand signed by Antoine Bethea and authenticated by a top 3rd party authentication company. All autographed sports collectibles are limited! Order now to add this timeless piece of football memorabilia to your collection before it’s gone.</p><ul>
<li>Hand signed Football jersey autographed by Antoine Bethea and authenticated by JSA</li>
<li>Includes a <em>Witnessed Protection Program</em> tamper-proof authentication sticker from JSA</li>
<li>90-day Satisfaction Guarantee: if you are not completely satisfied with your piece of memorabilia, return the item in its original condition and receive a full refund</li>
</ul>",RSA,,Autographed Football Jerseys,"01-29-RSA, Colts, FB, inhouse, jersey, New Arrival, Season, V, year-end",true,Title,Default Title,,,,,,,,RSA-10742,907.1989147615625,shopify,123,deny,manual,41.00,59.99,true,true,,,,,,https://cdn.shopify.com/s/files/1/0642/7842/9930/files/bethea-colts-blue-autographed-stitched-football-jersey-back_9e3945ba-96f6-4354-a5c7-405cf080f3a6.jpg?v=1756763294,1,"",false,,,,,,,,oz,,23.00,true,,,active
antoine-bethea-signed-indianapolis-blue-football-jersey-jsa,,,,,,,,,,,,,,,,,,,,,,,,,,,,,,,,https://cdn.shopify.com/s/files/1/0642/7842/9930/files/bethea-colts-blue-autographed-stitched-football-jersey-signature_371d4e23-f44e-4caa-9d31-fe9a351e06a3.jpg?v=1756763294,2,"",,,,,,,,,,,,,,,
antoine-bethea-signed-indianapolis-blue-football-jersey-jsa,,,,,,,,,,,,,,,,,,,,,,,,,,,,,,,,https://cdn.shopify.com/s/files/1/0642/7842/9930/files/bethea-colts-blue-autographed-stitched-football-jersey-front_8bd00fb7-42cd-4266-a1c0-39184781ffed.jpg?v=1756763294,3,"",,,,,,,,,,,,,,,
rico-dowdle-signed-dallas-thanksgiving-football-jersey-beckett,Rico Dowdle Signed Dallas Thanksgiving Football Jersey (Beckett),"<p>This custom stitched football jersey has been personally hand signed by Rico Dowdle and authenticated by a top 3rd party authentication company. All autographed sports collectibles are limited! Order now to add this timeless piece of football memorabilia to your collection before it’s gone.</p><ul>
<li>Hand signed Football jersey autographed by Rico Dowdle and authenticated by Beckett</li>
<li>Includes a <em>Witnessed Protection Program</em> tamper-proof authentication sticker from Beckett</li>
<li>90-day Satisfaction Guarantee: if you are not completely satisfied with your piece of memorabilia, return the item in its original condition and receive a full refund</li>
</ul>",RSA,,Autographed Football Jerseys,"12-01-RSA, BFCM24, Cowboys, FB, inhouse, jersey, New Arrival, Season, V, year-end",true,Title,Default Title,,,,,,,,RSA-10695,907.1989147615625,shopify,16,deny,manual,35.00,49.99,true,true,,,,,,https://cdn.shopify.com/s/files/1/0642/7842/9930/files/dowdle-cowboys-thanksgiving-autographed-stitched-football-jersey-back.jpg?v=1756763294,1,"",false,,,,,,,,oz,,30.00,true,,,active
rico-dowdle-signed-dallas-thanksgiving-football-jersey-beckett,,,,,,,,,,,,,,,,,,,,,,,,,,,,,,,,https://cdn.shopify.com/s/files/1/0642/7842/9930/files/dowdle-cowboys-thanksgiving-autographed-stitched-football-jersey-signature.jpg?v=1756763294,2,"",,,,,,,,,,,,,,,
rico-dowdle-signed-dallas-thanksgiving-football-jersey-beckett,,,,,,,,,,,,,,,,,,,,,,,,,,,,,,,,https://cdn.shopify.com/s/files/1/0642/7842/9930/files/dowdle-cowboys-thanksgiving-autographed-stitched-football-jersey-front.jpg?v=1756763294,3,"",,,,,,,,,,,,,,,
steve-deberg-signed-atlanta-white-football-jersey-beckett,Steve DeBerg Signed Atlanta White Football Jersey (JSA),"<p>This custom stitched football jersey has been personally hand signed by Steve DeBerg and authenticated by a top 3rd party authentication company. All autographed sports collectibles are limited! Order now to add this timeless piece of football memorabilia to your collection before it’s gone.</p>
<ul>
<li>Hand signed Football jersey autographed by Steve DeBerg and authenticated by JSA</li>
<li>Includes a <em>Witnessed Protection Program</em> tamper-proof authentication sticker from JSA</li>
<li>90-day Satisfaction Guarantee: if you are not completely satisfied with your piece of memorabilia, return the item in its original condition and receive a full refund</li>
</ul>",RSA,,Autographed Football Jerseys,"11-22-RSA, BFCM24, Falcons, FB, inhouse, jersey, Jerseys, New Arrival, Season, V, year-end",true,Title,Default Title,,,,,,,,RSA-10676,907.1989147615625,shopify,87,deny,manual,40.00,59.99,true,true,,,,,,https://cdn.shopify.com/s/files/1/0642/7842/9930/files/deberg-falcons-white-autographed-stitched-football-jersey-back.jpg?v=1756763295,1,"",false,,,,,,,,oz,,22.00,true,,,active
steve-deberg-signed-atlanta-white-football-jersey-beckett,,,,,,,,,,,,,,,,,,,,,,,,,,,,,,,,https://cdn.shopify.com/s/files/1/0642/7842/9930/files/deberg-falcons-white-autographed-stitched-football-jersey-signature.jpg?v=1756763295,2,"",,,,,,,,,,,,,,,
steve-deberg-signed-atlanta-white-football-jersey-beckett,,,,,,,,,,,,,,,,,,,,,,,,,,,,,,,,https://cdn.shopify.com/s/files/1/0642/7842/9930/files/deberg-falcons-white-autographed-stitched-football-jersey-front.jpg?v=1756763295,3,"",,,,,,,,,,,,,,,
grady-jarrett-signed-atlanta-white-football-jersey-beckett,Grady Jarrett Signed Atlanta White Football Jersey (Beckett),"<p>This custom stitched football jersey has been personally hand signed by Grady Jarrett and authenticated by a top 3rd party authentication company. All autographed sports collectibles are limited! Order now to add this timeless piece of football memorabilia to your collection before it’s gone.</p><ul>
<li>Hand signed Football jersey autographed by Grady Jarrett and authenticated by Beckett</li>
<li>Includes a <em>Witnessed Protection Program</em> tamper-proof authentication sticker from Beckett</li>
<li>90-day Satisfaction Guarantee: if you are not completely satisfied with your piece of memorabilia, return the item in its original condition and receive a full refund</li>
</ul>",RSA,,Autographed Football Jerseys,"11-22-RSA, BFCM24, Falcons, FB, inhouse, jersey, Jerseys, New Arrival, Season, V, year-end",true,Title,Default Title,,,,,,,,RSA-10674,907.1989147615625,shopify,42,deny,manual,55.00,74.99,true,true,,,,,,https://cdn.shopify.com/s/files/1/0642/7842/9930/files/jarrett-falcons-white-autographed-stitched-football-jersey-back.jpg?v=1756763295,1,"",false,,,,,,,,oz,,35.00,true,,,active
grady-jarrett-signed-atlanta-white-football-jersey-beckett,,,,,,,,,,,,,,,,,,,,,,,,,,,,,,,,https://cdn.shopify.com/s/files/1/0642/7842/9930/files/jarrett-falcons-white-autographed-stitched-football-jersey-signature.jpg?v=1756763295,2,"",,,,,,,,,,,,,,,
grady-jarrett-signed-atlanta-white-football-jersey-beckett,,,,,,,,,,,,,,,,,,,,,,,,,,,,,,,,https://cdn.shopify.com/s/files/1/0642/7842/9930/files/jarrett-falcons-white-autographed-stitched-football-jersey-front.jpg?v=1756763295,3,"",,,,,,,,,,,,,,,
grady-jarrett-signed-atlanta-white-current-football-jersey-beckett,Grady Jarrett Signed Atlanta White Current Football Jersey (Beckett),"<p>This custom stitched football jersey has been personally hand signed by Grady Jarrett and authenticated by a top 3rd party authentication company. All autographed sports collectibles are limited! Order now to add this timeless piece of football memorabilia to your collection before it’s gone.</p><ul>
<li>Hand signed Football jersey autographed by Grady Jarrett and authenticated by Beckett</li>
<li>Includes a <em>Witnessed Protection Program</em> tamper-proof authentication sticker from Beckett</li>
<li>90-day Satisfaction Guarantee: if you are not completely satisfied with your piece of memorabilia, return the item in its original condition and receive a full refund</li>
</ul>",RSA,,Autographed Football Jerseys,"11-22-RSA, BFCM24, Falcons, FB, inhouse, jersey, Jerseys, New Arrival, Season, V, year-end",true,Title,Default Title,,,,,,,,RSA-10671,907.1989147615625,shopify,58,deny,manual,55.00,74.99,true,true,,,,,,https://cdn.shopify.com/s/files/1/0642/7842/9930/files/jarrett-falcons-current-white-autographed-stitched-football-jersey-back.jpg?v=1756763296,1,"",false,,,,,,,,oz,,35.00,true,,,active
grady-jarrett-signed-atlanta-white-current-football-jersey-beckett,,,,,,,,,,,,,,,,,,,,,,,,,,,,,,,,https://cdn.shopify.com/s/files/1/0642/7842/9930/files/jarrett-falcons-current-white-autographed-stitched-football-jersey-signature.jpg?v=1756763296,2,"",,,,,,,,,,,,,,,
grady-jarrett-signed-atlanta-white-current-football-jersey-beckett,,,,,,,,,,,,,,,,,,,,,,,,,,,,,,,,https://cdn.shopify.com/s/files/1/0642/7842/9930/files/jarrett-falcons-current-white-autographed-stitched-football-jersey-front.jpg?v=1756763296,3,"",,,,,,,,,,,,,,,
grady-jarrett-signed-atlanta-red-football-jersey-beckett,Grady Jarrett Signed Atlanta Red Football Jersey (Beckett),"<p>This custom stitched football jersey has been personally hand signed by Grady Jarrett and authenticated by a top 3rd party authentication company. All autographed sports collectibles are limited! Order now to add this timeless piece of football memorabilia to your collection before it’s gone.</p><ul>
<li>Hand signed Football jersey autographed by Grady Jarrett and authenticated by Beckett</li>
<li>Includes a <em>Witnessed Protection Program</em> tamper-proof authentication sticker from Beckett</li>
<li>90-day Satisfaction Guarantee: if you are not completely satisfied with your piece of memorabilia, return the item in its original condition and receive a full refund</li>
</ul>",RSA,,Autographed Football Jerseys,"11-22-RSA, BFCM24, Falcons, FB, inhouse, jersey, Jerseys, New Arrival, Season, V, year-end",true,Title,Default Title,,,,,,,,RSA-10673,907.1989147615625,shopify,46,deny,manual,55.00,74.99,true,true,,,,,,https://cdn.shopify.com/s/files/1/0642/7842/9930/files/jarrett-falcons-red-autographed-stitched-football-jersey-back.jpg?v=1756763297,1,"",false,,,,,,,,oz,,35.00,true,,,active
grady-jarrett-signed-atlanta-red-football-jersey-beckett,,,,,,,,,,,,,,,,,,,,,,,,,,,,,,,,https://cdn.shopify.com/s/files/1/0642/7842/9930/files/jarrett-falcons-red-autographed-stitched-football-jersey-signature.jpg?v=1756763297,2,"",,,,,,,,,,,,,,,
grady-jarrett-signed-atlanta-red-football-jersey-beckett,,,,,,,,,,,,,,,,,,,,,,,,,,,,,,,,https://cdn.shopify.com/s/files/1/0642/7842/9930/files/jarrett-falcons-red-autographed-stitched-football-jersey-front.jpg?v=1756763297,3,"",,,,,,,,,,,,,,,
grady-jarrett-signed-atlanta-black-football-jersey-beckett,Grady Jarrett Signed Atlanta Black Football Jersey (Beckett),"<p>This custom stitched football jersey has been personally hand signed by Grady Jarrett and authenticated by a top 3rd party authentication company. All autographed sports collectibles are limited! Order now to add this timeless piece of football memorabilia to your collection before it’s gone.</p>
<ul>
<li>Hand signed Football jersey autographed by Grady Jarrett and authenticated by Beckett</li>
<li>Includes a <em>Witnessed Protection Program</em> tamper-proof authentication sticker from Beckett</li>
<li>90-day Satisfaction Guarantee: if you are not completely satisfied with your piece of memorabilia, return the item in its original condition and receive a full refund</li>
</ul>",RSA,,Autographed Football Jerseys,"11-22-RSA, BFCM24, Falcons, FB, inhouse, jersey, Jerseys, New Arrival, Season, V, year-end",true,Title,Default Title,,,,,,,,RSA-10675,907.1989147615625,shopify,38,deny,manual,55.00,74.99,true,true,,,,,,https://cdn.shopify.com/s/files/1/0642/7842/9930/files/jarrett-falcons-black-autographed-stitched-football-jersey-back.jpg?v=1756763297,1,"",false,,,,,,,,oz,,35.00,true,,,active
grady-jarrett-signed-atlanta-black-football-jersey-beckett,,,,,,,,,,,,,,,,,,,,,,,,,,,,,,,,https://cdn.shopify.com/s/files/1/0642/7842/9930/files/jarrett-falcons-black-autographed-stitched-football-jersey-signature.jpg?v=1756763297,2,"",,,,,,,,,,,,,,,
grady-jarrett-signed-atlanta-black-football-jersey-beckett,,,,,,,,,,,,,,,,,,,,,,,,,,,,,,,,https://cdn.shopify.com/s/files/1/0642/7842/9930/files/jarrett-falcons-black-autographed-stitched-football-jersey-front.jpg?v=1756763297,3,"",,,,,,,,,,,,,,,
grady-jarrett-signed-atlanta-black-current-football-jersey-beckett,Grady Jarrett Signed Atlanta Black Current Football Jersey (Beckett),"<p>This custom stitched football jersey has been personally hand signed by Grady Jarrett and authenticated by a top 3rd party authentication company. All autographed sports collectibles are limited! Order now to add this timeless piece of football memorabilia to your collection before it’s gone.</p><ul>
<li>Hand signed Football jersey autographed by Grady Jarrett and authenticated by Beckett</li>
<li>Includes a <em>Witnessed Protection Program</em> tamper-proof authentication sticker from Beckett</li>
<li>90-day Satisfaction Guarantee: if you are not completely satisfied with your piece of memorabilia, return the item in its original condition and receive a full refund</li>
</ul>",RSA,,Autographed Football Jerseys,"11-22-RSA, BFCM24, Falcons, FB, inhouse, jersey, Jerseys, New Arrival, Season, V, year-end",true,Title,Default Title,,,,,,,,RSA-10672,907.1989147615625,shopify,42,deny,manual,55.00,74.99,true,true,,,,,,https://cdn.shopify.com/s/files/1/0642/7842/9930/files/jarrett-falcons-current-black-autographed-stitched-football-jersey-back.jpg?v=1756763298,1,"",false,,,,,,,,oz,,35.00,true,,,active
grady-jarrett-signed-atlanta-black-current-football-jersey-beckett,,,,,,,,,,,,,,,,,,,,,,,,,,,,,,,,https://cdn.shopify.com/s/files/1/0642/7842/9930/files/jarrett-falcons-current-black-autographed-stitched-football-jersey-signature.jpg?v=1756763298,2,"",,,,,,,,,,,,,,,
grady-jarrett-signed-atlanta-black-current-football-jersey-beckett,,,,,,,,,,,,,,,,,,,,,,,,,,,,,,,,https://cdn.shopify.com/s/files/1/0642/7842/9930/files/jarrett-falcons-current-black-autographed-stitched-football-jersey-front.jpg?v=1756763298,3,"",,,,,,,,,,,,,,,
maurice-jones-drew-signed-jacksonville-white-football-jersey-beckett,Maurice Jones-Drew Signed Jacksonville White Football Jersey (Beckett),"<p>This custom stitched football jersey has been personally hand signed by Maurice Jones-Drew and authenticated by a top 3rd party authentication company. All autographed sports collectibles are limited! Order now to add this timeless piece of football memorabilia to your collection before it’s gone.</p><ul>
<li>Hand signed Football jersey autographed by Maurice Jones-Drew and authenticated by Beckett</li>
<li>Includes a <em>Witnessed Protection Program</em> tamper-proof authentication sticker from Beckett</li>
<li>90-day Satisfaction Guarantee: if you are not completely satisfied with your piece of memorabilia, return the item in its original condition and receive a full refund</li>
</ul>",RSA,,Autographed Football Jerseys,"11-22-RSA, BFCM24, FB, inhouse, Jaguars, jersey, Jerseys, New Arrival, Season, V, year-end",true,Title,Default Title,,,,,,,,RSA-10668,907.1989147615625,shopify,37,deny,manual,60.00,89.99,true,true,,,,,,https://cdn.shopify.com/s/files/1/0642/7842/9930/files/jones-drew-jaguars-white-autographed-stitched-football-jersey-back.jpg?v=1731628911,1,"",false,,,,,,,,oz,,35.00,true,,,active
maurice-jones-drew-signed-jacksonville-white-football-jersey-beckett,,,,,,,,,,,,,,,,,,,,,,,,,,,,,,,,https://cdn.shopify.com/s/files/1/0642/7842/9930/files/jones-drew-jaguars-white-autographed-stitched-football-jersey-signature.jpg?v=1731628913,2,"",,,,,,,,,,,,,,,
maurice-jones-drew-signed-jacksonville-white-football-jersey-beckett,,,,,,,,,,,,,,,,,,,,,,,,,,,,,,,,https://cdn.shopify.com/s/files/1/0642/7842/9930/files/jones-drew-jaguars-white-autographed-stitched-football-jersey-front.jpg?v=1731628916,3,"",,,,,,,,,,,,,,,
deuce-vaughn-signed-dallas-white-football-jersey-jsa,Deuce Vaughn Signed Dallas White Football Jersey (JSA),"<p>This custom stitched football jersey has been personally hand signed by Deuce Vaughn and authenticated by a top 3rd party authentication company. All autographed sports collectibles are limited! Order now to add this timeless piece of football memorabilia to your collection before it’s gone.</p><ul>
<li>Custom jersey autographed by Deuce Vaughn and authenticated by JSA</li>
<li>Includes a <em>Witnessed Protection Program</em> tamper-proof authentication sticker from JSA</li>
<li>
<strong>90-day Satisfaction Guarantee:</strong> if you are not completely satisfied with your piece of memorabilia, return the item in its original condition and receive a full refund</li>
</ul>",RSA,,Autographed Football Jerseys,"BFCM24, cowboys, FB, inhouse, jersey, Jerseys, Season, V, year-end",true,Title,Default Title,,,,,,,,RSA-08289,907.1989147615625,shopify,86,deny,manual,30.00,39.99,true,true,,,,,,https://cdn.shopify.com/s/files/1/0642/7842/9930/files/vaughn-cowboys-white-autographed-stitched-football-jersey-back.jpg?v=1756763299,1,"",false,,,,,,,,oz,,24.00,true,,,active
deuce-vaughn-signed-dallas-white-football-jersey-jsa,,,,,,,,,,,,,,,,,,,,,,,,,,,,,,,,https://cdn.shopify.com/s/files/1/0642/7842/9930/files/vaughn-cowboys-white-autographed-stitched-football-jersey-signature.jpg?v=1756763299,2,"",,,,,,,,,,,,,,,
deuce-vaughn-signed-dallas-white-football-jersey-jsa,,,,,,,,,,,,,,,,,,,,,,,,,,,,,,,,https://cdn.shopify.com/s/files/1/0642/7842/9930/files/vaughn-cowboys-white-autographed-stitched-football-jersey-front.jpg?v=1756763299,3,"",,,,,,,,,,,,,,,
deuce-vaughn-signed-dallas-thanksgiving-football-jersey-beckett,Deuce Vaughn Signed Dallas Thanksgiving Football Jersey (BECKETT),"<p>This custom stitched football jersey has been personally hand signed by Deuce Vaughn and authenticated by a top 3rd party authentication company. All autographed sports collectibles are limited! Order now to add this timeless piece of football memorabilia to your collection before it’s gone.</p>
<ul>
<li>Custom jersey autographed by Deuce Vaughn and authenticated by BECKETT </li>
<li>Includes a <em>Witnessed Protection Program</em> tamper-proof authentication sticker from BECKETT </li>
<li>
<strong>90-day Satisfaction Guarantee:</strong> if you are not completely satisfied with your piece of memorabilia, return the item in its original condition and receive a full refund</li>
</ul>",RSA,,Autographed Football Jerseys,"BFCM24, cowboys, FB, In-Stock, inhouse, jersey, Jerseys, Season, V, year-end",true,Title,Default Title,,,,,,,,RSA-08290,907.1989147615625,shopify,62,deny,manual,30.00,39.99,true,true,,,,,,https://cdn.shopify.com/s/files/1/0642/7842/9930/files/vaughn-cowboys-thanksgiving-autographed-stitched-football-jersey-back.jpg?v=1756763299,1,"",false,,,,,,,,oz,,24.00,true,,,active
deuce-vaughn-signed-dallas-thanksgiving-football-jersey-beckett,,,,,,,,,,,,,,,,,,,,,,,,,,,,,,,,https://cdn.shopify.com/s/files/1/0642/7842/9930/files/vaughn-cowboys-thanksgiving-autographed-stitched-football-jersey-signature.jpg?v=1756763300,2,"",,,,,,,,,,,,,,,
deuce-vaughn-signed-dallas-thanksgiving-football-jersey-beckett,,,,,,,,,,,,,,,,,,,,,,,,,,,,,,,,https://cdn.shopify.com/s/files/1/0642/7842/9930/files/vaughn-cowboys-thanksgiving-autographed-stitched-football-jersey-front.jpg?v=1756763300,3,"",,,,,,,,,,,,,,,
deuce-vaughn-signed-dallas-blue-football-jersey-beckett,Deuce Vaughn Signed Dallas Navy Football Jersey (Beckett),"<p>This custom stitched football jersey has been personally hand signed by Deuce Vaughn and authenticated by a top 3rd party authentication company. All autographed sports collectibles are limited! Order now to add this timeless piece of football memorabilia to your collection before it’s gone.</p>
<ul>
<li>Custom jersey autographed by Deuce Vaughn and authenticated by Beckett</li>
<li>Includes a <em>Witnessed Protection Program</em> tamper-proof authentication sticker from Beckett</li>
<li>
<strong>90-day Satisfaction Guarantee:</strong> if you are not completely satisfied with your piece of memorabilia, return the item in its original condition and receive a full refund</li>
</ul>",RSA,,Autographed Football Jerseys,"BFCM24, cowboys, FB, inhouse, jersey, Jerseys, Season, V, year-end",true,Title,Default Title,,,,,,,,RSA-08288,907.1989147615625,shopify,29,deny,manual,30.00,39.99,true,true,,,,,,https://cdn.shopify.com/s/files/1/0642/7842/9930/files/vaughn-cowboys-blue-autographed-stitched-football-jersey-back.jpg?v=1756763300,1,"",false,,,,,,,,oz,,24.00,true,,,active
deuce-vaughn-signed-dallas-blue-football-jersey-beckett,,,,,,,,,,,,,,,,,,,,,,,,,,,,,,,,https://cdn.shopify.com/s/files/1/0642/7842/9930/files/vaughn-cowboys-blue-autographed-stitched-football-jersey-signature.jpg?v=1756763300,2,"",,,,,,,,,,,,,,,
deuce-vaughn-signed-dallas-blue-football-jersey-beckett,,,,,,,,,,,,,,,,,,,,,,,,,,,,,,,,https://cdn.shopify.com/s/files/1/0642/7842/9930/files/vaughn-cowboys-blue-autographed-stitched-football-jersey-front.jpg?v=1756763300,3,"",,,,,,,,,,,,,,,
desean-jackson-signed-pro-edition-white-football-jersey-jsa,DeSean Jackson Signed Pro-Edition White Football Jersey (Beckett),"<ul>
<li>A professional-style XL stitched football jersey autographed by DeSean Jacksonand authenticated by BECKETT</li>
<li>Includes a<em> Witness Protection Program </em>Certificate of Authenticity from BECKETT</li>
<li>Orders are generally shipped the same day if placed before 3pm and delivery only takes 3 to 5 days</li>
<li>90-day Satisfaction Guarantee: if you are not completely satisfied with your piece of memorabilia, you have 90 days from when you receive it to return the item in its original condition and receive a full refund</li>
</ul>",RSA,,Autographed Football Jerseys,"Categorized, FB, HD, inhouse, jersey, Jerseys, MYS_Professional, RSA-products, Sold-Out, Warehouse, X",true,Title,Default Title,,,,,,,,RSA-01992,453.59237,shopify,14,deny,manual,62.00,84.99,true,true,,,,,,https://cdn.shopify.com/s/files/1/0642/7842/9930/files/jacksoneagleswhiteautographedstitchedfootballjerseyback.jpg?v=1756763301,1,"",false,,,,,,,,lb,,40.00,true,,,active
desean-jackson-signed-pro-edition-white-football-jersey-jsa,,,,,,,,,,,,,,,,,,,,,,,,,,,,,,,,https://cdn.shopify.com/s/files/1/0642/7842/9930/files/jacksoneagleswhiteautographedstitchedfootballjerseysignature.jpg?v=1756763301,2,"",,,,,,,,,,,,,,,
desean-jackson-signed-pro-edition-white-football-jersey-jsa,,,,,,,,,,,,,,,,,,,,,,,,,,,,,,,,https://cdn.shopify.com/s/files/1/0642/7842/9930/files/jacksoneagleswhiteautographedstitchedfootballjerseyfront.jpg?v=1756763301,3,"",,,,,,,,,,,,,,,
desean-jackson-signed-philadelphia-green-football-jersey-psa,DeSean Jackson Signed Philadelphia Green Football Jersey (Beckett),"<ul>
<li>A professional-style XL stitched football jersey autographed by DeSean Jacksonand authenticated by BECKETT</li>
<li>Includes a Certificate of Authenticity from BECKETT</li>
<li>Orders are generally shipped the same or next day and delivery only takes 3 to 5 days</li>
<li>90-day Satisfaction Guarantee: if you are not completely satisfied with your piece of memorabilia, you have 90 days from when you receive it to return the item in its original condition and receive a full refund</li>
</ul>",RSA,,Autographed Football Jerseys,"Categorized, eagles, FB, HD, inhouse, jersey, Jerseys, MYS_Professional, RSA, RSA-products, Sold-Out, Warehouse, X",true,Title,Default Title,,,,,,,,RSA-01993,453.59237,shopify,30,deny,manual,62.00,84.99,true,true,,,,,,https://cdn.shopify.com/s/files/1/0642/7842/9930/files/jacksoneaglesgreenautographedstitchedfootballjerseyback.jpg?v=1756763301,1,"",false,,,,,,,,lb,,40.00,true,,,active
desean-jackson-signed-philadelphia-green-football-jersey-psa,,,,,,,,,,,,,,,,,,,,,,,,,,,,,,,,https://cdn.shopify.com/s/files/1/0642/7842/9930/files/jacksoneaglesgreenautographedstitchedfootballjerseysignature.jpg?v=1756763301,2,"",,,,,,,,,,,,,,,
desean-jackson-signed-philadelphia-green-football-jersey-psa,,,,,,,,,,,,,,,,,,,,,,,,,,,,,,,,https://cdn.shopify.com/s/files/1/0642/7842/9930/files/jackson-eagles-green-autographed-stitched-football-jersey-front_584d7c4c-eb8d-413e-9cb4-90df253751f3.jpg?v=1756763301,3,"",,,,,,,,,,,,,,,
desean-jackson-signed-black-philadelphia-football-jersey-jsa,DeSean Jackson Signed Black Philadelphia Football Jersey (Beckett),"<p>A professional-style football jersey autographed byDeSean Jackson and authenticated by BECKETT.</p>
<p>This autographed piece of memorabilia comes with a<em> Witness Protection Program </em>Certificate of Authenticity from James Spence Authentication LLC that guarantees the authenticity of the autograph.</p>
<p>You can read more about all the qualified companies that we use to ensure the authenticity of all our autographs and their different types of certifications on our <strong><em>Authentication Services and Certificates </em></strong>page.</p>
<p>All orders begin processing and fulfillment immediately upon payment approval and are guaranteed to ship from our warehouse within 24-48 hours.</p>
<p>The typical delivery time ranges from 3-7 business days in the Continental U.S. from our warehouse in Nashville, TN. For deliveries to HI, AK, and U.S. Territories, please allow for 7-14 business days. If you have any questions about our shipping policies, visit our <strong><em>Frequently Asked Questions</em></strong> page.</p>
<p>We back our products with a <strong><em>90-day Satisfaction Guarantee</em></strong>: if you are not completely satisfied with your piece of memorabilia, you have 90 days from the recorded delivery date to return the item and receive a full refund.</p>",RSA,,Autographed Football Jerseys,"Categorized, eagles, FB, HD, inhouse, jersey, Jerseys, MYS_Professional, NFL, RSA-products, Sold-Out, Warehouse, X",true,Title,Default Title,,,,,,,,RSA-01972,451.001223586375,shopify,24,deny,manual,62.00,84.99,true,true,,,,,,https://cdn.shopify.com/s/files/1/0642/7842/9930/files/jackson-eagles-black-autographed-stitched-football-jersey-back.jpg?v=1756763302,1,"",false,,,,,,,,oz,,40.00,true,,,active
desean-jackson-signed-black-philadelphia-football-jersey-jsa,,,,,,,,,,,,,,,,,,,,,,,,,,,,,,,,https://cdn.shopify.com/s/files/1/0642/7842/9930/files/jackson-eagles-black-autographed-stitched-football-jersey-signature.jpg?v=1756763302,2,"",,,,,,,,,,,,,,,
desean-jackson-signed-black-philadelphia-football-jersey-jsa,,,,,,,,,,,,,,,,,,,,,,,,,,,,,,,,https://cdn.shopify.com/s/files/1/0642/7842/9930/files/jackson-eagles-black-autographed-stitched-football-jersey-front.jpg?v=1756763302,3,"",,,,,,,,,,,,,,,
derrick-henry-signed-baltimore-purple-football-jersey-beckett,Derrick Henry Signed Baltimore Purple Football Jersey (PSA),"<p>This custom stitched football jersey has been personally hand signed by Derrick Henry and authenticated by a top 3rd party authentication company. All autographed sports collectibles are limited! Order now to add this timeless piece of football memorabilia to your collection before it’s gone.</p>
<ul>
<li>Custom football jersey autographed by Derrick Henry and authenticated by PSA</li>
<li>Includes a tamper-proof authentication sticker from PSA</li>
<li>
<strong>90-day Satisfaction Guarantee:</strong> if you are not completely satisfied with your piece of memorabilia, return the item in its original condition and receive a full refund</li>
</ul>",RSA,Uncategorized,Autographed Football Jerseys,"06-07-RSA, Current Star, FB, inhouse, jersey, Jerseys, New Arrival, playoff25, Ravens, V",false,Title,Default Title,,,,,,,,RSA-09634,907.1989147615625,shopify,78,deny,manual,150.00,199.99,true,true,,,,,,https://cdn.shopify.com/s/files/1/0642/7842/9930/files/henry-ravens-purple-autographed-stitched-football-jersey-back.jpg?v=1731277898,1,"",false,,,,,,,,oz,,100.00,true,,,active
derrick-henry-signed-baltimore-purple-football-jersey-beckett,,,,,,,,,,,,,,,,,,,,,,,,,,,,,,,,https://cdn.shopify.com/s/files/1/0642/7842/9930/files/henry-ravens-purple-autographed-stitched-football-jersey-signature.jpg?v=1731277900,2,"",,,,,,,,,,,,,,,
derrick-henry-signed-baltimore-purple-football-jersey-beckett,,,,,,,,,,,,,,,,,,,,,,,,,,,,,,,,https://cdn.shopify.com/s/files/1/0642/7842/9930/files/henry-ravens-purple-autographed-stitched-football-jersey-front.jpg?v=1731277902,3,"",,,,,,,,,,,,,,,
derrick-henry-signed-baltimore-black-football-jersey-beckett,Derrick Henry Signed Baltimore Black Football Jersey (PSA),"<p>This custom stitched football jersey has been personally hand signed by Derrick Henry and authenticated by a top 3rd party authentication company. All autographed sports collectibles are limited! Order now to add this timeless piece of football memorabilia to your collection before it’s gone.</p>
<ul>
<li>Custom football jersey autographed by Derrick Henry and authenticated by PSA</li>
<li>Includes a tamper-proof authentication sticker from PSA</li>
<li>
<strong>90-day Satisfaction Guarantee:</strong> if you are not completely satisfied with your piece of memorabilia, return the item in its original condition and receive a full refund</li>
</ul>",RSA,,Autographed Football Jerseys,"06-07-RSA, BFCM24, Current Star, FB, inhouse, jersey, Jerseys, New Arrival, Ravens, V",false,Title,Default Title,,,,,,,,RSA-09635,907.1989147615625,shopify,81,deny,manual,150.00,199.99,true,true,,,,,,https://cdn.shopify.com/s/files/1/0642/7842/9930/files/henry-ravens-black-autographed-stitched-football-jersey-back.jpg?v=1731277891,1,"",false,,,,,,,,oz,,100.00,true,,,active
derrick-henry-signed-baltimore-black-football-jersey-beckett,,,,,,,,,,,,,,,,,,,,,,,,,,,,,,,,https://cdn.shopify.com/s/files/1/0642/7842/9930/files/henry-ravens-black-autographed-stitched-football-jersey-signature.jpg?v=1731277893,2,"",,,,,,,,,,,,,,,
derrick-henry-signed-baltimore-black-football-jersey-beckett,,,,,,,,,,,,,,,,,,,,,,,,,,,,,,,,https://cdn.shopify.com/s/files/1/0642/7842/9930/files/henry-ravens-black-autographed-stitched-football-jersey-front.jpg?v=1731277894,3,"",,,,,,,,,,,,,,,
derrick-brown-signed-pro-edition-blue-football-jersey-beckett,Derrick Brown Signed Pro-Edition Blue Football Jersey (Beckett),"<ul>
<li>A professional-style XL stitched football jersey autographed byDerrick Brownand authenticated by JSA</li>
<li>Includes a <em>Witness Protection Program</em> Certificate of Authenticity from Beckett</li>
<li>Orders are generally shipped the same day if placed before 3pm and delivery only takes 3 to 5 days</li>
<li>90-day Satisfaction Guarantee: if you are not completely satisfied with your piece of memorabilia, you have 90 days from when you receive it to return the item in its original condition and receive a full refund</li>
</ul>",RSA,,Autographed Football Jerseys,"BFCM24, Categorized, current, Current Star, FB, HD, inhouse, jersey, Jerseys, mys_current star jer, MYS_product, MYS_Professional, MYS_run1-1, MYS_run2-1, MYS_run6-1, RSA, RSA-products, SE, Season, Sold-Out, Warehouse, X, year-end",true,Title,Default Title,,,,,,,,RSA-01965,907.18474,shopify,11,deny,manual,45.00,59.99,true,true,,,,,,https://cdn.shopify.com/s/files/1/0642/7842/9930/files/brown-panthers-blue-autographed-stitched-football-jersey-back_711aa5ad-acd6-4ff2-bae7-3308c835a27f.jpg?v=1756763302,1,"",false,,,,,,,,lb,,30.00,true,,,active
derrick-brown-signed-pro-edition-blue-football-jersey-beckett,,,,,,,,,,,,,,,,,,,,,,,,,,,,,,,,https://cdn.shopify.com/s/files/1/0642/7842/9930/files/brown-panthers-blue-autographed-stitched-football-jersey-signature_2b5aa166-1c62-4e36-a053-dda170fa134e.jpg?v=1756763302,2,"",,,,,,,,,,,,,,,
derrick-brown-signed-pro-edition-blue-football-jersey-beckett,,,,,,,,,,,,,,,,,,,,,,,,,,,,,,,,https://cdn.shopify.com/s/files/1/0642/7842/9930/files/brown-panthers-blue-autographed-stitched-football-jersey-front_b1e2ebad-85a9-4aee-9646-e74435f4f227.jpg?v=1756763302,3,"",,,,,,,,,,,,,,,
derrick-brown-signed-pro-edition-black-football-jersey-beckett,Derrick Brown Signed Carolina Black Football Jersey (Beckett),"<ul>
<li>A professional-style XL stitched football jersey autographed byDerrick Brownand authenticated by Beckett</li>
<li>Includes a <em>Witness Protection Program</em> Certificate of Authenticity from Beckett</li>
<li>Orders are generally shipped the same day if placed before 3pm and delivery only takes 3 to 5 days</li>
<li>90-day Satisfaction Guarantee: if you are not completely satisfied with your piece of memorabilia, you have 90 days from when you receive it to return the item in its original condition and receive a full refund</li>
</ul>",RSA,,Autographed Football Jerseys,"BFCM24, Categorized, current, FB, HD, inhouse, jersey, Jerseys, MYS_product, MYS_Professional, MYS_run2-2, MYS_run6-1, RSA, RSA-products, SE, Season, Sold-Out, Warehouse, X, year-end",true,Title,Default Title,,,,,,,,RSA-01964,907.18474,shopify,18,deny,manual,45.00,59.99,true,true,,,,,,https://cdn.shopify.com/s/files/1/0642/7842/9930/files/brown-panthers-black-autographed-stitched-football-jersey-back_31e030b9-c19a-4eda-9b96-151368c82513.jpg?v=1756763303,1,"",false,,,,,,,,lb,,30.00,true,,,active
derrick-brown-signed-pro-edition-black-football-jersey-beckett,,,,,,,,,,,,,,,,,,,,,,,,,,,,,,,,https://cdn.shopify.com/s/files/1/0642/7842/9930/files/brown-panthers-black-autographed-stitched-football-jersey-signature_6e97513f-8c99-49d5-b1f0-a35172f47036.jpg?v=1756763303,2,"",,,,,,,,,,,,,,,
derrick-brown-signed-pro-edition-black-football-jersey-beckett,,,,,,,,,,,,,,,,,,,,,,,,,,,,,,,,https://cdn.shopify.com/s/files/1/0642/7842/9930/files/brown-panthers-black-autographed-stitched-football-jersey-front_e730ab30-1a4c-48d6-b3ba-9aabb2d31688.jpg?v=1756763303,3,"",,,,,,,,,,,,,,,
derrick-brown-signed-carolina-white-football-jersey-beckett,Derrick Brown Signed Carolina White Football Jersey (Beckett),"<ul>
<li>A professional style white custom replica football jersey autographed by Derrick Brown and authenticated by Beckett</li>
<li>Includes a Certificate of Authenticity from Beckett</li>
<li>Orders are generally shipped the same day if placed before 3pm and delivery only takes 3 to 5 days</li>
<li>
<strong>90-day Satisfaction Guarantee:</strong> if you are not completely satisfied with your piece of memorabilia, you have 90 days from when you receive it to return the item in its original condition and receive a full refund</li>
</ul>",RSA,,Autographed Football Jerseys,"49BF, Categorized, current, FB, inhouse, jersey, Jerseys, MYS_product, MYS_Professional, MYS_run2-1, MYS_run6-1, Panthers, RSA, RSA-products, Sold-Out, Warehouse, X",true,Title,Default Title,,,,,,,,RSA-04278,907.1989147615625,shopify,96,deny,manual,45.00,59.99,true,true,,,,,,https://cdn.shopify.com/s/files/1/0642/7842/9930/files/brown-panthers-white-autographed-stitched-football-jersey-back.jpg?v=1731277779,1,"",false,,,,,,,,oz,,30.00,true,,,active
derrick-brown-signed-carolina-white-football-jersey-beckett,,,,,,,,,,,,,,,,,,,,,,,,,,,,,,,,https://cdn.shopify.com/s/files/1/0642/7842/9930/files/brown-panthers-white-autographed-stitched-football-jersey-signature.jpg?v=1731277781,2,"",,,,,,,,,,,,,,,
derrick-brown-signed-carolina-white-football-jersey-beckett,,,,,,,,,,,,,,,,,,,,,,,,,,,,,,,,https://cdn.shopify.com/s/files/1/0642/7842/9930/files/brown-panthers-white-autographed-stitched-football-jersey-front.jpg?v=1731277782,3,"",,,,,,,,,,,,,,,
denzel-mims-signed-pro-edition-white-football-jersey-jsa,Denzel Mims Signed Pro-Edition White Football Jersey (JSA),"<ul>
<li>A professional style white custom replica football jersey autographed by Denzel Mims and authenticated by JSA</li>
<li>Includes a <em>Witnessed Protection Program</em> Certificate of Authenticity from JSA</li>
<li>Orders are generally shipped the same day if placed before 3pm and delivery only takes 3 to 5 days</li>
<li>
<strong>90-day Satisfaction Guarantee:</strong> if you are not completely satisfied with your piece of memorabilia, you have 90 days from when you receive it to return the item in its original condition and receive a full refund</li>
</ul>",RSA,,Autographed Football Jerseys,"BFCM24, Categorized, Clearance, FB, GoogleClearance, In-Stock, inhouse, jersey, Jerseys, MYS_product, MYS_Professional, MYS_run2-1, MYS_run6-1, RSA, RSA-products, V, Warehouse, wrong team",true,Title,Default Title,,,,,,,,RSA-02315,450.7659225444375,shopify,11,deny,manual,35.00,49.99,true,true,,,,,,https://cdn.shopify.com/s/files/1/0642/7842/9930/files/mims-jets-white-autographed-stitched-football-jersey-back.jpg?v=1756763304,1,"",false,,,,,,,,oz,,35.00,true,,,active
denzel-mims-signed-pro-edition-white-football-jersey-jsa,,,,,,,,,,,,,,,,,,,,,,,,,,,,,,,,https://cdn.shopify.com/s/files/1/0642/7842/9930/files/mims-jets-white-autographed-stitched-football-jersey-signature.jpg?v=1756763304,2,"",,,,,,,,,,,,,,,
denzel-mims-signed-pro-edition-white-football-jersey-jsa,,,,,,,,,,,,,,,,,,,,,,,,,,,,,,,,https://cdn.shopify.com/s/files/1/0642/7842/9930/files/mims-jets-white-autographed-stitched-football-jersey-front.jpg?v=1756763304,3,"",,,,,,,,,,,,,,,
denzel-mims-signed-pro-edition-kelly-green-football-jersey-jsa,Denzel Mims Signed Pro-Edition Kelly Green Football Jersey (JSA),"<ul>
<li>A professional style green custom replica football jersey autographed by Denzel Mims and authenticated by JSA</li>
<li>Includes a <em>Witnessed Protection Program</em> Certificate of Authenticity from JSA</li>
<li>Orders are generally shipped the same day if placed before 3pm and delivery only takes 3 to 5 days</li>
<li>
<strong>90-day Satisfaction Guarantee:</strong> if you are not completely satisfied with your piece of memorabilia, you have 90 days from when you receive it to return the item in its original condition and receive a full refund</li>
</ul>",RSA,,Autographed Football Jerseys,"BFCM24, Categorized, Clearance, deal of the hour, FB, GoogleClearance, In-Stock, inhouse, jersey, Jerseys, MYS_product, MYS_Professional, MYS_run2-1, RSA, RSA-products, SE, V, Warehouse, wrong team",true,Title,Default Title,,,,,,,,RSA-02313,450.7659225444375,shopify,8,deny,manual,35.00,49.99,true,true,,,,,,https://cdn.shopify.com/s/files/1/0642/7842/9930/files/mims-jets-green-autographed-stitched-football-jersey-back.jpg?v=1756763305,1,"",false,,,,,,,,oz,,35.00,true,,,active
denzel-mims-signed-pro-edition-kelly-green-football-jersey-jsa,,,,,,,,,,,,,,,,,,,,,,,,,,,,,,,,https://cdn.shopify.com/s/files/1/0642/7842/9930/files/mims-jets-green-autographed-stitched-football-jersey-signature.jpg?v=1756763305,2,"",,,,,,,,,,,,,,,
denzel-mims-signed-pro-edition-kelly-green-football-jersey-jsa,,,,,,,,,,,,,,,,,,,,,,,,,,,,,,,,https://cdn.shopify.com/s/files/1/0642/7842/9930/files/mims-jets-green-autographed-stitched-football-jersey-front.jpg?v=1756763305,3,"",,,,,,,,,,,,,,,
denzel-mims-signed-pro-edition-gray-football-jersey-jsa,Denzel Mims Signed Pro-Edition Gray Football Jersey (JSA),"<ul>
<li>A professional style gray custom replica football jersey autographed by Denzel Mims and authenticated by JSA</li>
<li>Includes a <em>Witnessed Protection Program</em> Certificate of Authenticity from JSA</li>
<li>Orders are generally shipped the same day if placed before 3pm and delivery only takes 3 to 5 days</li>
<li>
<strong>90-day Satisfaction Guarantee:</strong> if you are not completely satisfied with your piece of memorabilia, you have 90 days from when you receive it to return the item in its original condition and receive a full refund</li>
</ul>",RSA,,Autographed Football Jerseys,"BFCM24, Categorized, Clearance, FB, In-Stock, inhouse, jersey, Jerseys, mys_current star jer, MYS_product, MYS_Professional, MYS_run2-1, MYS_run6-1, RSA, RSA-products, V, Warehouse, wrong team",true,Title,Default Title,,,,,,,,RSA-02314,450.7659225444375,shopify,8,deny,manual,35.00,49.99,true,true,,,,,,https://cdn.shopify.com/s/files/1/0642/7842/9930/files/mims-jets-grey-autographed-stitched-football-jersey-back.jpg?v=1756763306,1,"",false,,,,,,,,oz,,35.00,true,,,active
denzel-mims-signed-pro-edition-gray-football-jersey-jsa,,,,,,,,,,,,,,,,,,,,,,,,,,,,,,,,https://cdn.shopify.com/s/files/1/0642/7842/9930/files/mims-jets-grey-autographed-stitched-football-jersey-signature.jpg?v=1756763306,2,"",,,,,,,,,,,,,,,
denzel-mims-signed-pro-edition-gray-football-jersey-jsa,,,,,,,,,,,,,,,,,,,,,,,,,,,,,,,,https://cdn.shopify.com/s/files/1/0642/7842/9930/files/mims-jets-grey-autographed-stitched-football-jersey-front.jpg?v=1756763306,3,"",,,,,,,,,,,,,,,
denzel-mims-signed-new-york-green-football-jersey-jsa,Denzel Mims Signed New York Green Football Jersey (JSA),"<ul>
<li>A professional style green custom replica football jersey autographed by Denzel Mims and authenticated by JSA</li>
<li>Includes a Certificate of Authenticity from JSA</li>
<li>Orders are generally shipped the same day if placed before 3pm and delivery only takes 3 to 5 days</li>
<li>
<strong>90-day Satisfaction Guarantee:</strong> if you are not completely satisfied with your piece of memorabilia, you have 90 days from when you receive it to return the item in its original condition and receive a full refund</li>
</ul>",RSA,,Autographed Football Jerseys,"BFCM24, Categorized, FB, In-Stock, inhouse, jersey, Jerseys, Jets, MYS_Professional, RSA-products, Season, V, Warehouse, wrong team",true,Title,Default Title,,,,,,,,RSA-04212,907.1989147615625,shopify,15,deny,manual,35.00,49.99,true,true,,,,,,https://cdn.shopify.com/s/files/1/0642/7842/9930/files/mims-jets-green-autographed-stitched-football-jersey-back_32ce01c0-a318-4585-a695-f32d81bc9002.jpg?v=1756763306,1,"",false,,,,,,,,oz,,35.00,true,,,active
denzel-mims-signed-new-york-green-football-jersey-jsa,,,,,,,,,,,,,,,,,,,,,,,,,,,,,,,,https://cdn.shopify.com/s/files/1/0642/7842/9930/files/mims-jets-green-autographed-stitched-football-jersey-signature_ad7bb81e-34ea-40f6-8d1d-2102d6f3a197.jpg?v=1756763306,2,"",,,,,,,,,,,,,,,
denzel-mims-signed-new-york-green-football-jersey-jsa,,,,,,,,,,,,,,,,,,,,,,,,,,,,,,,,https://cdn.shopify.com/s/files/1/0642/7842/9930/files/mims-jets-green-autographed-stitched-football-jersey-front_7b0faff8-2817-4328-9655-0c23c40ac1e6.jpg?v=1756763306,3,"",,,,,,,,,,,,,,,
demarcus-lawrence-signed-dallas-white-football-jersey-jsa,Demarcus Lawrence Signed Dallas White Football Jersey (JSA),"<li>This custom stitched football jersey has been personally hand signed by Demarcus Lawrence and authenticated by a top 3rd party authentication company. All autographed sports collectibles are limited! Order now to add this timeless piece of football memorabilia to your collection before it’s gone.</li><ul>
<li> Custom NFL football jersey autographed by Demarcus Lawrence and authenticated by JSA</li>
<li>Includes a <em>Witnessed Protection Program</em> tamper-proof authentication sticker from JSA</li>
<li>
<strong>90-day Satisfaction Guarantee:</strong> if you are not completely satisfied with your piece of memorabilia, return the item in its original condition and receive a full refund</li>
</ul>",RSA,,Autographed Football Jerseys,"BFCM24, cowboys, FB, inhouse, jersey, Jerseys, New Arrival, V",true,Title,Default Title,,,,,,,,RSA-08122,907.1989147615625,shopify,75,deny,manual,60.00,79.99,true,true,,,,,,https://cdn.shopify.com/s/files/1/0642/7842/9930/files/lawrence-cowboys-white-autographed-stitched-football-jersey-back.jpg?v=1756763307,1,"",false,,,,,,,,oz,,40.00,true,,,active
demarcus-lawrence-signed-dallas-white-football-jersey-jsa,,,,,,,,,,,,,,,,,,,,,,,,,,,,,,,,https://cdn.shopify.com/s/files/1/0642/7842/9930/files/lawrence-cowboys-white-autographed-stitched-football-jersey-signature.jpg?v=1756763307,2,"",,,,,,,,,,,,,,,
demarcus-lawrence-signed-dallas-white-football-jersey-jsa,,,,,,,,,,,,,,,,,,,,,,,,,,,,,,,,https://cdn.shopify.com/s/files/1/0642/7842/9930/files/lawrence-cowboys-white-autographed-stitched-football-jersey-front.jpg?v=1756763307,3,"",,,,,,,,,,,,,,,
demarcus-lawrence-signed-dallas-pro-thanksgiving-football-jersey-jsa,Demarcus Lawrence Signed Dallas Pro Thanksgiving Football Jersey (JSA),"<ul>
<li>A professional style thanksgiving custom replica football jersey autographed by Demarcus Lawrence and authenticated by JSA</li>
<li>Includes a Certificate of Authenticity from JSA</li>
<li>Orders are generally shipped the same day if placed before 3pm and delivery only takes 3 to 5 days</li>
<li>
<strong>90-day Satisfaction Guarantee:</strong> if you are not completely satisfied with your piece of memorabilia, you have 90 days from when you receive it to return the item in its original condition and receive a full refund</li>
</ul>",RSA,,Autographed Football Jerseys,"100+, BFCM24, Categorized, cowboys, FB, In-Stock, inhouse, jersey, Jerseys, MYS_Professional, RSA, rsa-check, RSA-products, V, Warehouse",true,Title,Default Title,,,,,,,,RSA-03865,907.1989147615625,shopify,16,deny,manual,60.00,79.99,true,true,,,,,,https://cdn.shopify.com/s/files/1/0642/7842/9930/files/lawrence-cowboys-thanksgiving-autographed-stitched-football-jersey-back.jpg?v=1756763308,1,"",false,,,,,,,,oz,,40.00,true,,,active
demarcus-lawrence-signed-dallas-pro-thanksgiving-football-jersey-jsa,,,,,,,,,,,,,,,,,,,,,,,,,,,,,,,,https://cdn.shopify.com/s/files/1/0642/7842/9930/files/lawrence-cowboys-thanksgiving-autographed-stitched-football-jersey-signature.jpg?v=1756763308,2,"",,,,,,,,,,,,,,,
demarcus-lawrence-signed-dallas-pro-thanksgiving-football-jersey-jsa,,,,,,,,,,,,,,,,,,,,,,,,,,,,,,,,https://cdn.shopify.com/s/files/1/0642/7842/9930/files/lawrence-cowboys-thanksgiving-autographed-stitched-football-jersey-front.jpg?v=1756763308,3,"",,,,,,,,,,,,,,,
demarcus-lawrence-signed-dallas-navy-football-jersey-jsa,Demarcus Lawrence Signed Dallas Navy Football Jersey (JSA),"<p>This custom stitched football jersey has been personally hand signed by Demarcus Lawrence and authenticated by a top 3rd party authentication company. All autographed sports collectibles are limited! Order now to add this timeless piece of football memorabilia to your collection before it’s gone.</p>
<ul>
<li>Football jersey autographed by Demarcus Lawrence and authenticated by JSA</li>
<li>Includes a <em>Witnessed Protection Program</em> tamper-proof authentication sticker from JSA</li>
<li>
<strong>90-day Satisfaction Guarantee:</strong> if you are not completely satisfied with your piece of memorabilia, return the item in its original condition and receive a full refund</li>
</ul>",RSA,,Autographed Football Jerseys,"BFCM24, cowboys, FB, inhouse, jersey, Jerseys, V",true,Title,Default Title,,,,,,,,RSA-08373,907.1989147615625,shopify,22,deny,manual,60.00,79.99,true,true,,,,,,https://cdn.shopify.com/s/files/1/0642/7842/9930/files/lawrence-cowboys-blue-autographed-stitched-football-jersey-back.jpg?v=1756763308,1,"",false,,,,,,,,oz,,40.00,true,,,active
demarcus-lawrence-signed-dallas-navy-football-jersey-jsa,,,,,,,,,,,,,,,,,,,,,,,,,,,,,,,,https://cdn.shopify.com/s/files/1/0642/7842/9930/files/lawrence-cowboys-blue-autographed-stitched-football-jersey-signature.jpg?v=1756763308,2,"",,,,,,,,,,,,,,,
demarcus-lawrence-signed-dallas-navy-football-jersey-jsa,,,,,,,,,,,,,,,,,,,,,,,,,,,,,,,,https://cdn.shopify.com/s/files/1/0642/7842/9930/files/lawrence-cowboys-blue-autographed-stitched-football-jersey-front.jpg?v=1756763308,3,"",,,,,,,,,,,,,,,
david-njoku-signed-cleveland-color-rush-football-jersey-jsa,David Njoku Signed Cleveland Color Rush Football Jersey (JSA),"<ul>
<li>A professional style color rush custom replica football jersey autographed by David Njoku and authenticated by JSA</li>
<li>Includes a Certificate of Authenticity from JSA</li>
<li>Orders are generally shipped the same day if placed before 3pm and delivery only takes 3 to 5 days</li>
<li>
<strong>90-day Satisfaction Guarantee:</strong> if you are not completely satisfied with your piece of memorabilia, you have 90 days from when you receive it to return the item in its original condition and receive a full refund</li>
</ul>",RSA,,Autographed Football Jerseys,"11-25, browns, current, Current Star, FB, inhouse, jersey, Jerseys, MYS_Professional, New Arrival, RSA, RSA-products, Season, Sold-Out, Warehouse, X",true,Title,Default Title,,,,,,,,RSA-04702,907.1989147615625,shopify,70,deny,manual,55.00,69.99,true,true,,,,,,https://cdn.shopify.com/s/files/1/0642/7842/9930/files/njoku-browns-color-rush-autographed-stitched-football-jersey-back.jpg?v=1731273801,1,"",false,,,,,,,,oz,,35.00,true,,,active
david-njoku-signed-cleveland-color-rush-football-jersey-jsa,,,,,,,,,,,,,,,,,,,,,,,,,,,,,,,,https://cdn.shopify.com/s/files/1/0642/7842/9930/files/njoku-browns-color-rush-autographed-stitched-football-jersey-signature.jpg?v=1731273803,2,"",,,,,,,,,,,,,,,
david-njoku-signed-cleveland-color-rush-football-jersey-jsa,,,,,,,,,,,,,,,,,,,,,,,,,,,,,,,,https://cdn.shopify.com/s/files/1/0642/7842/9930/files/njoku-browns-color-rush-autographed-stitched-football-jersey-front.jpg?v=1731273805,3,"",,,,,,,,,,,,,,,
david-njoku-abbreviated-sig-cleveland-football-jersey-brown-jsa,David Njoku Abbreviated Sig Cleveland Football Jersey Brown (JSA),"<ul>
<li>A professional style custom replica football jersey autographed by David Njoku and authenticated by JSA</li>
<li>Includes a Certificate of Authenticity from JSA</li>
<li>Orders are generally shipped the same day if placed before 3pm and delivery only takes 3 to 5 days</li>
<li>
<strong>90-day Satisfaction Guarantee:</strong> if you are not completely satisfied with your piece of memorabilia, you have 90 days from when you receive it to return the item in its original condition and receive a full refund</li>
</ul>",RSA,,Autographed Football Jerseys,"11-27-RSA, BFCM24, browns, current, Current Star, eBay Live, FB, GoogleClearance, In-Stock, inhouse, jersey, Jerseys, MYS_Professional, New Arrival, RSA, RSA-products, V, Warehouse",true,Title,Default Title,,,,,,,,RSA-05959,907.1989147615625,shopify,81,deny,manual,55.00,69.99,true,true,,,,,,https://cdn.shopify.com/s/files/1/0642/7842/9930/files/njoku-browns-brown-autographed-stitched-football-jersey-back.jpg?v=1731273722,1,"",false,,,,,,,,oz,,35.00,true,,,active
david-njoku-abbreviated-sig-cleveland-football-jersey-brown-jsa,,,,,,,,,,,,,,,,,,,,,,,,,,,,,,,,https://cdn.shopify.com/s/files/1/0642/7842/9930/files/njoku-browns-brown-autographed-stitched-football-jersey-signature.jpg?v=1731273724,2,"",,,,,,,,,,,,,,,
david-njoku-abbreviated-sig-cleveland-football-jersey-brown-jsa,,,,,,,,,,,,,,,,,,,,,,,,,,,,,,,,https://cdn.shopify.com/s/files/1/0642/7842/9930/files/njoku-browns-brown-autographed-stitched-football-jersey-front.jpg?v=1731273726,3,"",,,,,,,,,,,,,,,
david-krieg-signed-seattle-blue-football-jersey-jsa,Dave Krieg Signed Seattle Blue Football Jersey (JSA),"<ul>
<li>A professional style blue custom replica football jersey autographed by David Krieg and authenticated by JSA</li>
<li>Includes a Certificate of Authenticity from JSA</li>
<li>Orders are generally shipped the same day if placed before 3pm and delivery only takes 3 to 5 days</li>
<li>
<strong>90-day Satisfaction Guarantee:</strong> if you are not completely satisfied with your piece of memorabilia, you have 90 days from when you receive it to return the item in its original condition and receive a full refund</li>
</ul>",RSA,Uncategorized,Autographed Football Jerseys,"03-09, 03-14, FB, inhouse, jersey, Jerseys, New Arrival, Seahawks, V",true,Title,Default Title,,,,,,,,RSA-06529,907.1989147615625,shopify,43,deny,manual,43.00,59.99,true,true,,,,,,https://cdn.shopify.com/s/files/1/0642/7842/9930/files/krieg-seahawks-blue-autographed-stitched-football-jersey-back.jpg?v=1731272633,1,"",false,,,,,,,,oz,,25.00,true,,,active
david-krieg-signed-seattle-blue-football-jersey-jsa,,,,,,,,,,,,,,,,,,,,,,,,,,,,,,,,https://cdn.shopify.com/s/files/1/0642/7842/9930/files/krieg-seahawks-blue-autographed-stitched-football-jersey-signature.jpg?v=1731272635,2,"",,,,,,,,,,,,,,,
david-krieg-signed-seattle-blue-football-jersey-jsa,,,,,,,,,,,,,,,,,,,,,,,,,,,,,,,,https://cdn.shopify.com/s/files/1/0642/7842/9930/files/krieg-seahawks-blue-autographed-stitched-football-jersey-front.jpg?v=1731272637,3,"",,,,,,,,,,,,,,,
dave-robinson-signed-hof-2013-inscription-green-bay-green-football-jersey-jsa,Dave Robinson Signed HOF 2013 Inscription Green Bay Green Football Jersey (JSA),"<ul>
<li>A professional style green custom replica football jersey autographed by Dave Robinson with HOF 2013 inscription and authenticated by JSA</li>
<li>Includes a Certificate of Authenticity from JSA</li>
<li>Orders are generally shipped the same day if placed before 3pm and delivery only takes 3 to 5 days</li>
<li>
<strong>90-day Satisfaction Guarantee:</strong> if you are not completely satisfied with your piece of memorabilia, you have 90 days from when you receive it to return the item in its original condition and receive a full refund</li>
</ul>",RSA,,Autographed Football Jerseys,"BFCM24, Categorized, FB, In-Stock, inhouse, jersey, Jerseys, MYS_HOF, MYS_product, MYS_Professional, MYS_run2-2, packers, RSA, RSA-Mystery, RSA-products, V, Warehouse",true,Title,Default Title,,,,,,,,RSA-04209,907.1989147615625,shopify,41,deny,manual,42.00,59.99,true,true,,,,,,https://cdn.shopify.com/s/files/1/0642/7842/9930/files/robinson-packers-hof-2013-green-autographed-stitched-football-jersey-back.jpg?v=1756763310,1,"",false,,,,,,,,oz,,23.00,true,,,active
dave-robinson-signed-hof-2013-inscription-green-bay-green-football-jersey-jsa,,,,,,,,,,,,,,,,,,,,,,,,,,,,,,,,https://cdn.shopify.com/s/files/1/0642/7842/9930/files/robinson-packers-hof-2013-green-autographed-stitched-football-jersey-signature.jpg?v=1756763310,2,"",,,,,,,,,,,,,,,
dave-robinson-signed-hof-2013-inscription-green-bay-green-football-jersey-jsa,,,,,,,,,,,,,,,,,,,,,,,,,,,,,,,,https://cdn.shopify.com/s/files/1/0642/7842/9930/files/robinson-packers-hof-2013-green-autographed-stitched-football-jersey-front.jpg?v=1756763310,3,"",,,,,,,,,,,,,,,
dave-robinson-signed-hof-2013-inscription-green-bay-blue-throwback-football-jersey-jsa,Dave Robinson Signed HOF 2013 Inscription Green Bay Throwback Football Jersey (JSA),"<ul>
<li>A professional style blue custom replica football jersey autographed by Dave Robinson with HOF 2013 inscription and authenticated by JSA</li>
<li>Includes a Certificate of Authenticity from JSA</li>
<li>Orders are generally shipped the same day if placed before 3pm and delivery only takes 3 to 5 days</li>
<li>
<strong>90-day Satisfaction Guarantee:</strong> if you are not completely satisfied with your piece of memorabilia, you have 90 days from when you receive it to return the item in its original condition and receive a full refund</li>
</ul>",RSA,,Autographed Football Jerseys,"49BF, Categorized, FB, inhouse, jersey, Jerseys, MYS_HOF, MYS_product, MYS_Professional, MYS_run2-2, packers, Photograph, Photograph-Final, RSA, RSA-Mystery, RSA-products, Sold-Out, Warehouse, X",true,Title,Default Title,,,,,,,,RSA-04146,907.1989147615625,shopify,3,deny,manual,42.00,59.99,true,true,,,,,,https://cdn.shopify.com/s/files/1/0642/7842/9930/files/IMG_5545_de193d45-df7d-4e46-b34e-9f24b28c385c.jpg?v=1756763311,1,"",false,,,,,,,,oz,,23.00,true,,,active
dave-robinson-signed-hof-2013-inscription-green-bay-blue-throwback-football-jersey-jsa,,,,,,,,,,,,,,,,,,,,,,,,,,,,,,,,https://cdn.shopify.com/s/files/1/0642/7842/9930/files/IMG_5546_c2d65fb4-7175-47cb-bc48-63628b995b23.jpg?v=1756763311,2,"",,,,,,,,,,,,,,,
dave-robinson-signed-hof-13-inscription-white-pro-edition-jersey-jsa,Dave Robinson Signed HOF 13 Inscription Green Bay White Jersey (JSA),"<ul>
 <li>
 <p>A professional-style XL stitched football jersey autographed by Dave Robinson with HOF 2013 inscription and authenticated by JSA</p>
 </li>
 <li>Includes a <em>Witnessed Protection Program </em>Certificate of Authenticity from JSA</li>
 <li>Orders are generally shipped the same day if placed before 3pm and delivery only takes 3 to 5 days<br>
 </li>
 <li>90-day Satisfaction Guarantee: if you are not completely satisfied with your piece of memorabilia, you have 90 days from when you receive it to return the item in its original condition and receive a full refund</li>
 </ul>",RSA,,Autographed Football Jerseys,"Categorized, FB, inhouse, jersey, Jerseys, MYS_HOF, MYS_product, MYS_Professional, MYS_run1-1, NFL, RSA, RSA-Mystery, RSA-products, Sold-Out, Warehouse, X",true,Title,Default Title,,,,,,,,RSA-01405,907.003303052,shopify,13,deny,manual,42.00,59.99,true,true,,,,,,https://cdn.shopify.com/s/files/1/0642/7842/9930/files/robinson-packers-wht-1.png?v=1756763311,1,"",false,,,,,,,,lb,,23.00,true,,,active
dave-robinson-signed-hof-13-inscription-white-pro-edition-jersey-jsa,,,,,,,,,,,,,,,,,,,,,,,,,,,,,,,,https://cdn.shopify.com/s/files/1/0642/7842/9930/files/robinson-packers-wht-3.png?v=1756763312,2,"",,,,,,,,,,,,,,,
dave-robinson-signed-hof-13-inscription-white-pro-edition-jersey-jsa,,,,,,,,,,,,,,,,,,,,,,,,,,,,,,,,https://cdn.shopify.com/s/files/1/0642/7842/9930/files/robinson-packers-wht-2.png?v=1756763312,3,"",,,,,,,,,,,,,,,
dave-robinson-signed-hof-13-inscription-white-pro-edition-jersey-jsa,,,,,,,,,,,,,,,,,,,,,,,,,,,,,,,,https://cdn.shopify.com/s/files/1/0642/7842/9930/files/z_jsa-coa-sample_03bc7dd3-3818-4be1-acd0-4a1c4fa7473f.png?v=1756763312,4,"",,,,,,,,,,,,,,,
dave-robinson-signed-hof-13-inscription-green-bay-blue-acme-throwback-football-jersey-jsa,"Dave Robinson Signed ""HOF 13"" Inscription Green Bay Navy ACME Throwback Football Jersey (JSA)","<ul>
<li>A professional style blue custom replica football jersey autographed by Dave Robinson with ""HOF 13"" inscription and authenticated by JSA</li>
<li>Includes a Certificate of Authenticity from JSA</li>
<li>Orders are generally shipped the same day if placed before 3pm and delivery only takes 3 to 5 days</li>
<li>
<strong>90-day Satisfaction Guarantee:</strong> if you are not completely satisfied with your piece of memorabilia, you have 90 days from when you receive it to return the item in its original condition and receive a full refund</li>
</ul>",RSA,,Autographed Football Jerseys,"09-29-RSA, FB, inhouse, jersey, Jerseys, MYS_HOF, New Arrival, packers, RSA-products, Sold-Out, Warehouse, X",true,Title,Default Title,,,,,,,,RSA-05894,907.1989147615625,shopify,6,deny,manual,42.00,59.99,true,true,,,,,,https://cdn.shopify.com/s/files/1/0642/7842/9930/files/robinson-packers-hof-2013-acme-blue-autographed-stitched-football-jersey-back.jpg?v=1756763312,1,"",false,,,,,,,,oz,,23.00,true,,,active
dave-robinson-signed-hof-13-inscription-green-bay-blue-acme-throwback-football-jersey-jsa,,,,,,,,,,,,,,,,,,,,,,,,,,,,,,,,https://cdn.shopify.com/s/files/1/0642/7842/9930/files/robinson-packers-hof-2013-acme-blue-autographed-stitched-football-jersey-signature.jpg?v=1756763312,2,"",,,,,,,,,,,,,,,
dave-robinson-signed-hof-13-inscription-green-bay-blue-acme-throwback-football-jersey-jsa,,,,,,,,,,,,,,,,,,,,,,,,,,,,,,,,https://cdn.shopify.com/s/files/1/0642/7842/9930/files/robinson-packers-hof-2013-acme-blue-autographed-stitched-football-jersey-front.jpg?v=1756763312,3,"",,,,,,,,,,,,,,,
davante-adams-signed-las-vegas-white-football-jersey-beckett,Davante Adams Signed Las Vegas White Football Jersey (Beckett),"<meta charset=""utf-8"">
<ul>
<li>A pro-style XL stitched football jersey autographed Davante Adams and authenticated by Beckett</li>
<li>Includes a<em> Witness Protection Program </em>Certificate of Authenticity from Beckett</li>
<li>Orders are generally shipped the same day if placed before 3pm and delivery only takes 3 to 5 days</li>
<li>90-day Satisfaction Guarantee: if you are not completely satisfied with your piece of memorabilia, you have 90 days from when you receive it to return the item in its original condition and receive a full refund</li>
</ul>",RSA,,Autographed Football Jerseys,"BFCM24, Clearance, FB, fbbreak, feature, HD, In-Stock, inhouse, jersey, Jerseys, MYS_product, MYS_Professional, MYS_run1-1, MYS_run6-1, new arrival, packers, Probowl, Raiders, RSA, RSA-products, SE, Season, V, Warehouse",true,Title,Default Title,,,,,,,,RSA-05578,907.18474,shopify,23,deny,manual,80.00,99.99,true,true,,,,,,https://cdn.shopify.com/s/files/1/0642/7842/9930/files/20220722_160709copy.jpg?v=1756763313,1,"",false,,,,,,,,lb,,65.00,true,,,active
davante-adams-signed-las-vegas-white-football-jersey-beckett,,,,,,,,,,,,,,,,,,,,,,,,,,,,,,,,https://cdn.shopify.com/s/files/1/0642/7842/9930/files/20220722_160732copy.jpg?v=1756763313,2,"",,,,,,,,,,,,,,,
davante-adams-signed-las-vegas-white-football-jersey-beckett,,,,,,,,,,,,,,,,,,,,,,,,,,,,,,,,https://cdn.shopify.com/s/files/1/0642/7842/9930/files/davante-close.png?v=1756763313,3,"",,,,,,,,,,,,,,,
davante-adams-signed-las-vegas-color-rush-football-jersey-beckett,Davante Adams Signed Las Vegas Color Rush Football Jersey (Beckett),"<p>This custom stitched football jersey has been personally hand signed by Davante Adams and authenticated by a top 3rd party authentication company. All autographed sports collectibles are limited! Order now to add this timeless piece of football memorabilia to your collection before it’s gone.</p>
<ul>
<li>Hand signed Football jersey autographed by Davante Adams and authenticated by Beckett</li>
<li>Includes a <em>Witnessed Protection Program</em> tamper-proof authentication sticker from Beckett</li>
<li>90-day Satisfaction Guarantee: if you are not completely satisfied with your piece of memorabilia, return the item in its original condition and receive a full refund</li>
</ul>",RSA,,Autographed Football Jerseys,"10-31-RSA, BFCM24, FB, inhouse, jersey, Jerseys, New Arrival, Raiders, Season, V, year-end",true,Title,Default Title,,,,,,,,RSA-10550,907.1989147615625,shopify,31,deny,manual,80.00,99.99,true,true,,,,,,https://cdn.shopify.com/s/files/1/0642/7842/9930/files/adams-raiders-color-rush-autographed-stitched-football-jersey-back.jpg?v=1756763313,1,"",false,,,,,,,,oz,,65.00,true,,,active
davante-adams-signed-las-vegas-color-rush-football-jersey-beckett,,,,,,,,,,,,,,,,,,,,,,,,,,,,,,,,https://cdn.shopify.com/s/files/1/0642/7842/9930/files/adams-raiders-color-rush-autographed-stitched-football-jersey-signature.jpg?v=1756763313,2,"",,,,,,,,,,,,,,,
davante-adams-signed-las-vegas-color-rush-football-jersey-beckett,,,,,,,,,,,,,,,,,,,,,,,,,,,,,,,,https://cdn.shopify.com/s/files/1/0642/7842/9930/files/adams-raiders-color-rush-autographed-stitched-football-jersey-front.jpg?v=1756763313,3,"",,,,,,,,,,,,,,,
davante-adams-signed-las-vegas-black-football-jersey-beckett,Davante Adams Signed Las Vegas Black Football Jersey (Beckett),"<ul>
<li>A professional style black custom replica football jersey autographed by Davante Adams and authenticated by Beckett</li>
<li>Includes a Certificate of Authenticity from Beeckett</li>
<li>Orders are generally shipped the same day if placed before 3pm and delivery only takes 3 to 5 days</li>
<li>
<strong>90-day Satisfaction Guarantee:</strong> if you are not completely satisfied with your piece of memorabilia, you have 90 days from when you receive it to return the item in its original condition and receive a full refund</li>
</ul>",RSA,,Autographed Football Jerseys,"02.06, 08-18-RSA, 3X FBJ, BFCM24, c, Clearance, FB, In-Stock, inhouse, jersey, Jerseys, New Arrival, Popular, Raiders, RSA-products, Season, V, Warehouse, year-end",true,Title,Default Title,,,,,,,,RSA-05719,907.1989147615625,shopify,40,deny,manual,80.00,99.99,true,true,,,,,,https://cdn.shopify.com/s/files/1/0642/7842/9930/files/adams-raiders-black-grey-number-autographed-stitched-football-jersey-back.jpg?v=1756763314,1,"",false,,,,,,,,oz,,65.00,true,,,active
davante-adams-signed-las-vegas-black-football-jersey-beckett,,,,,,,,,,,,,,,,,,,,,,,,,,,,,,,,https://cdn.shopify.com/s/files/1/0642/7842/9930/files/adams-raiders-black-grey-number-autographed-stitched-football-jersey-signature.jpg?v=1756763314,2,"",,,,,,,,,,,,,,,
davante-adams-signed-las-vegas-black-football-jersey-beckett,,,,,,,,,,,,,,,,,,,,,,,,,,,,,,,,https://cdn.shopify.com/s/files/1/0642/7842/9930/files/adams-raiders-black-grey-number-autographed-stitched-football-jersey-front.jpg?v=1756763314,3,"",,,,,,,,,,,,,,,
darren-waller-signed-new-york-blue-football-jersey-jsa,Darren Waller Signed New York Blue Football Jersey (JSA),"<ul>
<li>A professional style blue custom replica football jersey autographed by Darren Waller and authenticated by JSA</li>
<li>Includes a Certificate of Authenticity from JSA</li>
<li>Orders are generally shipped the same or next day and delivery only takes 3 to 5 days</li>
<li>
<strong>90-day Satisfaction Guarantee:</strong> if you are not completely satisfied with your piece of memorabilia, you have 90 days from when you receive it to return the item in its original condition and receive a full refund</li>
</ul>",RSA,,Autographed Football Jerseys,"09-05-RSA, BFCM24, FB, giants, In-Stock, inhouse, jersey, Jerseys, New Arrival, Season, V, year-end",true,Title,Default Title,,,,,,,,RSA-07632,907.1989147615625,shopify,26,deny,manual,60.00,79.99,true,true,,,,,,https://cdn.shopify.com/s/files/1/0642/7842/9930/files/waller-giants-blue-autographed-stitched-football-jersey-back.jpg?v=1756763314,1,"",false,,,,,,,,oz,,50.00,true,,,active
darren-waller-signed-new-york-blue-football-jersey-jsa,,,,,,,,,,,,,,,,,,,,,,,,,,,,,,,,https://cdn.shopify.com/s/files/1/0642/7842/9930/files/waller-giants-blue-autographed-stitched-football-jersey-signature.jpg?v=1756763314,2,"",,,,,,,,,,,,,,,
darren-waller-signed-new-york-blue-football-jersey-jsa,,,,,,,,,,,,,,,,,,,,,,,,,,,,,,,,https://cdn.shopify.com/s/files/1/0642/7842/9930/files/waller-giants-blue-autographed-stitched-football-jersey-front.jpg?v=1756763315,3,"",,,,,,,,,,,,,,,
darren-sproles-signed-new-orleans-pro-white-football-jersey-jsa-sproles-holo,Darren Sproles Signed New Orleans Pro White Football Jersey (Beckett),"<ul>
<li>A professional style white custom replica football jersey autographed by Darren Sproles and authenticated by Beckett with Sproles Holo</li>
<li>Includes a Certificate of Authenticity from Beckett</li>
<li>Orders are generally shipped the same day if placed before 3pm and delivery only takes 3 to 5 days</li>
<li>
<strong>90-day Satisfaction Guarantee:</strong> if you are not completely satisfied with your piece of memorabilia, you have 90 days from when you receive it to return the item in its original condition and receive a full refund</li>
</ul>",RSA,,Autographed Football Jerseys,"Categorized, FB, inhouse, jersey, Jerseys, MYS_Professional, RSA-products, Saints, Sold-Out, Warehouse, X",true,Title,Default Title,,,,,,,,RSA-02506,908.001206266,shopify,3,deny,manual,49.00,69.99,true,true,,,,,,https://cdn.shopify.com/s/files/1/0642/7842/9930/files/sproles-saints-white-autographed-stitched-football-jersey-back.jpg?v=1756763315,1,"",false,,,,,,,,oz,,30.00,true,,,active
darren-sproles-signed-new-orleans-pro-white-football-jersey-jsa-sproles-holo,,,,,,,,,,,,,,,,,,,,,,,,,,,,,,,,https://cdn.shopify.com/s/files/1/0642/7842/9930/files/sproles-saints-white-autographed-stitched-football-jersey-signature.jpg?v=1756763315,2,"",,,,,,,,,,,,,,,
darren-sproles-signed-new-orleans-pro-white-football-jersey-jsa-sproles-holo,,,,,,,,,,,,,,,,,,,,,,,,,,,,,,,,https://cdn.shopify.com/s/files/1/0642/7842/9930/files/sproles-saints-white-autographed-stitched-football-jersey-front.jpg?v=1756763315,3,"",,,,,,,,,,,,,,,
daron-bland-signed-dallas-white-football-jersey-beckett,Daron Bland Signed Dallas White Football Jersey (Beckett),"<ul>
<li>A professional style white custom replica football jersey autographed by Daron Bland and authenticated by Beckett</li>
<li>Includes a Certificate of Authenticity from Beckett</li>
<li>Orders are generally shipped the same or next day and delivery only takes 3 to 5 days</li>
<li>
<strong>90-day Satisfaction Guarantee:</strong> if you are not completely satisfied with your piece of memorabilia, you have 90 days from when you receive it to return the item in its original condition and receive a full refund</li>
</ul>",RSA,,Autographed Football Jerseys,"BFCM24, cowboys, current, Current Star, FB, In-Stock, inhouse, jersey, Jerseys, New Arrival, Season, V, year-end",true,Title,Default Title,,,,,,,,RSA-07549,907.1989147615625,shopify,44,deny,manual,50.00,79.99,true,true,,,,,,https://cdn.shopify.com/s/files/1/0642/7842/9930/files/bland-cowboys-white-autographed-stitched-football-jersey-back.jpg?v=1756763317,1,"",false,,,,,,,,oz,,30.00,true,,,active
daron-bland-signed-dallas-white-football-jersey-beckett,,,,,,,,,,,,,,,,,,,,,,,,,,,,,,,,https://cdn.shopify.com/s/files/1/0642/7842/9930/files/bland-cowboys-white-autographed-stitched-football-jersey-signature.jpg?v=1756763317,2,"",,,,,,,,,,,,,,,
daron-bland-signed-dallas-white-football-jersey-beckett,,,,,,,,,,,,,,,,,,,,,,,,,,,,,,,,https://cdn.shopify.com/s/files/1/0642/7842/9930/files/bland-cowboys-white-autographed-stitched-football-jersey-front.jpg?v=1756763317,3,"",,,,,,,,,,,,,,,
daron-bland-signed-dallas-thanksgiving-football-jersey-beckett,Daron Bland Signed Dallas Thanksgiving Football Jersey (Beckett),"<p>
 <strong>Product Information:</strong></p>
 <p>
 When the Cowboys kick off their holiday stretch run, you can proudly be along for the ride with this DaRon Bland-signed jersey. Each custom jersey features the throwback blue, white and silver colors Dallas has worn on Thanksgiving in recent years. By getting a DaRon Bland jersey, you'll update your collection with one of their bright young defensive players who is shaping up as a potential franchise cornerstone.</p>
 <p>
 This jersey isn't just for show - it's made from high-quality materials designed to last. The fabric feels sturdy yet comfortable, making your Cowboys Bland jersey suitable for wearing or displaying. All the details are meticulously crafted, including the stitching of the DaRon Bland jersey number and nameplate.</p>
 <p>
 The Daron Bland Signed Dallas Thanksgiving Football Jersey comes with a certificate of authenticity from Beckett. This ensures the signature is genuine and that this product is an official piece of NFL merchandise. At RSA, we guarantee authentic autographed football memorabilia at the best prices - and we ship fast so you have your new jersey for game day.</p>
 <p><strong>Product Unboxing:</strong></p><p>
 As you open the box, you'll immediately be greeted by a Daron Bland Signed Dallas Thanksgiving Football Jersey. This is a special item for any football fan, especially those who support the Dallas Cowboys. The jersey is in the team's iconic blue color, with white and silver details that make it stand out.</p><p>
 The most striking feature of this jersey is the Daron Bland autograph. It's located on the number ""26"" and is visible on the back of the jersey.( You'll also find a 26 on the front.) The signature is in black ink and adds a personal touch to this piece of sports memorabilia.</p>
 <p><strong>Top Three Reasons to be Interested in a Signed DaRon Bland Cowboys Thanksgiving Jersey:</strong></p><p>
 1. <strong>Authentic Signature:</strong> The main attraction of this jersey is DaRon Bland's signature. It's a unique item for collectors and fans who appreciate having something personally signed by a player.</p><p>
 2. <strong>High-Quality Memorabilia:</strong> This isn't just a regular DaRon Bland jersey - it's a high-quality piece of memorabilia that you can proudly display or wear. The craftsmanship and attention to detail make it worth every penny.</p><p>
 3. <strong>Certificate of Authenticity:</strong> With the included certificate of authenticity, you can rest assured knowing you're getting an official NFL product with a genuine signature. This adds value to your purchase and can be crucial if you ever decide to resell it.</p>

<ul>
<li>Orders are generally shipped the same or next day and delivery only takes 3 to 5 days</li>
<li>
<strong>90-day Satisfaction Guarantee:</strong> if you are not completely satisfied with your piece of memorabilia, you have 90 days from when you receive it to return the item in its original condition and receive a full refund</li>
</ul>",RSA,,Autographed Football Jerseys,"10-16-RSA, BFCM24, cowboys, current, Current Star, FB, In-Stock, inhouse, jersey, Jerseys, Price-check, Season, V, year-end",true,Title,Default Title,,,,,,,,RSA-07754,907.1989147615625,shopify,42,deny,manual,50.00,79.99,true,true,,,,,,https://cdn.shopify.com/s/files/1/0642/7842/9930/files/bland-cowboys-thanksgiving-autographed-stitched-football-jersey-back.jpg?v=1756763317,1,"",false,,,,,,,,oz,,30.00,true,,,active
daron-bland-signed-dallas-thanksgiving-football-jersey-beckett,,,,,,,,,,,,,,,,,,,,,,,,,,,,,,,,https://cdn.shopify.com/s/files/1/0642/7842/9930/files/bland-cowboys-thanksgiving-autographed-stitched-football-jersey-signature.jpg?v=1756763317,2,"",,,,,,,,,,,,,,,
daron-bland-signed-dallas-thanksgiving-football-jersey-beckett,,,,,,,,,,,,,,,,,,,,,,,,,,,,,,,,https://cdn.shopify.com/s/files/1/0642/7842/9930/files/bland-cowboys-thanksgiving-autographed-stitched-football-jersey-front.jpg?v=1756763317,3,"",,,,,,,,,,,,,,,
daron-bland-signed-dallas-navy-football-jersey-beckett,Daron Bland Signed Dallas Navy Football Jersey (Beckett),"<p>
 <strong>Product Information:</strong></p>
 <p>
 Whether you've been following DaRon Bland since his high school days, his stint with Fresno State or when he joined America's Team, you can celebrate his achievements with a DaRon Bland Autographed Jersey from RSA.  This is a Dallas Blue Football Jersey signed by Daron Bland and verified by Beckett, one of the leading sports memorabilia authenticators. It comes with a certificate of authenticity to guarantee that the signature is genuine.</p>
 <p>
 DaRon Bland is already making a name for himself, setting an NFL single-season record by returning five interceptions for touchdowns.  An autographed jersey is a great potential investment for Dallas football loyalists and collectors alike. This DaRon Bland Signed NFL Jersey is blue with silver and white accents representing the Dallas team colors. It features Bland's number ""26"" on both sides.  Each custom-stitched jersey is made from high-quality materials for durability and comfort. It's perfect for fans of Daron Bland or Dallas football - especially with our 100% money-back guarantee.</p>
 <p><strong>Product Unboxing:</strong></p><p>
 Upon opening the package, you will find a Custom Dallas Blue Football Jersey. The jersey is signed by DaRon Bland, a rising star in the NFL world. The signature is guaranteed authentic and adds a personal touch to the jersey. The jersey itself is blue with white numbers and silver trim, reflecting the iconic Dallas team colors. It is made from high-quality material that ensures durability and comfort. The jersey features Bland's number ""26"" printed in large white digits on both the front and back; it is signed in the ""2.""</p>
 <p><strong>Top Three Reasons to Purchase a DaRon Bland Autographed Jersey:</strong></p><p>
 1. <strong>Authentic Signature: </strong>For fans of DaRon Bland, the Dallas Cowboys or football in general, a jersey signed by this emerging talent can be a valuable addition to their collection.</p><p>
 2. <strong>High-Quality Material: </strong>The jersey is not just a collectible item but also wearable merchandise. Made from high-quality material, it ensures durability and comfort.</p><p>
 3. <strong>Certificate of Authenticity: </strong>Each purchase comes with a certificate of authenticity. This guarantees that the signature on the jersey is genuine, making it a trustworthy purchase for fans and collectors alike.</p>
<ul>
<li>Orders are generally shipped the same or next day and delivery only takes 3 to 5 days</li>
<li>
<strong>90-day Satisfaction Guarantee:</strong> if you are not completely satisfied with your piece of memorabilia, you have 90 days from when you receive it to return the item in its original condition and receive a full refund</li>
</ul>",RSA,,Autographed Football Jerseys,"10-16-RSA, BFCM24, cowboys, current, Current Star, FB, In-Stock, inhouse, jersey, Jerseys, Price-check, Season, V, year-end",true,Title,Default Title,,,,,,,,RSA-07757,907.1989147615625,shopify,42,deny,manual,50.00,79.99,true,true,,,,,,https://cdn.shopify.com/s/files/1/0642/7842/9930/files/bland-cowboys-blue-autographed-stitched-football-jersey-back_8165299c-c88f-482e-9850-769e1560b561.jpg?v=1756763318,1,"",false,,,,,,,,oz,,30.00,true,,,active
daron-bland-signed-dallas-navy-football-jersey-beckett,,,,,,,,,,,,,,,,,,,,,,,,,,,,,,,,https://cdn.shopify.com/s/files/1/0642/7842/9930/files/bland-cowboys-blue-autographed-stitched-football-jersey-front_c939ab82-0987-4809-bee5-6b3136de2f8e.jpg?v=1756763318,2,"",,,,,,,,,,,,,,,
daron-bland-signed-dallas-navy-football-jersey-beckett,,,,,,,,,,,,,,,,,,,,,,,,,,,,,,,,https://cdn.shopify.com/s/files/1/0642/7842/9930/files/bland-cowboys-blue-autographed-stitched-football-jersey-signature.jpg?v=1756763318,3,"",,,,,,,,,,,,,,,
darius-leonard-signed-blue-pro-edition-football-jersey-jsa,Darius Shaquille Leonard Signed Blue Pro Edition Football Jersey (JSA),"<p>A professional-style football jersey autographed by Darius Leonard and authenticated by JSA.</p>
<p>This autographed piece of memorabilia comes with a<em></em>Certificate of Authenticity from James Spence Authentication LLC that guarantees the authenticity of the autograph.</p>
<p>You can read more about all the qualified companies that we use to ensure the authenticity of all our autographs and their different types of certifications on our <strong><em>Authentication Services and Certificates </em></strong>page.</p>
<p>All orders begin processing and fulfillment immediately upon payment approval and are guaranteed to ship from our warehouse within 24-48 hours.</p>
<p>The typical delivery time ranges from 3-7 business days in the Continental U.S. from our warehouse in Nashville, TN. For deliveries to HI, AK, and U.S. Territories, please allow for 7-14 business days. If you have any questions about our shipping policies, visit our <strong><em>Frequently Asked Questions</em></strong> page.</p>
<p>We back our products with a <strong><em>90-day Satisfaction Guarantee</em></strong>: if you are not completely satisfied with your piece of memorabilia, you have 90 days from the recorded delivery date to return the item and receive a full refund.</p>",RSA,,Autographed Football Jerseys,"BFCM24, Categorized, Clearance, colts, doorbuster, FB, GoogleClearance, HD, In-Stock, inhouse, jersey, Jerseys, MYS_product, MYS_Professional, MYS_run1-2, MYS_run2-2, MYS_run6-1, NFL, Probowl, RSA, RSA-Mystery, RSA-products, SE, V, Warehouse",true,Title,Default Title,,,,,,,,RSA-01983,451.001223586375,shopify,162,deny,manual,40.00,59.99,true,true,,,,,,https://cdn.shopify.com/s/files/1/0642/7842/9930/files/leonard-colts-blue-autographed-stitched-football-jersey-back.jpg?v=1756763319,1,"",false,,,,,,,,oz,,30.00,true,,,active
darius-leonard-signed-blue-pro-edition-football-jersey-jsa,,,,,,,,,,,,,,,,,,,,,,,,,,,,,,,,https://cdn.shopify.com/s/files/1/0642/7842/9930/files/leonard-colts-blue-autographed-stitched-football-jersey-signature.jpg?v=1756763319,2,"",,,,,,,,,,,,,,,
darius-leonard-signed-blue-pro-edition-football-jersey-jsa,,,,,,,,,,,,,,,,,,,,,,,,,,,,,,,,https://cdn.shopify.com/s/files/1/0642/7842/9930/files/leonard-colts-blue-autographed-stitched-football-jersey-front.jpg?v=1756763319,3,"",,,,,,,,,,,,,,,
darius-leonard-autographed-pro-style-football-jersey-white-jsa,Darius Leonard Autographed Pro Style Football Jersey White (JSA),"<p>This custom stitched football jersey has been personally hand signed by Darius Leonard and authenticated by a top 3rd party authentication company. All autographed sports collectibles are limited! Order now to add this timeless piece of football memorabilia to your collection before it’s gone.</p>
<ul>
<li>Hand signed Football jersey autographed by Darius Leonard and authenticated by JSA</li>
<li>Includes a <em>Witnessed Protection Program</em> tamper-proof authentication sticker from JSA</li>
<li>90-day Satisfaction Guarantee: if you are not completely satisfied with your piece of memorabilia, return the item in its original condition and receive a full refund</li>
</ul>",RSA,Uncategorized,Autographed Football Jerseys,"Categorized, Clearance, colts, FB, In-Stock, inhouse, jersey, Jerseys, mys_current star jer, MYS_product, MYS_Professional, MYS_pulled, MYS_run6-1, NFL, RSA, RSA-Mystery, RSA-products, Season, V, Warehouse",true,Title,Default Title,,,,,,,,RSA-00795,907.18474,shopify,9,deny,manual,40.00,59.99,true,true,,,,,,https://cdn.shopify.com/s/files/1/0642/7842/9930/files/leonard-colts-wht-1.png?v=1756763319,1,"",false,,,,,,,,oz,,30.00,true,,,active
darius-leonard-autographed-pro-style-football-jersey-white-jsa,,,,,,,,,,,,,,,,,,,,,,,,,,,,,,,,https://cdn.shopify.com/s/files/1/0642/7842/9930/files/leonard-colts-wht-2.png?v=1756763319,2,"",,,,,,,,,,,,,,,
darius-leonard-autographed-pro-style-football-jersey-white-jsa,,,,,,,,,,,,,,,,,,,,,,,,,,,,,,,,https://cdn.shopify.com/s/files/1/0642/7842/9930/files/leonard-colts-wht-3.png?v=1756763319,3,"",,,,,,,,,,,,,,,
dan-marino-signed-miami-teal-football-jersey-jsa,Dan Marino Signed Miami Teal Football Jersey (JSA),"<ul>
<li>A professional style teal custom replica football jersey autographed by Dan Marino and authenticated by JSA</li>
<li>Includes a Witness Certificate of Authenticity from JSA </li>
<li>Orders are generally shipped the same day if placed before 3pm and delivery only takes 3 to 5 days</li>
<li>
<strong>90-day Satisfaction Guarantee:</strong> if you are not completely satisfied with your piece of memorabilia, you have 90 days from when you receive it to return the item in its original condition and receive a full refund</li>
</ul>",RSA,,Autographed Football Jerseys,"02-06, Best-Seller, BFCM24, dolphins, FB, In-Stock, inhouse, jersey, Jerseys, New Arrival, RSA-products, Season, V, year-end",true,Title,Default Title,,,,,,,,RSA-06273,907.1989147615625,shopify,32,deny,manual,190.00,269.99,true,true,,,,,,https://cdn.shopify.com/s/files/1/0642/7842/9930/files/marino-dolphins-autographed-stitched-football-jersey-back.jpg?v=1756763321,1,"",false,,,,,,,,oz,,145.00,true,,,active
dan-marino-signed-miami-teal-football-jersey-jsa,,,,,,,,,,,,,,,,,,,,,,,,,,,,,,,,https://cdn.shopify.com/s/files/1/0642/7842/9930/files/marino-dolphins-autographed-stitched-football-jersey-signature.jpg?v=1756763321,2,"",,,,,,,,,,,,,,,
dan-marino-signed-miami-teal-football-jersey-jsa,,,,,,,,,,,,,,,,,,,,,,,,,,,,,,,,https://cdn.shopify.com/s/files/1/0642/7842/9930/files/marino-dolphins-autographed-stitched-football-jersey-front.jpg?v=1756763321,3,"",,,,,,,,,,,,,,,
dandre-swift-signed-detroit-white-football-jersey-jsa,D'Andre Swift Signed Detroit White Football Jersey (JSA),"<ul>
<li>A professional style white custom replica football jersey autographed by D'Andre Swift and authenticated by JSA</li>
<li>Includes a Certificate of Authenticity from JSA</li>
<li>Orders are generally shipped the same day if placed before 3pm and delivery only takes 3 to 5 days</li>
<li>
<strong>90-day Satisfaction Guarantee:</strong> if you are not completely satisfied with your piece of memorabilia, you have 90 days from when you receive it to return the item in its original condition and receive a full refund</li>
</ul>",RSA,,Autographed Football Jerseys,"11-10-RSA, FB, inhouse, jersey, Jerseys, Lions, New Arrival, RSA-products, Sold-Out, Warehouse, X",true,Title,Default Title,,,,,,,,RSA-06078,907.1989147615625,shopify,12,deny,manual,35.00,49.99,true,true,,,,,,https://cdn.shopify.com/s/files/1/0642/7842/9930/files/swift-lions-white-autographed-stitched-football-jersey-back.jpg?v=1731267005,1,"",false,,,,,,,,oz,,35.00,true,,,active
dandre-swift-signed-detroit-white-football-jersey-jsa,,,,,,,,,,,,,,,,,,,,,,,,,,,,,,,,https://cdn.shopify.com/s/files/1/0642/7842/9930/files/swift-lions-white-autographed-stitched-football-jersey-signature.jpg?v=1731267007,2,"",,,,,,,,,,,,,,,
dandre-swift-signed-detroit-white-football-jersey-jsa,,,,,,,,,,,,,,,,,,,,,,,,,,,,,,,,https://cdn.shopify.com/s/files/1/0642/7842/9930/files/swift-lions-white-autographed-stitched-football-jersey-front.jpg?v=1731267009,3,"",,,,,,,,,,,,,,,
craig-morton-signed-denver-pro-orange-football-jersey-jsa,Craig Morton Signed Denver Pro Orange Football Jersey (JSA),"<ul>
<li>A professional style orange custom replica football jersey autographed by Craig Morton and authenticated by JSA</li>
<li>Includes a Certificate of Authenticity from JSA</li>
<li>Orders are generally shipped the same day if placed before 3pm and delivery only takes 3 to 5 days</li>
<li>
<strong>90-day Satisfaction Guarantee:</strong> if you are not completely satisfied with your piece of memorabilia, you have 90 days from when you receive it to return the item in its original condition and receive a full refund</li>
</ul>",RSA,,Autographed Football Jerseys,"BFCM24, Broncos, Categorized, FB, inhouse, jersey, Jerseys, MYS_product, MYS_Professional, MYS_run1-1, MYS_run2-1, RSA, RSA-Mystery, RSA-products, Season, Sold-Out, Warehouse, X, year-end",true,Title,Default Title,,,,,,,,RSA-03053,907.1989147615625,shopify,7,deny,manual,40.00,59.99,true,true,,,,,,https://cdn.shopify.com/s/files/1/0642/7842/9930/files/morton-broncos-orange-autographed-stitched-football-jersey-back.jpg?v=1756763324,1,"",false,,,,,,,,oz,,23.00,true,,,active
craig-morton-signed-denver-pro-orange-football-jersey-jsa,,,,,,,,,,,,,,,,,,,,,,,,,,,,,,,,https://cdn.shopify.com/s/files/1/0642/7842/9930/files/morton-broncos-orange-autographed-stitched-football-jersey-signature.jpg?v=1756763324,2,"",,,,,,,,,,,,,,,
craig-morton-signed-denver-pro-orange-football-jersey-jsa,,,,,,,,,,,,,,,,,,,,,,,,,,,,,,,,https://cdn.shopify.com/s/files/1/0642/7842/9930/files/morton-broncos-orange-autographed-stitched-football-jersey-front.jpg?v=1756763324,3,"",,,,,,,,,,,,,,,
craig-morton-signed-dallas-pro-royal-blue-football-jersey-jsa,Craig Morton Signed Dallas Pro Royal Blue Football Jersey (JSA),"<ul>
<li>A professional style blue custom replica football jersey autographed by Craig Morton and authenticated by JSA</li>
<li>Includes a Certificate of Authenticity from JSA</li>
<li>Orders are generally shipped the same day if placed before 3pm and delivery only takes 3 to 5 days</li>
<li>
<strong>90-day Satisfaction Guarantee:</strong> if you are not completely satisfied with your piece of memorabilia, you have 90 days from when you receive it to return the item in its original condition and receive a full refund</li>
</ul>",RSA,,Autographed Football Jerseys,"BFCM24, Categorized, cowboys, FB, In-Stock, inhouse, jersey, Jerseys, MYS_product, MYS_Professional, MYS_run2-1, RSA, RSA-Mystery, RSA-products, V, Warehouse",true,Title,Default Title,,,,,,,,RSA-03052,907.1989147615625,shopify,68,deny,manual,40.00,59.99,true,true,,,,,,https://cdn.shopify.com/s/files/1/0642/7842/9930/files/morton-cowboys-blue-autographed-stitched-football-jersey-back.jpg?v=1731266589,1,"",false,,,,,,,,oz,,23.00,true,,,active
craig-morton-signed-dallas-pro-royal-blue-football-jersey-jsa,,,,,,,,,,,,,,,,,,,,,,,,,,,,,,,,https://cdn.shopify.com/s/files/1/0642/7842/9930/files/morton-cowboys-blue-autographed-stitched-football-jersey-signature.jpg?v=1731266591,2,"",,,,,,,,,,,,,,,
craig-morton-signed-dallas-pro-royal-blue-football-jersey-jsa,,,,,,,,,,,,,,,,,,,,,,,,,,,,,,,,https://cdn.shopify.com/s/files/1/0642/7842/9930/files/morton-cowboys-blue-autographed-stitched-football-jersey-front.jpg?v=1731266593,3,"",,,,,,,,,,,,,,,
cornelius-bennett-signed-buffalo-pro-blue-football-jersey-jsa,Cornelius Bennett Signed Buffalo Pro Blue Football Jersey (JSA),"<ul>
<li>A professional style blue custom replica football jersey autographed by Cornelius Bennett and authenticated by JSA</li>
<li>Includes a Certificate of Authenticity from JSA</li>
<li>Orders are generally shipped the same day if placed before 3pm and delivery only takes 3 to 5 days</li>
<li>
<strong>90-day Satisfaction Guarantee:</strong> if you are not completely satisfied with your piece of memorabilia, you have 90 days from when you receive it to return the item in its original condition and receive a full refund</li>
</ul>",RSA,,Autographed Football Jerseys,"Bills, Categorized, FB, inhouse, jersey, Jerseys, MYS_product, MYS_Professional, MYS_run2-1, RSA, RSA-products, SE, Sold-Out, Warehouse, X",true,Title,Default Title,,,,,,,,RSA-03034,907.1989147615625,shopify,51,deny,manual,48.00,69.99,true,true,,,,,,https://cdn.shopify.com/s/files/1/0642/7842/9930/files/bennett-bills-blue-autographed-stitched-football-jersey-back.jpg?v=1731266436,1,"",false,,,,,,,,oz,,27.00,true,,,active
cornelius-bennett-signed-buffalo-pro-blue-football-jersey-jsa,,,,,,,,,,,,,,,,,,,,,,,,,,,,,,,,https://cdn.shopify.com/s/files/1/0642/7842/9930/files/bennett-bills-blue-autographed-stitched-football-jersey-signature.jpg?v=1731266437,2,"",,,,,,,,,,,,,,,
cornelius-bennett-signed-buffalo-pro-blue-football-jersey-jsa,,,,,,,,,,,,,,,,,,,,,,,,,,,,,,,,https://cdn.shopify.com/s/files/1/0642/7842/9930/files/bennett-bills-blue-autographed-stitched-football-jersey-front.jpg?v=1731266439,3,"",,,,,,,,,,,,,,,
chuck-mercein-signed-ice-bowl-pro-edition-green-football-jersey-jsa,Chuck Mercein Signed Ice Bowl Pro Edition Green Football Jersey (JSA),"<p>A professional-style football jersey autographed by Chuck Mercein with Ice Bowl inscription and authenticated by JSA.<br> This autographed piece of memorabilia comes with an official Witnessed Protection Program Certificate of Authenticity from James Spence Authentication LLC that guarantees the authenticity of the autograph.<br> You can read more about all the qualified companies that we use to ensure the authenticity of all our autographs and their different types of certifications on our Authentication Services and Certificates page. <br> All orders begin processing and fulfillment immediately upon payment approval and are guaranteed to ship from our warehouse within 24-48 hours. <br> The typical delivery time ranges from 3-7 business days in the Continental U.S. from our warehouse in Nashville, TN. For deliveries to HI, AK, and U.S. Territories, please allow for 7-14 business days. If you have any questions about our shipping policies, visit our Frequently Asked Questions page.<br> We back our products with a 90-day Satisfaction Guarantee: if you are not completely satisfied with your piece of memorabilia, you have 90 days from the recorded delivery date to return the item and receive a full refund.</p>",RSA,,Autographed Football Jerseys,"Categorized, FB, inhouse, jersey, Jerseys, MYS_Professional, RSA, RSA-products, Sold-Out, Warehouse, X",true,Title,Default Title,,,,,,,,RSA-01379,424.999040976125,shopify,2,deny,manual,40.00,54.99,true,true,,,,,,https://cdn.shopify.com/s/files/1/0642/7842/9930/files/mercein-packers-iceBowl-grn-1.png?v=1756763330,1,"",false,,,,,,,,oz,,21.00,true,,,active
chuck-mercein-signed-ice-bowl-pro-edition-green-football-jersey-jsa,,,,,,,,,,,,,,,,,,,,,,,,,,,,,,,,https://cdn.shopify.com/s/files/1/0642/7842/9930/files/mercein-packers-iceBowl-grn-3.png?v=1756763330,2,"",,,,,,,,,,,,,,,
chuck-mercein-signed-ice-bowl-pro-edition-green-football-jersey-jsa,,,,,,,,,,,,,,,,,,,,,,,,,,,,,,,,https://cdn.shopify.com/s/files/1/0642/7842/9930/files/mercein-packers-iceBowl-2.png?v=1756763330,3,"",,,,,,,,,,,,,,,
chuck-mercein-signed-ice-bowl-pro-edition-green-football-jersey-jsa,,,,,,,,,,,,,,,,,,,,,,,,,,,,,,,,https://cdn.shopify.com/s/files/1/0642/7842/9930/files/z_jsa-coa-sample_e3d2e88a-7615-4044-82cf-bf87bb04495b.png?v=1756763330,4,"",,,,,,,,,,,,,,,
christian-okoye-signed-pro-edition-red-football-jersey-beckett,Christian Okoye Signed Pro-Edition Red Football Jersey (JSA),"<ul>
<li>A professional style red custom replica football jersey autographed by Christian Okoye and authenticated by JSA</li>
<li>Includes a <em>Witnessed Protection Program</em> Certificate of Authenticity from JSA</li>
<li>Orders are generally shipped the same day if placed before 3pm and delivery only takes 3 to 5 days</li>
<li>
<strong>90-day Satisfaction Guarantee:</strong> if you are not completely satisfied with your piece of memorabilia, you have 90 days from when you receive it to return the item in its original condition and receive a full refund</li>
</ul>",RSA,,Autographed Football Jerseys,"49BF, BFCM24, Categorized, FB, GoogleClearance, In-Stock, inhouse, jersey, Jerseys, MYS_Professional, RSA-products, V, Warehouse",true,Title,Default Title,,,,,,,,RSA-02318,907.18474,shopify,19,deny,manual,41.00,59.99,true,true,,,,,,https://cdn.shopify.com/s/files/1/0642/7842/9930/files/okoye-chiefs-red-autographed-stitched-football-jersey-back.jpg?v=1756763332,1,"",false,,,,,,,,lb,,23.00,true,,,active
christian-okoye-signed-pro-edition-red-football-jersey-beckett,,,,,,,,,,,,,,,,,,,,,,,,,,,,,,,,https://cdn.shopify.com/s/files/1/0642/7842/9930/files/okoye-chiefs-red-autographed-stitched-football-jersey-signature.jpg?v=1756763332,2,"",,,,,,,,,,,,,,,
christian-okoye-signed-pro-edition-red-football-jersey-beckett,,,,,,,,,,,,,,,,,,,,,,,,,,,,,,,,https://cdn.shopify.com/s/files/1/0642/7842/9930/files/okoye-chiefs-red-autographed-stitched-football-jersey-front.jpg?v=1756763332,3,"",,,,,,,,,,,,,,,
chris-johnson-signed-tennessee-red-inverted-legend-football-jersey-jsa,Chris Johnson Signed Tennessee Red Football Jersey (Beckett),"<ul>
<li>A professional style red inverted legend custom replica football jersey autographed by Chris Johnson and authenticated by BECKETT </li>
<li>Includes a Certificate of Authenticity from BECKETT </li>
<li>Orders are generally shipped the same day if placed before 3pm and delivery only takes 3 to 5 days</li>
<li>
<strong>90-day Satisfaction Guarantee:</strong> if you are not completely satisfied with your piece of memorabilia, you have 90 days from when you receive it to return the item in its original condition and receive a full refund</li>
</ul>",RSA,,Autographed Football Jerseys,"11-27-RSA, FB, inhouse, jersey, Jerseys, MYS_product, MYS_Professional, MYS_run2-1, New Arrival, RSA, RSA-products, Titans, V, Warehouse",true,Title,Default Title,,,,,,,,RSA-04978,907.1989147615625,shopify,22,deny,manual,45.00,64.99,true,true,,,,,,https://cdn.shopify.com/s/files/1/0642/7842/9930/files/johnson-titans-red-autographed-stitched-football-jersey-back_b905c3bc-f7f0-47a9-bfbd-e629c1d01755.jpg?v=1756763338,1,"",false,,,,,,,,oz,,30.00,true,,,active
chris-johnson-signed-tennessee-red-inverted-legend-football-jersey-jsa,,,,,,,,,,,,,,,,,,,,,,,,,,,,,,,,https://cdn.shopify.com/s/files/1/0642/7842/9930/files/johnson-titans-red-autographed-stitched-football-jersey-signature_5b9f471e-9f5b-4587-9994-caabb8aea303.jpg?v=1756763338,2,"",,,,,,,,,,,,,,,
chris-johnson-signed-tennessee-red-inverted-legend-football-jersey-jsa,,,,,,,,,,,,,,,,,,,,,,,,,,,,,,,,https://cdn.shopify.com/s/files/1/0642/7842/9930/files/johnson-titans-red-autographed-stitched-football-jersey-front_4f62f0b2-ad3c-41eb-a2d7-b95a57e8c562.jpg?v=1756763338,3,"",,,,,,,,,,,,,,,
chris-johnson-signed-tennessee-pro-white-football-jersey-jsa,Chris Johnson Signed Tennessee Pro White Football Jersey (Beckett),"<ul>
<li>A professional style white custom replica football jersey autographed by Chris Johnson and authenticated by BECKETT </li>
<li>Includes a Certificate of Authenticity from BECKETT </li>
<li>Orders are generally shipped the same day if placed before 3pm and delivery only takes 3 to 5 days</li>
<li>
<strong>90-day Satisfaction Guarantee:</strong> if you are not completely satisfied with your piece of memorabilia, you have 90 days from when you receive it to return the item in its original condition and receive a full refund</li>
</ul>",RSA,,Autographed Football Jerseys,"BFCM24, Categorized, FB, inhouse, jersey, Jerseys, MYS_product, MYS_Professional, MYS_run2-1, RSA, rsa-check, RSA-products, Titans, V, Warehouse",true,Title,Default Title,,,,,,,,RSA-03789,907.1989147615625,shopify,22,deny,manual,45.00,64.99,true,true,,,,,,https://cdn.shopify.com/s/files/1/0642/7842/9930/files/johnson-titans-white-autographed-stitched-football-jersey-back.jpg?v=1756763338,1,"",false,,,,,,,,oz,,30.00,true,,,active
chris-johnson-signed-tennessee-pro-white-football-jersey-jsa,,,,,,,,,,,,,,,,,,,,,,,,,,,,,,,,https://cdn.shopify.com/s/files/1/0642/7842/9930/files/johnson-titans-white-autographed-stitched-football-jersey-signature_6713f6a7-8057-4fa4-8c76-88cc155fab8d.jpg?v=1756763338,2,"",,,,,,,,,,,,,,,
chris-johnson-signed-tennessee-pro-white-football-jersey-jsa,,,,,,,,,,,,,,,,,,,,,,,,,,,,,,,,https://cdn.shopify.com/s/files/1/0642/7842/9930/files/johnson-titans-white-autographed-stitched-football-jersey-front.jpg?v=1756763338,3,"",,,,,,,,,,,,,,,
chris-johnson-signed-tennessee-pro-dark-blue-football-jersey-jsa,Chris Johnson Signed Tennessee Navy Football Jersey (Beckett),"<ul>
<li>A professional style blue custom replica football jersey autographed by Chris Johnson and authenticated by BECKETT</li>
<li>Includes a Certificate of Authenticity from BECKETT</li>
<li>Orders are generally shipped the same day if placed before 3pm and delivery only takes 3 to 5 days</li>
<li>
<strong>90-day Satisfaction Guarantee:</strong> if you are not completely satisfied with your piece of memorabilia, you have 90 days from when you receive it to return the item in its original condition and receive a full refund</li>
</ul>",RSA,,Autographed Football Jerseys,"Categorized, FB, inhouse, jersey, Jerseys, MYS_product, MYS_Professional, MYS_run2-1, RSA, rsa-check, RSA-products, SE, Titans, V, Warehouse",true,Title,Default Title,,,,,,,,RSA-03790,907.1989147615625,shopify,18,deny,manual,45.00,64.99,true,true,,,,,,https://cdn.shopify.com/s/files/1/0642/7842/9930/files/johnson-titans-dark-blue-autographed-stitched-football-jersey-back.jpg?v=1756763339,1,"",false,,,,,,,,oz,,30.00,true,,,active
chris-johnson-signed-tennessee-pro-dark-blue-football-jersey-jsa,,,,,,,,,,,,,,,,,,,,,,,,,,,,,,,,https://cdn.shopify.com/s/files/1/0642/7842/9930/files/johnson-titans-dark-blue-autographed-stitched-football-jersey-signature.jpg?v=1756763339,2,"",,,,,,,,,,,,,,,
chris-johnson-signed-tennessee-pro-dark-blue-football-jersey-jsa,,,,,,,,,,,,,,,,,,,,,,,,,,,,,,,,https://cdn.shopify.com/s/files/1/0642/7842/9930/files/johnson-titans-blue-autographed-stitched-football-jersey-front_02a9883b-1a30-452e-a062-77e54a9cf4a1.jpg?v=1756763339,3,"",,,,,,,,,,,,,,,
chris-johnson-signed-tennessee-light-blue-football-jersey-jsa,Chris Johnson Signed Throwback Tennessee Light Blue Football Jersey (Beckett ),"<ul>
<li>A professional style light blue custom replica football jersey autographed by Chris Johnson and authenticated by BECKETT </li>
<li>Includes a Certificate of Authenticity from BECKETT </li>
<li>Orders are generally shipped the same day if placed before 3pm and delivery only takes 3 to 5 days</li>
<li>
<strong>90-day Satisfaction Guarantee:</strong> if you are not completely satisfied with your piece of memorabilia, you have 90 days from when you receive it to return the item in its original condition and receive a full refund</li>
</ul>",RSA,,Autographed Football Jerseys,"01-18, 02-06, FB, inhouse, jersey, Jerseys, New Arrival, RSA-products, Sold-Out, Titans, X",true,Title,Default Title,,,,,,,,RSA-06284,907.1989147615625,shopify,22,deny,manual,45.00,64.99,true,true,,,,,,https://cdn.shopify.com/s/files/1/0642/7842/9930/files/johnson-titans-light-blue-autographed-stitched-football-jersey-back.jpg?v=1756763340,1,"",false,,,,,,,,oz,,30.00,true,,,active
chris-johnson-signed-tennessee-light-blue-football-jersey-jsa,,,,,,,,,,,,,,,,,,,,,,,,,,,,,,,,https://cdn.shopify.com/s/files/1/0642/7842/9930/files/johnson-titans-light-blue-autographed-stitched-football-jersey-signature.jpg?v=1756763340,2,"",,,,,,,,,,,,,,,
chris-johnson-signed-tennessee-light-blue-football-jersey-jsa,,,,,,,,,,,,,,,,,,,,,,,,,,,,,,,,https://cdn.shopify.com/s/files/1/0642/7842/9930/files/johnson-titans-light-blue-autographed-stitched-football-jersey-front.jpg?v=1756763340,3,"",,,,,,,,,,,,,,,
chris-johnson-signed-pro-edition-light-blue-football-jersey-jsa,Chris Johnson Signed Tennessee Light Blue Football Jersey (Beckett ),"<ul>
<li>A professional-style XL stitched football jersey autographed byChris Johnson and authenticated by BECKETT </li>
<li>Includes a Certificate of Authenticity from BECKETT </li>
<li>Orders are generally shipped the same day if placed before 3pm and delivery only takes 3 to 5 days</li>
<li>90-day Satisfaction Guarantee: if you are not completely satisfied with your piece of memorabilia, you have 90 days from when you receive it to return the item in its original condition and receive a full refund</li>
</ul>",RSA,,Autographed Football Jerseys,"Categorized, FB, In-Stock, inhouse, jersey, Jerseys, MYS_product, MYS_Professional, MYS_run1-2, MYS_run2-1, RSA, RSA-products, V, Warehouse",true,Title,Default Title,,,,,,,,RSA-01740,450.7659225444375,shopify,4,deny,manual,45.00,64.99,true,true,,,,,,https://cdn.shopify.com/s/files/1/0642/7842/9930/files/johnson-titans-blue-autographed-stitched-football-jersey-back_e2c64037-10f7-4e1b-9678-d95d9c090cf1.jpg?v=1756763340,1,"",false,,,,,,,,oz,,30.00,true,,,active
chris-johnson-signed-pro-edition-light-blue-football-jersey-jsa,,,,,,,,,,,,,,,,,,,,,,,,,,,,,,,,https://cdn.shopify.com/s/files/1/0642/7842/9930/files/johnson-titans-blue-autographed-stitched-football-jersey-signature.jpg?v=1756763340,2,"",,,,,,,,,,,,,,,
chris-johnson-signed-pro-edition-light-blue-football-jersey-jsa,,,,,,,,,,,,,,,,,,,,,,,,,,,,,,,,https://cdn.shopify.com/s/files/1/0642/7842/9930/files/johnson-titans-blue-autographed-stitched-football-jersey-front.jpg?v=1756763340,3,"",,,,,,,,,,,,,,,
chevy-chase-signed-chicago-navy-griswold-football-jersey-jsa,Chevy Chase Signed Chicago Navy Griswold Football Jersey (JSA),"<p>This custom stitched football jersey has been personally hand signed by Chevy Chase and authenticated by a top 3rd party authentication company. All autographed sports collectibles are limited! Order now to add this timeless piece of football memorabilia to your collection before it’s gone.</p><ul>
<li>Hand signed Football jersey autographed by Chevy Chase and authenticated by JSA</li>
<li>Includes a tamper-proof authentication sticker from JSA</li>
<li>90-day Satisfaction Guarantee: if you are not completely satisfied with your piece of memorabilia, return the item in its original condition and receive a full refund</li>
</ul>",RSA,,Autographed Football Jerseys,"10-18-RSA, BFCM24, FB, inhouse, jersey, Jerseys, New Arrival, Season, V, year-end",true,Title,Default Title,,,,,,,,RSA-10253,907.1989147615625,shopify,74,deny,manual,90.00,119.99,true,true,,,,,,https://cdn.shopify.com/s/files/1/0642/7842/9930/files/chase-griswold-bears-navy-autographed-stitched-football-jersey-back.jpg?v=1756763341,1,"",false,,,,,,,,oz,,60.00,true,,,active
chevy-chase-signed-chicago-navy-griswold-football-jersey-jsa,,,,,,,,,,,,,,,,,,,,,,,,,,,,,,,,https://cdn.shopify.com/s/files/1/0642/7842/9930/files/chase-griswold-bears-navy-autographed-stitched-football-jersey-signature_5d0a6dcc-313b-4423-a1c9-7369bd83a697.jpg?v=1756763341,2,"",,,,,,,,,,,,,,,
chevy-chase-signed-chicago-navy-griswold-football-jersey-jsa,,,,,,,,,,,,,,,,,,,,,,,,,,,,,,,,https://cdn.shopify.com/s/files/1/0642/7842/9930/files/chase-griswold-bears-navy-autographed-stitched-football-jersey-front.jpg?v=1756763341,3,"",,,,,,,,,,,,,,,
charley-trippi-signed-pro-edition-football-jersey-red-jsa,Charley Trippi Signed Pro Edition Football Jersey Red (JSA),"<p>A professional-style football jersey autographed by Charley Trippi and authenticated by JSA.</p>
 <p>This autographed piece of memorabilia comes with an official <em>Witnessed Protection Program </em>Certificate of Authenticity from James Spence Authentication LLC that guarantees the authenticity of the autograph.</p>
 <p>You can read more about all the qualified companies that we use to ensure the authenticity of all our autographs and their different types of certifications on our <strong><em>Authentication Services and Certificates </em></strong>page.</p>
 <p>All orders begin processing and fulfillment immediately upon payment approval and are guaranteed to ship from our warehouse within 24-48 hours.</p>
 <p>The typical delivery time ranges from 3-7 business days in the Continental U.S. from our warehouse in Nashville, TN. For deliveries to HI, AK, and U.S. Territories, please allow for 7-14 business days. If you have any questions about our shipping policies, visit our <strong><em>Frequently Asked Questions</em></strong> page.</p>
 <p>We back our products with a <strong><em>90-day Satisfaction Guarantee</em></strong>: if you are not completely satisfied with your piece of memorabilia, you have 90 days from the recorded delivery date to return the item and receive a full refund.</p>",RSA,,Autographed Football Jerseys,"Categorized, FB, inhouse, jersey, Jerseys, MYS_Professional, RSA-products, Sold-Out, Warehouse, X",true,Title,Default Title,,,,,,,,RSA-01130,451.001223586375,shopify,3,deny,manual,39.00,59.99,true,true,,,,,,https://cdn.shopify.com/s/files/1/0642/7842/9930/files/trippi-cardinal-red-1.png?v=1756763341,1,"",false,,,,,,,,oz,,20.00,true,,,active
charley-trippi-signed-pro-edition-football-jersey-red-jsa,,,,,,,,,,,,,,,,,,,,,,,,,,,,,,,,https://cdn.shopify.com/s/files/1/0642/7842/9930/files/trippi-cardinals-red-2.png?v=1756763341,2,"",,,,,,,,,,,,,,,
charley-trippi-signed-pro-edition-football-jersey-red-jsa,,,,,,,,,,,,,,,,,,,,,,,,,,,,,,,,https://cdn.shopify.com/s/files/1/0642/7842/9930/files/trippi-cardinals-red-3.png?v=1756763341,3,"",,,,,,,,,,,,,,,
charles-haley-signed-san-francisco-white-football-jersey-jsa,Charles Haley Signed San Francisco White Football Jersey (JSA),"<ul>
<li>A professional style white custom replica football jersey autographed by Charles Haley and authenticated by JSA</li>
<li>Includes a Certificate of Authenticity from JSA</li>
<li>Orders are generally shipped the same day if placed before 3pm and delivery only takes 3 to 5 days</li>
<li>
<strong>90-day Satisfaction Guarantee:</strong> if you are not completely satisfied with your piece of memorabilia, you have 90 days from when you receive it to return the item in its original condition and receive a full refund</li>
</ul>",RSA,,Autographed Football Jerseys,"03-09, 03-14, 49ers, FB, inhouse, jersey, Jerseys, MYS_HOF, New Arrival, RSA-products, Sold-Out, X",true,Title,Default Title,,,,,,,,RSA-06392,907.1989147615625,shopify,9,deny,manual,72.00,89.99,true,true,,,,,,https://cdn.shopify.com/s/files/1/0642/7842/9930/files/haley-49ers-white-autographed-stitched-football-jersey-back.jpg?v=1731262926,1,"",false,,,,,,,,oz,,50.00,true,,,active
charles-haley-signed-san-francisco-white-football-jersey-jsa,,,,,,,,,,,,,,,,,,,,,,,,,,,,,,,,https://cdn.shopify.com/s/files/1/0642/7842/9930/files/haley-49ers-white-autographed-stitched-football-jersey-signature.jpg?v=1731262928,2,"",,,,,,,,,,,,,,,
charles-haley-signed-san-francisco-white-football-jersey-jsa,,,,,,,,,,,,,,,,,,,,,,,,,,,,,,,,https://cdn.shopify.com/s/files/1/0642/7842/9930/files/haley-49ers-white-autographed-stitched-football-jersey-front.jpg?v=1731262930,3,"",,,,,,,,,,,,,,,
charles-haley-signed-san-francisco-red-football-jersey-jsa,Charles Haley Signed San Francisco Red Football Jersey (JSA),"<ul>
<li>A professional style red custom replica football jersey autographed by Charles Haley and authenticated by JSA</li>
<li>Includes a Certificate of Authenticity from JSA</li>
<li>Orders are generally shipped the same day if placed before 3pm and delivery only takes 3 to 5 days</li>
<li>
<strong>90-day Satisfaction Guarantee:</strong> if you are not completely satisfied with your piece of memorabilia, you have 90 days from when you receive it to return the item in its original condition and receive a full refund</li>
</ul>",RSA,,Autographed Football Jerseys,"03-09, 03-14, 49ers, FB, inhouse, jersey, Jerseys, MYS_HOF, New Arrival, RSA-products, Sold-Out, X",true,Title,Default Title,,,,,,,,RSA-06394,907.1989147615625,shopify,20,deny,manual,72.00,89.99,true,true,,,,,,https://cdn.shopify.com/s/files/1/0642/7842/9930/files/haley-49ers-red-autographed-stitched-football-jersey-back.jpg?v=1731262918,1,"",false,,,,,,,,oz,,50.00,true,,,active
charles-haley-signed-san-francisco-red-football-jersey-jsa,,,,,,,,,,,,,,,,,,,,,,,,,,,,,,,,https://cdn.shopify.com/s/files/1/0642/7842/9930/files/haley-49ers-red-autographed-stitched-football-jersey-signature.jpg?v=1731262920,2,"",,,,,,,,,,,,,,,
charles-haley-signed-san-francisco-red-football-jersey-jsa,,,,,,,,,,,,,,,,,,,,,,,,,,,,,,,,https://cdn.shopify.com/s/files/1/0642/7842/9930/files/haley-49ers-red-autographed-stitched-football-jersey-front.jpg?v=1731262922,3,"",,,,,,,,,,,,,,,
charles-haley-signed-dallas-white-football-jersey-jsa,Charles Haley Signed Dallas White Football Jersey (JSA),"<ul>
<li>A professional style white custom replica football jersey autographed by Charles Haley and authenticated by JSA</li>
<li>Includes a Certificate of Authenticity from JSA</li>
<li>Orders are generally shipped the same day if placed before 3pm and delivery only takes 3 to 5 days</li>
<li>
<strong>90-day Satisfaction Guarantee:</strong> if you are not completely satisfied with your piece of memorabilia, you have 90 days from when you receive it to return the item in its original condition and receive a full refund</li>
</ul>",RSA,,Autographed Football Jerseys,"03-09, 03-14, cowboys, FB, inhouse, jersey, Jerseys, MYS_HOF, New Arrival, RSA-products, Sold-Out, X",true,Title,Default Title,,,,,,,,RSA-06395,907.1989147615625,shopify,25,deny,manual,72.00,89.99,true,true,,,,,,https://cdn.shopify.com/s/files/1/0642/7842/9930/files/haley-cowboys-white-autographed-stitched-football-jersey-back.jpg?v=1731261901,1,"",false,,,,,,,,oz,,50.00,true,,,active
charles-haley-signed-dallas-white-football-jersey-jsa,,,,,,,,,,,,,,,,,,,,,,,,,,,,,,,,https://cdn.shopify.com/s/files/1/0642/7842/9930/files/haley-cowboys-white-autographed-stitched-football-jersey-signature.jpg?v=1731261903,2,"",,,,,,,,,,,,,,,
charles-haley-signed-dallas-white-football-jersey-jsa,,,,,,,,,,,,,,,,,,,,,,,,,,,,,,,,https://cdn.shopify.com/s/files/1/0642/7842/9930/files/haley-cowboys-white-autographed-stitched-football-jersey-front.jpg?v=1731261905,3,"",,,,,,,,,,,,,,,
charles-haley-signed-dallas-thanksgiving-football-jersey-jsa,Charles Haley Signed Dallas Thanksgiving Football Jersey (JSA),"<ul>
<li>A professional style thanksgiving custom replica football jersey autographed by Charles Haley and authenticated by JSA</li>
<li>Includes a Certificate of Authenticity from JSA</li>
<li>Orders are generally shipped the same day if placed before 3pm and delivery only takes 3 to 5 days</li>
<li>
<strong>90-day Satisfaction Guarantee:</strong> if you are not completely satisfied with your piece of memorabilia, you have 90 days from when you receive it to return the item in its original condition and receive a full refund</li>
</ul>",RSA,,Autographed Football Jerseys,"03-14, cowboys, FB, inhouse, jersey, Jerseys, MYS_HOF, New Arrival, RSA-products, Sold-Out, X",true,Title,Default Title,,,,,,,,RSA-06396,907.1989147615625,shopify,75,deny,manual,72.00,89.99,true,true,,,,,,https://cdn.shopify.com/s/files/1/0642/7842/9930/files/haley-cowboys-thanksgiving-autographed-stitched-football-jersey-back.jpg?v=1731261893,1,"",false,,,,,,,,oz,,50.00,true,,,active
charles-haley-signed-dallas-thanksgiving-football-jersey-jsa,,,,,,,,,,,,,,,,,,,,,,,,,,,,,,,,https://cdn.shopify.com/s/files/1/0642/7842/9930/files/haley-cowboys-thanksgiving-autographed-stitched-football-jersey-signature.jpg?v=1731261895,2,"",,,,,,,,,,,,,,,
charles-haley-signed-dallas-thanksgiving-football-jersey-jsa,,,,,,,,,,,,,,,,,,,,,,,,,,,,,,,,https://cdn.shopify.com/s/files/1/0642/7842/9930/files/haley-cowboys-thanksgiving-autographed-stitched-football-jersey-front.jpg?v=1731261897,3,"",,,,,,,,,,,,,,,
charles-haley-signed-dallas-blue-football-jersey-jsa,Charles Haley Signed Dallas Blue Football Jersey (JSA),"<ul>
<li>A professional style blue custom replica football jersey autographed by Charles Haley and authenticated by JSA</li>
<li>Includes a Certificate of Authenticity from JSA</li>
<li>Orders are generally shipped the same day if placed before 3pm and delivery only takes 3 to 5 days</li>
<li>
<strong>90-day Satisfaction Guarantee:</strong> if you are not completely satisfied with your piece of memorabilia, you have 90 days from when you receive it to return the item in its original condition and receive a full refund</li>
</ul>",RSA,,Autographed Football Jerseys,"03-09, 03-14, cowboys, FB, inhouse, jersey, Jerseys, MYS_HOF, New Arrival, RSA-products, Sold-Out, X",true,Title,Default Title,,,,,,,,RSA-06393,907.1989147615625,shopify,75,deny,manual,72.00,89.99,true,true,,,,,,https://cdn.shopify.com/s/files/1/0642/7842/9930/files/haley-cowboys-blue-autographed-stitched-football-jersey-back.jpg?v=1731261864,1,"",false,,,,,,,,oz,,50.00,true,,,active
charles-haley-signed-dallas-blue-football-jersey-jsa,,,,,,,,,,,,,,,,,,,,,,,,,,,,,,,,https://cdn.shopify.com/s/files/1/0642/7842/9930/files/haley-cowboys-blue-autographed-stitched-football-jersey-signature.jpg?v=1731261865,2,"",,,,,,,,,,,,,,,
charles-haley-signed-dallas-blue-football-jersey-jsa,,,,,,,,,,,,,,,,,,,,,,,,,,,,,,,,https://cdn.shopify.com/s/files/1/0642/7842/9930/files/haley-cowboys-blue-autographed-stitched-football-jersey-front.jpg?v=1731261867,3,"",,,,,,,,,,,,,,,
carl-eller-signed-minnesota-purple-football-jersey-jsa,Carl Eller Signed HOF 04 Inscription Minnesota Purple Football Jersey (JSA),"<p>This custom stitched football jersey has been personally hand signed by Carl Eller and authenticated by a top 3rd party authentication company. All autographed sports collectibles are limited! Order now to add this timeless piece of football memorabilia to your collection before it’s gone.</p>
<ul>
<li>Hand signed Football jersey autographed by Carl Eller with HOF 04 Inscription and authenticated by JSA</li>
<li>Includes a <em>Witnessed Protection Program</em> tamper-proof authentication sticker from JSA</li>
<li>90-day Satisfaction Guarantee: if you are not completely satisfied with your piece of memorabilia, return the item in its original condition and receive a full refund</li>
</ul>",RSA,,Autographed Football Jerseys,"03-14, FB, inhouse, jersey, Jerseys, MYS_HOF, New Arrival, Sold-Out, Vikings, X",true,Title,Default Title,,,,,,,,RSA-06657,907.1989147615625,shopify,45,deny,manual,50.00,69.99,true,true,,,,,,https://cdn.shopify.com/s/files/1/0642/7842/9930/files/eller-vikings-hof-04-purple-autographed-stitched-football-jersey-back_1254a2a6-7dc3-4b04-93f6-624b5fc08e1d.jpg?v=1759532481,1,"",false,,,,,,,,oz,,30.00,true,,,active
carl-eller-signed-minnesota-purple-football-jersey-jsa,,,,,,,,,,,,,,,,,,,,,,,,,,,,,,,,https://cdn.shopify.com/s/files/1/0642/7842/9930/files/eller-vikings-hof-04-purple-autographed-stitched-football-jersey-signature_53d3f017-e061-4b93-bbbe-d0dbd0fcd138.jpg?v=1759532482,2,"",,,,,,,,,,,,,,,
carl-eller-signed-minnesota-purple-football-jersey-jsa,,,,,,,,,,,,,,,,,,,,,,,,,,,,,,,,https://cdn.shopify.com/s/files/1/0642/7842/9930/files/eller-vikings-hof-04-purple-autographed-stitched-football-jersey-front_1ba07b51-6ffc-45c4-8b70-a59ea2266a83.jpg?v=1759532484,3,"",,,,,,,,,,,,,,,
carl-banks-signed-pro-edition-football-jersey-blue-jsa,Carl Banks Signed New York Football Jersey Blue (JSA),"<p>This custom stitched football jersey has been personally hand signed by Carl Banks and authenticated by a top 3rd party authentication company. All autographed sports collectibles are limited! Order now to add this timeless piece of football memorabilia to your collection before it’s gone.</p><ul>
<li>Hand signed Football jersey autographed by Carl Banks and authenticated by JSA</li>
<li>Includes a <em>Witnessed Protection Program</em> tamper-proof authentication sticker from JSA</li>
<li>90-day Satisfaction Guarantee: if you are not completely satisfied with your piece of memorabilia, return the item in its original condition and receive a full refund</li>
</ul>",RSA,Uncategorized,Autographed Football Jerseys,"Categorized, FB, inhouse, jersey, Jerseys, MYS_Professional, RSA-products, Sold-Out, Warehouse, X",true,Title,Default Title,,,,,,,,RSA-01153,907.003303052,shopify,40,deny,manual,43.00,59.99,true,true,,,,,,https://cdn.shopify.com/s/files/1/0642/7842/9930/files/banks-giants-blue-autographed-stitched-football-jersey-back.jpg?v=1759532476,1,"",false,,,,,,,,lb,,25.00,true,,,active
carl-banks-signed-pro-edition-football-jersey-blue-jsa,,,,,,,,,,,,,,,,,,,,,,,,,,,,,,,,https://cdn.shopify.com/s/files/1/0642/7842/9930/files/banks-giants-blue-autographed-stitched-football-jersey-signature.jpg?v=1759532478,2,"",,,,,,,,,,,,,,,
carl-banks-signed-pro-edition-football-jersey-blue-jsa,,,,,,,,,,,,,,,,,,,,,,,,,,,,,,,,https://cdn.shopify.com/s/files/1/0642/7842/9930/files/banks-giants-blue-autographed-stitched-football-jersey-front.jpg?v=1759532479,3,"",,,,,,,,,,,,,,,
bruce-smith-signed-buffalo-blue-football-jersey-beckett,Bruce Smith Signed Buffalo Blue Football Jersey (Beckett ),"<ul>
<li>A professional style blue custom replica football jersey autographed by Bruce Smith and authenticated by Beckett </li>
<li>Includes a Certificate of Authenticity from Beckett </li>
<li>Orders are generally shipped the same day if placed before 3pm and delivery only takes 3 to 5 days</li>
<li>
<strong>90-day Satisfaction Guarantee:</strong> if you are not completely satisfied with your piece of memorabilia, you have 90 days from when you receive it to return the item in its original condition and receive a full refund</li>
</ul>",RSA,,Autographed Football Jerseys,"3X FBJ, Bills, Darkside, FB, feature, In-Stock, inhouse, jersey, jerseys, MYS_HOF, MYS_Professional, New Arrival, RSA, RSA-products, Season, V, Warehouse, year-end",true,Title,Default Title,,,,,,,,RSA-05334,907.1989147615625,shopify,29,deny,manual,95.00,149.99,true,true,,,,,,https://cdn.shopify.com/s/files/1/0642/7842/9930/files/smith-bills-blue-autographed-stitched-football-jersey-back.jpg?v=1756763344,1,"",false,,,,,,,,oz,,65.00,true,,,active
bruce-smith-signed-buffalo-blue-football-jersey-beckett,,,,,,,,,,,,,,,,,,,,,,,,,,,,,,,,https://cdn.shopify.com/s/files/1/0642/7842/9930/files/smith-bills-blue-autographed-stitched-football-jersey-signature.jpg?v=1756763344,2,"",,,,,,,,,,,,,,,
bruce-smith-signed-buffalo-blue-football-jersey-beckett,,,,,,,,,,,,,,,,,,,,,,,,,,,,,,,,https://cdn.shopify.com/s/files/1/0642/7842/9930/files/smith-bills-blue-autographed-stitched-football-jersey-front.jpg?v=1756763344,3,"",,,,,,,,,,,,,,,
brian-urlacher-signed-hof-2018-inscription-chicago-blue-football-jersey-beckett,Brian Urlacher Signed HOF 2018 Inscription Chicago Navy Football Jersey (Beckett),"<ul>
<li>A blue custom replica football jersey autographed by Brian Urlacher with HOF 2018 inscription and authenticated by Beckett</li>
<li>Includes a Certificate of Authenticity from Beckett</li>
<li>Orders are generally shipped the same day if placed before 3pm and delivery only takes 3 to 5 days</li>
<li>
<strong>90-day Satisfaction Guarantee:</strong> if you are not completely satisfied with your piece of memorabilia, you have 90 days from when you receive it to return the item in its original condition and receive a full refund</li>
</ul>",RSA,,Autographed Football Jerseys,"12-05, Bears, Best-Seller, BFCM24, FB, In-Stock, inhouse, jersey, Jerseys, MYS_HOF, New Arrival, RSA-products, Season, V, year-end",true,Title,Default Title,,,,,,,,RSA-06193,907.1989147615625,shopify,34,deny,manual,90.00,119.99,true,true,,,,,,https://cdn.shopify.com/s/files/1/0642/7842/9930/files/urlacher-bears-blue-autographed-stitched-football-jersey-back.jpg?v=1731258310,1,"",false,,,,,,,,oz,,65.00,true,,,active
brian-urlacher-signed-hof-2018-inscription-chicago-blue-football-jersey-beckett,,,,,,,,,,,,,,,,,,,,,,,,,,,,,,,,https://cdn.shopify.com/s/files/1/0642/7842/9930/files/urlacher-bears-blue-autographed-stitched-football-jersey-signature.jpg?v=1731258312,2,"",,,,,,,,,,,,,,,
brian-urlacher-signed-hof-2018-inscription-chicago-blue-football-jersey-beckett,,,,,,,,,,,,,,,,,,,,,,,,,,,,,,,,https://cdn.shopify.com/s/files/1/0642/7842/9930/files/urlacher-bears-blue-autographed-stitched-football-jersey-front.jpg?v=1731258314,3,"",,,,,,,,,,,,,,,
brent-celek-signed-philadelphia-green-football-jersey-beckett,Brent Celek Signed Philadelphia Green Football Jersey (Beckett),"<ul>
<li>A professional style green custom replica football jersey autographed by Brent Celek and authenticated by Beckett</li>
<li>Includes a Certificate of Authenticity from Beckett</li>
<li>Orders are generally shipped the same or next day and delivery only takes 3 to 5 days</li>
<li>
<strong>90-day Satisfaction Guarantee:</strong> if you are not completely satisfied with your piece of memorabilia, you have 90 days from when you receive it to return the item in its original condition and receive a full refund</li>
</ul>",RSA,,Autographed Football Jerseys,"08-03-RSA, BFCM24, eagles, FB, In-Stock, inhouse, jersey, Jerseys, New Arrival, Season, V, year-end",true,Title,Default Title,,,,,,,,RSA-07456,907.1989147615625,shopify,2,deny,manual,46.00,59.99,true,true,,,,,,https://cdn.shopify.com/s/files/1/0642/7842/9930/files/celek-eagles-green-autographed-stitched-football-jersey-back.jpg?v=1756763345,1,"",false,,,,,,,,oz,,23.00,true,,,active
brent-celek-signed-philadelphia-green-football-jersey-beckett,,,,,,,,,,,,,,,,,,,,,,,,,,,,,,,,https://cdn.shopify.com/s/files/1/0642/7842/9930/files/celek-eagles-green-autographed-stitched-football-jersey-signature.jpg?v=1756763345,2,"",,,,,,,,,,,,,,,
brent-celek-signed-philadelphia-green-football-jersey-beckett,,,,,,,,,,,,,,,,,,,,,,,,,,,,,,,,https://cdn.shopify.com/s/files/1/0642/7842/9930/files/celek-eagles-green-autographed-stitched-football-jersey-front.jpg?v=1756763345,3,"",,,,,,,,,,,,,,,
braxton-berrios-signed-new-york-green-football-jersey-jsa,Braxton Berrios Signed New York Green Football Jersey (JSA),"<ul>
<li>A professional style green custom replica football jersey autographed by Braxton Berrios and authenticated by JSA</li>
<li>Includes a Certificate of Authenticity from JSA</li>
<li>Orders are generally shipped the same day if placed before 3pm and delivery only takes 3 to 5 days</li>
<li>
<strong>90-day Satisfaction Guarantee:</strong> if you are not completely satisfied with your piece of memorabilia, you have 90 days from when you receive it to return the item in its original condition and receive a full refund</li>
</ul>",RSA,,Autographed Football Jerseys,"09-29-RSA, FB, inhouse, jersey, Jerseys, Jets, New Arrival, RSA-products, Sold-Out, Warehouse, X",true,Title,Default Title,,,,,,,,RSA-05881,907.1989147615625,shopify,49,deny,manual,30.00,49.99,true,true,,,,,,https://cdn.shopify.com/s/files/1/0642/7842/9930/files/berrios-jets-green-autographed-stitched-football-jersey-back.jpg?v=1731256169,1,"",false,,,,,,,,oz,,30.00,true,,,active
braxton-berrios-signed-new-york-green-football-jersey-jsa,,,,,,,,,,,,,,,,,,,,,,,,,,,,,,,,https://cdn.shopify.com/s/files/1/0642/7842/9930/files/berrios-jets-green-autographed-stitched-football-jersey-signature.jpg?v=1731256174,2,"",,,,,,,,,,,,,,,
braxton-berrios-signed-new-york-green-football-jersey-jsa,,,,,,,,,,,,,,,,,,,,,,,,,,,,,,,,https://cdn.shopify.com/s/files/1/0642/7842/9930/files/berrios-jets-green-autographed-stitched-football-jersey-front.jpg?v=1731256176,3,"",,,,,,,,,,,,,,,
brandon-graham-signed-philadelphia-white-football-jersey-jsa,Brandon Graham Signed Philadelphia White Football Jersey (JSA),"<p>This custom stitched football jersey has been personally hand signed by Brandon Graham and authenticated by a top 3rd party authentication company. All autographed sports collectibles are limited! Order now to add this timeless piece of football memorabilia to your collection before it’s gone.</p><ul>
<li>Custom football jersey autographed by Brandon Graham and authenticated by JSA</li>
<li>Includes a <em>Witnessed Protection Program</em> tamper-proof authentication sticker from JSA</li>
<li>
<strong>90-day Satisfaction Guarantee:</strong> if you are not completely satisfied with your piece of memorabilia, return the item in its original condition and receive a full refund</li>
</ul>",RSA,,Autographed Football Jerseys,"05-23-RSA, eagles, FB, inhouse, jersey, Jerseys, V",true,Title,Default Title,,,,,,,,RSA-09265,907.1989147615625,shopify,17,deny,manual,55.00,79.99,true,true,,,,,,https://cdn.shopify.com/s/files/1/0642/7842/9930/files/graham-eagles-white-autographed-stitched-football-jersey-back.jpg?v=1731256045,1,"",false,,,,,,,,oz,,35.00,true,,,active
brandon-graham-signed-philadelphia-white-football-jersey-jsa,,,,,,,,,,,,,,,,,,,,,,,,,,,,,,,,https://cdn.shopify.com/s/files/1/0642/7842/9930/files/graham-eagles-white-autographed-stitched-football-jersey-signature.jpg?v=1731256046,2,"",,,,,,,,,,,,,,,
brandon-graham-signed-philadelphia-white-football-jersey-jsa,,,,,,,,,,,,,,,,,,,,,,,,,,,,,,,,https://cdn.shopify.com/s/files/1/0642/7842/9930/files/graham-eagles-white-autographed-stitched-football-jersey-front.jpg?v=1731256048,3,"",,,,,,,,,,,,,,,
brandon-graham-signed-philadelphia-green-football-jersey-jsa,Brandon Graham Signed Philadelphia Green Football Jersey (Beckett),"<ul>
<li>A professional style green custom replica football jersey autographed by Brandon Graham and authenticated by Beckett</li>
<li>Includes a Certificate of Authenticity from Beckett </li>
<li>Orders are generally shipped the same or next day and delivery only takes 3 to 5 days</li>
<li>
<strong>90-day Satisfaction Guarantee:</strong> if you are not completely satisfied with your piece of memorabilia, you have 90 days from when you receive it to return the item in its original condition and receive a full refund</li>
</ul>",RSA,,Autographed Football Jerseys,"09-05-RSA, BFCM24, conference, eagles, FB, inhouse, jersey, Jerseys, New Arrival, playoff25, SB25, Season, Sold-Out, X, year-end",true,Title,Default Title,,,,,,,,RSA-07630,907.1989147615625,shopify,12,deny,manual,55.00,79.99,true,true,,,,,,https://cdn.shopify.com/s/files/1/0642/7842/9930/files/graham-eagles-green-autographed-stitched-football-jersey-back.jpg?v=1756763347,1,"",false,,,,,,,,oz,,35.00,true,,,active
brandon-graham-signed-philadelphia-green-football-jersey-jsa,,,,,,,,,,,,,,,,,,,,,,,,,,,,,,,,https://cdn.shopify.com/s/files/1/0642/7842/9930/files/graham-eagles-green-autographed-stitched-football-jersey-signature.jpg?v=1756763348,2,"",,,,,,,,,,,,,,,
brandon-graham-signed-philadelphia-green-football-jersey-jsa,,,,,,,,,,,,,,,,,,,,,,,,,,,,,,,,https://cdn.shopify.com/s/files/1/0642/7842/9930/files/graham-eagles-green-autographed-stitched-football-jersey-front.jpg?v=1756763348,3,"",,,,,,,,,,,,,,,
brandon-graham-signed-philadelphia-black-football-jersey-beckett,Brandon Graham Signed Philadelphia Black Football Jersey (Beckett),"<p>This custom stitched football jersey has been personally hand signed by Brandon Graham and authenticated by a top 3rd party authentication company. All autographed sports collectibles are limited! Order now to add this timeless piece of football memorabilia to your collection before it’s gone.</p><ul>
<li>Hand signed Football jersey autographed by Brandon Graham and authenticated by Beckett</li>
<li>Includes a <em>Witnessed Protection Program</em> tamper-proof authentication sticker from Beckett</li>
<li>90-day Satisfaction Guarantee: if you are not completely satisfied with your piece of memorabilia, return the item in its original condition and receive a full refund</li>
</ul>",RSA,,Autographed Football Jerseys,"10-31-RSA, BFCM24, conference, Eagles, FB, inhouse, jersey, Jerseys, New Arrival, playoff25, SB25, Season, V, year-end",true,Title,Default Title,,,,,,,,RSA-10549,907.1989147615625,shopify,8,deny,manual,55.00,79.99,true,true,,,,,,https://cdn.shopify.com/s/files/1/0642/7842/9930/files/graham-eagles-black-autographed-stitched-football-jersey-back.jpg?v=1756763348,1,"",false,,,,,,,,oz,,35.00,true,,,active
brandon-graham-signed-philadelphia-black-football-jersey-beckett,,,,,,,,,,,,,,,,,,,,,,,,,,,,,,,,https://cdn.shopify.com/s/files/1/0642/7842/9930/files/graham-eagles-black-autographed-stitched-football-jersey-signature.jpg?v=1756763348,2,"",,,,,,,,,,,,,,,
brandon-graham-signed-philadelphia-black-football-jersey-beckett,,,,,,,,,,,,,,,,,,,,,,,,,,,,,,,,https://cdn.shopify.com/s/files/1/0642/7842/9930/files/graham-eagles-black-autographed-stitched-football-jersey-front.jpg?v=1756763348,3,"",,,,,,,,,,,,,,,
bob-lilly-signed-pro-edition-white-football-jersey-hof-80-inscription-jsa,Bob Lilly Signed Pro-Edition White Football Jersey HOF 80 Inscription (JSA),"<ul>
<li>A professional-style XL stitched football jersey autographed by Bob Lilly and authenticated by JSA</li>
<li>Includes a<em> </em>Certificate of Authenticity from JSA</li>
<li>Orders are generally shipped the same day if placed before 3pm and delivery only takes 3 to 5 days</li>
<li>90-day Satisfaction Guarantee: if you are not completely satisfied with your piece of memorabilia, you have 90 days from when you receive it to return the item in its original condition and receive a full refund</li>
</ul>",RSA,Uncategorized,Autographed Football Jerseys,"Categorized, FB, HD, inhouse, jersey, Jerseys, MYS_HOF, MYS_product, MYS_Professional, MYS_run2-1, RSA, RSA-Mystery, RSA-products, Sold-Out, Warehouse, X",true,Title,Default Title,,,,,,,,RSA-02117,453.59237,shopify,173,deny,manual,45.00,59.99,true,true,,,,,,https://cdn.shopify.com/s/files/1/0642/7842/9930/files/lilly-cowboys-hof-80-white-autographed-stitched-football-jersey-back_5e3b051a-c354-407f-a24b-feca1ca69b04.jpg?v=1731255085,1,"",false,,,,,,,,lb,,25.00,true,,,active
bob-lilly-signed-pro-edition-white-football-jersey-hof-80-inscription-jsa,,,,,,,,,,,,,,,,,,,,,,,,,,,,,,,,https://cdn.shopify.com/s/files/1/0642/7842/9930/files/lilly-cowboys-hof-80-white-autographed-stitched-football-jersey-signature_8a66146c-a2d6-4395-b7cc-2aaa5c7d85c5.jpg?v=1731255087,2,"",,,,,,,,,,,,,,,
bob-lilly-signed-pro-edition-white-football-jersey-hof-80-inscription-jsa,,,,,,,,,,,,,,,,,,,,,,,,,,,,,,,,https://cdn.shopify.com/s/files/1/0642/7842/9930/files/lilly-cowboys-hof-80-white-autographed-stitched-football-jersey-front_7a97806c-a3db-4b86-bf42-e53ec65a76b5.jpg?v=1731255089,3,"",,,,,,,,,,,,,,,
bob-lilly-signed-pro-edition-thanksgiving-football-jersey-hof-80-inscription-jsa,Bob Lilly Signed Pro-Edition Thanksgiving Football Jersey HOF 80 Inscription (JSA),"<ul>
<li>A professional-style XL stitched football jersey autographed by Bob Lillyand authenticated by JSA</li>
<li>Includes a<em> Witness Protection Program </em>Certificate of Authenticity from JSA</li>
<li>Orders are generally shipped the same day if placed before 3pm and delivery only takes 3 to 5 days</li>
<li>90-day Satisfaction Guarantee: if you are not completely satisfied with your piece of memorabilia, you have 90 days from when you receive it to return the item in its original condition and receive a full refund</li>
</ul>",RSA,,Autographed Football Jerseys,"49BF, Categorized, cowboys, FB, HD, inhouse, jersey, Jerseys, MYS_HOF, MYS_product, MYS_Professional, MYS_run2-2, RSA, RSA-products, Sold-Out, Warehouse, X",true,Title,Default Title,,,,,,,,RSA-02118,907.18474,shopify,21,deny,manual,45.00,59.99,true,true,,,,,,https://cdn.shopify.com/s/files/1/0642/7842/9930/files/lilly-cowboys-hof-80-thanksgiving-autographed-stitched-football-jersey-back_1c3258d9-a42e-45c8-832f-e72fac1ce60b.jpg?v=1731255076,1,"",false,,,,,,,,lb,,25.00,true,,,active
bob-lilly-signed-pro-edition-thanksgiving-football-jersey-hof-80-inscription-jsa,,,,,,,,,,,,,,,,,,,,,,,,,,,,,,,,https://cdn.shopify.com/s/files/1/0642/7842/9930/files/lilly-cowboys-hof-80-thanksgiving-autographed-stitched-football-jersey-signature_e9f80abd-c6d5-4a86-9cd2-c3c6164aeb73.jpg?v=1731255078,2,"",,,,,,,,,,,,,,,
bob-lilly-signed-pro-edition-thanksgiving-football-jersey-hof-80-inscription-jsa,,,,,,,,,,,,,,,,,,,,,,,,,,,,,,,,https://cdn.shopify.com/s/files/1/0642/7842/9930/files/lilly-cowboys-hof-80-thanksgiving-autographed-stitched-football-jersey-front_2d894281-eca6-44a4-a7c7-3fce1426f686.jpg?v=1731255081,3,"",,,,,,,,,,,,,,,
bob-lilly-signed-pro-edition-blue-football-jersey-hof-80-inscription-jsa,Bob Lilly Signed Pro-Edition Blue Football Jersey HOF 80 Inscription (JSA),"<ul>
<li>A professional-style XL stitched football jersey autographed by Bob Lillyand authenticated by JSA</li>
<li>Includes a<em> Witness Protection Program </em>Certificate of Authenticity from JSA</li>
<li>Orders are generally shipped the same day if placed before 3pm and delivery only takes 3 to 5 days</li>
<li>90-day Satisfaction Guarantee: if you are not completely satisfied with your piece of memorabilia, you have 90 days from when you receive it to return the item in its original condition and receive a full refund</li>
</ul>",RSA,,Autographed Football Jerseys,"49BF, Categorized, cowboys, FB, HD, inhouse, jersey, Jerseys, MYS_HOF, MYS_product, MYS_Professional, MYS_run1-1, RSA, RSA-Mystery, RSA-products, Sold-Out, Warehouse, X",true,Title,Default Title,,,,,,,,RSA-02116,453.59237,shopify,18,deny,manual,45.00,59.99,true,true,,,,,,https://cdn.shopify.com/s/files/1/0642/7842/9930/files/lilly-cowboys-hof-80-blue-autographed-stitched-football-jersey-back.jpg?v=1731255067,1,"",false,,,,,,,,lb,,25.00,true,,,active
bob-lilly-signed-pro-edition-blue-football-jersey-hof-80-inscription-jsa,,,,,,,,,,,,,,,,,,,,,,,,,,,,,,,,https://cdn.shopify.com/s/files/1/0642/7842/9930/files/lilly-cowboys-hof-80-blue-autographed-stitched-football-jersey-signature.jpg?v=1731255069,2,"",,,,,,,,,,,,,,,
bob-lilly-signed-pro-edition-blue-football-jersey-hof-80-inscription-jsa,,,,,,,,,,,,,,,,,,,,,,,,,,,,,,,,https://cdn.shopify.com/s/files/1/0642/7842/9930/files/lilly-cowboys-hof-80-blue-autographed-stitched-football-jersey-front.jpg?v=1731255071,3,"",,,,,,,,,,,,,,,
levon-kirkland-signed-pro-edition-black-football-jersey-jsa,Levon Kirkland Signed Pro-Edition Black Football Jersey (JSA),"<ul>
<li>A professional-style XL stitched football jersey autographed by Levon Kirklandand authenticated by JSA</li>
<li>Includes a<em></em>Certificate of Authenticity from JSA</li>
<li>Orders are generally shipped the same day if placed before 3pm and delivery only takes 3 to 5 days</li>
<li>90-day Satisfaction Guarantee: if you are not completely satisfied with your piece of memorabilia, you have 90 days from when you receive it to return the item in its original condition and receive a full refund</li>
</ul>",RSA,,Autographed Football Jerseys,"Categorized, FB, HD, inhouse, jersey, Jerseys, MYS_Professional, RSA-products, Sold-Out, Warehouse, X",true,Title,Default Title,,,,,,,,RSA-01919,450.7659225444375,shopify,2,deny,manual,45.00,64.99,true,true,,,,,,https://cdn.shopify.com/s/files/1/0642/7842/9930/files/kirkland-steelers-black-autographed-stitched-football-jersey-back.jpg?v=1756763350,1,"",false,,,,,,,,oz,,25.00,true,,,active
levon-kirkland-signed-pro-edition-black-football-jersey-jsa,,,,,,,,,,,,,,,,,,,,,,,,,,,,,,,,https://cdn.shopify.com/s/files/1/0642/7842/9930/files/kirkland-steelers-black-autographed-stitched-football-jersey-signature.jpg?v=1756763350,2,"",,,,,,,,,,,,,,,
levon-kirkland-signed-pro-edition-black-football-jersey-jsa,,,,,,,,,,,,,,,,,,,,,,,,,,,,,,,,https://cdn.shopify.com/s/files/1/0642/7842/9930/files/kirkland-steelers-black-autographed-stitched-football-jersey-front.jpg?v=1756763350,3,"",,,,,,,,,,,,,,,
lesean-mccoy-signed-philadelphia-white-football-jersey-beckett,LeSean McCoy Signed Philadelphia White Football Jersey (Beckett),"<p>This custom stitched football jersey has been personally hand signed by LeSean McCoy and authenticated by a top 3rd party authentication company. All autographed sports collectibles are limited! Order now to add this timeless piece of football memorabilia to your collection before it’s gone.</p><ul>
<li>Hand signed Football jersey autographed by LeSean McCoy and authenticated by Beckett</li>
<li>Includes a <em>Witnessed Protection Program</em> tamper-proof authentication sticker from Beckett</li>
<li>90-day Satisfaction Guarantee: if you are not completely satisfied with your piece of memorabilia, return the item in its original condition and receive a full refund</li>
</ul>",RSA,,Autographed Football Jerseys,"BFCM24, eagles, FB, jersey, Jerseys, New Arrival, Season, V, year-end",true,Title,Default Title,,,,,,,,RSA-09873,907.1989147615625,shopify,25,deny,manual,64.00,89.99,true,true,,,,,,https://cdn.shopify.com/s/files/1/0642/7842/9930/files/mccoy-eagles-white-autographed-stitched-football-jersey-back.jpg?v=1756763350,1,"",false,,,,,,,,oz,,43.00,true,,,active
lesean-mccoy-signed-philadelphia-white-football-jersey-beckett,,,,,,,,,,,,,,,,,,,,,,,,,,,,,,,,https://cdn.shopify.com/s/files/1/0642/7842/9930/files/mccoy-eagles-white-autographed-stitched-football-jersey-signature.jpg?v=1756763351,2,"",,,,,,,,,,,,,,,
lesean-mccoy-signed-philadelphia-white-football-jersey-beckett,,,,,,,,,,,,,,,,,,,,,,,,,,,,,,,,https://cdn.shopify.com/s/files/1/0642/7842/9930/files/mccoy-eagles-white-autographed-stitched-football-jersey-front.jpg?v=1756763351,3,"",,,,,,,,,,,,,,,
lesean-mccoy-signed-philadelphia-green-football-jersey-beckett,LeSean McCoy Signed Philadelphia Green Football Jersey (Beckett),"<p>This custom stitched football jersey has been personally hand signed by LeSean McCoy and authenticated by a top 3rd party authentication company. All autographed sports collectibles are limited! Order now to add this timeless piece of football memorabilia to your collection before it’s gone.</p><ul>
<li>Hand signed Football jersey autographed by LeSean McCoy and authenticated by Beckett</li>
<li>Includes a <em>Witnessed Protection Program</em> tamper-proof authentication sticker from Beckett</li>
<li>90-day Satisfaction Guarantee: if you are not completely satisfied with your piece of memorabilia, return the item in its original condition and receive a full refund</li>
</ul>",RSA,,Autographed Football Jerseys,"BFCM24, eagles, FB, inhouse, jersey, Jerseys, New Arrival, Season, V",true,Title,Default Title,,,,,,,,RSA-09821,907.1989147615625,shopify,9,deny,manual,64.00,89.99,true,true,,,,,,https://cdn.shopify.com/s/files/1/0642/7842/9930/files/mccoy-eagles-green-autographed-stitched-football-jersey-back.jpg?v=1756763351,1,"",false,,,,,,,,oz,,43.00,true,,,active
lesean-mccoy-signed-philadelphia-green-football-jersey-beckett,,,,,,,,,,,,,,,,,,,,,,,,,,,,,,,,https://cdn.shopify.com/s/files/1/0642/7842/9930/files/mccoy-eagles-green-autographed-stitched-football-jersey-signature.jpg?v=1756763351,2,"",,,,,,,,,,,,,,,
lesean-mccoy-signed-philadelphia-green-football-jersey-beckett,,,,,,,,,,,,,,,,,,,,,,,,,,,,,,,,https://cdn.shopify.com/s/files/1/0642/7842/9930/files/mccoy-eagles-green-autographed-stitched-football-jersey-front.jpg?v=1756763351,3,"",,,,,,,,,,,,,,,
lesean-mccoy-signed-philadelphia-black-football-jersey-beckett,LeSean McCoy Signed Philadelphia Black Football Jersey (Beckett),"<p>This custom stitched football jersey has been personally hand signed by LeSean McCoy and authenticated by a top 3rd party authentication company. All autographed sports collectibles are limited! Order now to add this timeless piece of football memorabilia to your collection before it’s gone.</p><ul>
<li>Hand signed Football jersey autographed by LeSean McCoy and authenticated by Beckett</li>
<li>Includes a <em>Witnessed Protection Program</em> tamper-proof authentication sticker from Beckett</li>
<li>90-day Satisfaction Guarantee: if you are not completely satisfied with your piece of memorabilia, return the item in its original condition and receive a full refund</li>
</ul>",RSA,,Autographed Football Jerseys,"BFCM24, eagles, FB, inhouse, jersey, Jerseys, New Arrival, Season, V, year-end",true,Title,Default Title,,,,,,,,RSA-09822,907.1989147615625,shopify,25,deny,manual,64.00,89.99,true,true,,,,,,https://cdn.shopify.com/s/files/1/0642/7842/9930/files/mccoy-eagles-black-autographed-stitched-football-jersey-back.jpg?v=1756763352,1,"",false,,,,,,,,oz,,43.00,true,,,active
lesean-mccoy-signed-philadelphia-black-football-jersey-beckett,,,,,,,,,,,,,,,,,,,,,,,,,,,,,,,,https://cdn.shopify.com/s/files/1/0642/7842/9930/files/mccoy-eagles-black-autographed-stitched-football-jersey-signature.jpg?v=1756763352,2,"",,,,,,,,,,,,,,,
lesean-mccoy-signed-philadelphia-black-football-jersey-beckett,,,,,,,,,,,,,,,,,,,,,,,,,,,,,,,,https://cdn.shopify.com/s/files/1/0642/7842/9930/files/mccoy-eagles-black-autographed-stitched-football-jersey-front.jpg?v=1756763352,3,"",,,,,,,,,,,,,,,
leonard-marshall-signed-new-york-blue-football-jersey-jsa,Leonard Marshall Signed New York Blue Football Jersey (JSA),"<ul>
<li>A professional style blue custom replica football jersey autographed by Leonard Marshall and authenticated by JSA</li>
<li>Includes a Certificate of Authenticity from JSA</li>
<li>Orders are generally shipped the same day if placed before 3pm and delivery only takes 3 to 5 days</li>
<li>
<strong>90-day Satisfaction Guarantee:</strong> if you are not completely satisfied with your piece of memorabilia, you have 90 days from when you receive it to return the item in its original condition and receive a full refund</li>
</ul>",RSA,,Autographed Football Jerseys,"03-09, 03-14, BFCM24, FB, giants, inhouse, jersey, Jerseys, New Arrival, Season, V",true,Title,Default Title,,,,,,,,RSA-06540,907.1989147615625,shopify,4,deny,manual,45.00,69.99,true,true,,,,,,https://cdn.shopify.com/s/files/1/0642/7842/9930/files/marshall-giants-blue-autographed-stitched-football-jersey-back.jpg?v=1756763353,1,"",false,,,,,,,,oz,,25.00,true,,,active
leonard-marshall-signed-new-york-blue-football-jersey-jsa,,,,,,,,,,,,,,,,,,,,,,,,,,,,,,,,https://cdn.shopify.com/s/files/1/0642/7842/9930/files/marshall-giants-blue-autographed-stitched-football-jersey-signature.jpg?v=1756763353,2,"",,,,,,,,,,,,,,,
leonard-marshall-signed-new-york-blue-football-jersey-jsa,,,,,,,,,,,,,,,,,,,,,,,,,,,,,,,,https://cdn.shopify.com/s/files/1/0642/7842/9930/files/marshall-giants-blue-autographed-stitched-football-jersey-front.jpg?v=1756763353,3,"",,,,,,,,,,,,,,,
lenny-moore-signed-hof-75-pro-edition-white-football-jersey-jsa,Lenny Moore Signed HOF 75 Pro-Edition White Football Jersey (JSA),"<ul>
<li>A professional style white custom replica football jersey autographed by Lenny Moore with HOF 75 inscription and authenticated by JSA</li>
<li>Includes a <em>Witnessed Protection Program</em> Certificate of Authenticity from JSA</li>
<li>Orders are generally shipped the same day if placed before 3pm and delivery only takes 3 to 5 days</li>
<li>
<strong>90-day Satisfaction Guarantee:</strong> if you are not completely satisfied with your piece of memorabilia, you have 90 days from when you receive it to return the item in its original condition and receive a full refund</li>
</ul>",RSA,,Autographed Football Jerseys,"49BF, Categorized, inhouse, jersey, Jerseys, MYS_HOF, MYS_product, MYS_Professional, MYS_run1-1, RSA, RSA-products, Sold-Out, Warehouse, X, year-end",true,Title,Default Title,,,,,,,,RSA-02316,450.7659225444375,shopify,49,deny,manual,43.00,59.99,true,true,,,,,,https://cdn.shopify.com/s/files/1/0642/7842/9930/files/moore-colts-hof-75-white-autographed-stitched-football-jersey-back.jpg?v=1756763353,1,"",false,,,,,,,,oz,,25.00,true,,,active
lenny-moore-signed-hof-75-pro-edition-white-football-jersey-jsa,,,,,,,,,,,,,,,,,,,,,,,,,,,,,,,,https://cdn.shopify.com/s/files/1/0642/7842/9930/files/moore-colts-hof-75-white-autographed-stitched-football-jersey-signature.jpg?v=1756763353,2,"",,,,,,,,,,,,,,,
lenny-moore-signed-hof-75-pro-edition-white-football-jersey-jsa,,,,,,,,,,,,,,,,,,,,,,,,,,,,,,,,https://cdn.shopify.com/s/files/1/0642/7842/9930/files/moore-colts-hof-75-white-autographed-stitched-football-jersey-front.jpg?v=1756763353,3,"",,,,,,,,,,,,,,,
lenny-moore-hof-75-inscription-signed-indianapolis-blue-football-jersey-jsa,Lenny Moore HOF 75 Inscription Signed Indianapolis Blue Football Jersey (JSA),"<ul>
<li>A professional-style XL stitched football jersey autographed by Lenny Moore and authenticated by JSA</li>
<li>Includes a <em></em>Certificate of Authenticity from JSA</li>
<li>Orders are generally shipped the same day if placed before 3pm and delivery only takes 3 to 5 days</li>
<li>90-day Satisfaction Guarantee: if you are not completely satisfied with your piece of memorabilia, you have 90 days from when you receive it to return the item in its original condition and receive a full refund</li>
</ul>",RSA,,Autographed Football Jerseys,"49BF, Categorized, FB, In-Stock, inhouse, jersey, Jerseys, MYS_HOF, MYS_Professional, NFL, RSA-products, Season, V, Warehouse, year-end",true,Title,Default Title,,,,,,,,RSA-01831,907.003303052,shopify,71,deny,manual,43.00,59.99,true,true,,,,,,https://cdn.shopify.com/s/files/1/0642/7842/9930/files/moore-colts-hof-75-blue-autographed-stitched-football-jersey-back.jpg?v=1756763354,1,"",false,,,,,,,,lb,,25.00,true,,,active
lenny-moore-hof-75-inscription-signed-indianapolis-blue-football-jersey-jsa,,,,,,,,,,,,,,,,,,,,,,,,,,,,,,,,https://cdn.shopify.com/s/files/1/0642/7842/9930/files/moore-colts-hof-75-blue-autographed-stitched-football-jersey-signature.jpg?v=1756763354,2,"",,,,,,,,,,,,,,,
lenny-moore-hof-75-inscription-signed-indianapolis-blue-football-jersey-jsa,,,,,,,,,,,,,,,,,,,,,,,,,,,,,,,,https://cdn.shopify.com/s/files/1/0642/7842/9930/files/moore-colts-hof-75-blue-autographed-stitched-football-jersey-front.jpg?v=1756763354,3,"",,,,,,,,,,,,,,,
lendale-white-signed-usc-college-white-football-jersey-jsa,LenDale White Signed USC College White Football Jersey (JSA),"<ul>
<li>A collegiate style white custom replica football jersey autographed by LenDale White and authenticated by JSA</li>
<li>Includes a Certificate of Authenticity from JSA</li>
<li>Orders are generally shipped the same day if placed before 3pm and delivery only takes 3 to 5 days</li>
<li>
<strong>90-day Satisfaction Guarantee:</strong> if you are not completely satisfied with your piece of memorabilia, you have 90 days from when you receive it to return the item in its original condition and receive a full refund</li>
</ul>",RSA,,Autographed Football Jerseys,"49BF, BFCM24, Categorized, FB, GoogleClearance, In-Stock, inhouse, jersey, Jerseys, MYS_Professional, RSA, RSA-products, SE, Season, V, Warehouse, year-end",true,Title,Default Title,,,,,,,,RSA-02765,907.0004680996875,shopify,20,deny,manual,35.00,59.99,true,true,,,,,,https://cdn.shopify.com/s/files/1/0642/7842/9930/files/white-trojans-white-autographed-stitched-football-jersey-back.jpg?v=1756763355,1,"",false,,,,,,,,oz,,21.00,true,,,active
lendale-white-signed-usc-college-white-football-jersey-jsa,,,,,,,,,,,,,,,,,,,,,,,,,,,,,,,,https://cdn.shopify.com/s/files/1/0642/7842/9930/files/white-trojans-white-autographed-stitched-football-jersey-signature.jpg?v=1756763355,2,"",,,,,,,,,,,,,,,
lendale-white-signed-usc-college-white-football-jersey-jsa,,,,,,,,,,,,,,,,,,,,,,,,,,,,,,,,https://cdn.shopify.com/s/files/1/0642/7842/9930/files/white-trojans-white-autographed-stitched-football-jersey-front.jpg?v=1756763355,3,"",,,,,,,,,,,,,,,
lendale-white-signed-usc-college-red-football-jersey-jsa,LenDale White Signed USC College Red Football Jersey (JSA),"<ul>
<li>A collegiate style red custom replica football jersey autographed by LenDale White and authenticated by JSA</li>
<li>Includes a Certificate of Authenticity from JSA</li>
<li>Orders are generally shipped the same day if placed before 3pm and delivery only takes 3 to 5 days</li>
<li>
<strong>90-day Satisfaction Guarantee:</strong> if you are not completely satisfied with your piece of memorabilia, you have 90 days from when you receive it to return the item in its original condition and receive a full refund</li>
</ul>",RSA,,Autographed Football Jerseys,"39BF, BFCM24, Categorized, FB, GoogleClearance, In-Stock, inhouse, jersey, Jerseys, MYS_College, MYS_product, MYS_run2-2, RSA, RSA-products, Season, V, Warehouse, year-end",true,Title,Default Title,,,,,,,,RSA-02767,907.0004680996875,shopify,16,deny,manual,35.00,59.99,true,true,,,,,,https://cdn.shopify.com/s/files/1/0642/7842/9930/files/white-trojans-red-autographed-stitched-football-jersey-back.jpg?v=1756763355,1,"",false,,,,,,,,oz,,21.00,true,,,active
lendale-white-signed-usc-college-red-football-jersey-jsa,,,,,,,,,,,,,,,,,,,,,,,,,,,,,,,,https://cdn.shopify.com/s/files/1/0642/7842/9930/files/white-trojans-red-autographed-stitched-football-jersey-signature.jpg?v=1756763355,2,"",,,,,,,,,,,,,,,
lendale-white-signed-usc-college-red-football-jersey-jsa,,,,,,,,,,,,,,,,,,,,,,,,,,,,,,,,https://cdn.shopify.com/s/files/1/0642/7842/9930/files/white-trojans-red-autographed-stitched-football-jersey-front.jpg?v=1756763355,3,"",,,,,,,,,,,,,,,
lendale-white-signed-tennessee-pro-white-football-jersey-jsa,LenDale White Signed Tennessee Pro White Football Jersey (JSA),"<ul>
<li>A professional style white custom replica football jersey autographed by LenDale White and authenticated by JSA</li>
<li>Includes a Certificate of Authenticity from JSA</li>
<li>Orders are generally shipped the same day if placed before 3pm and delivery only takes 3 to 5 days</li>
<li>
<strong>90-day Satisfaction Guarantee:</strong> if you are not completely satisfied with your piece of memorabilia, you have 90 days from when you receive it to return the item in its original condition and receive a full refund</li>
</ul>",RSA,,Autographed Football Jerseys,"39BF, BFCM24, Categorized, FB, In-Stock, inhouse, jersey, Jerseys, MYS_Professional, RSA, RSA-products, SE, Titans, V, Warehouse",true,Title,Default Title,,,,,,,,RSA-02766,907.0004680996875,shopify,2,deny,manual,35.00,59.99,true,true,,,,,,https://cdn.shopify.com/s/files/1/0642/7842/9930/files/white-titans-white-autographed-stitched-football-jersey-back.jpg?v=1756763356,1,"",false,,,,,,,,oz,,21.00,true,,,active
lendale-white-signed-tennessee-pro-white-football-jersey-jsa,,,,,,,,,,,,,,,,,,,,,,,,,,,,,,,,https://cdn.shopify.com/s/files/1/0642/7842/9930/files/white-titans-white-autographed-stitched-football-jersey-signature.jpg?v=1756763356,2,"",,,,,,,,,,,,,,,
lendale-white-signed-tennessee-pro-white-football-jersey-jsa,,,,,,,,,,,,,,,,,,,,,,,,,,,,,,,,https://cdn.shopify.com/s/files/1/0642/7842/9930/files/white-titans-white-autographed-stitched-football-jersey-front.jpg?v=1756763356,3,"",,,,,,,,,,,,,,,
lendale-white-signed-tennessee-light-blue-football-jersey-jsa,LenDale White Signed Tennessee Light Blue Football Jersey (JSA),"<ul>
<li>A professional style light blue custom replica football jersey autographed by LenDale White and authenticated by JSA</li>
<li>Includes a Certificate of Authenticity from JSA</li>
<li>Orders are generally shipped the same day if placed before 3pm and delivery only takes 3 to 5 days</li>
<li>
<strong>90-day Satisfaction Guarantee:</strong> if you are not completely satisfied with your piece of memorabilia, you have 90 days from when you receive it to return the item in its original condition and receive a full refund</li>
</ul>",RSA,,Autographed Football Jerseys,"11-25, BFCM24, FB, GoogleClearance, inhouse, jersey, Jerseys, MYS_product, MYS_Professional, MYS_run1-1, New Arrival, RSA, RSA-products, SE, Season, Titans, V, Warehouse, year-end",true,Title,Default Title,,,,,,,,RSA-04748,907.1989147615625,shopify,4,deny,manual,35.00,59.99,true,true,,,,,,https://cdn.shopify.com/s/files/1/0642/7842/9930/files/white-titans-light-blue-autographed-stitched-football-jersey-back.jpg?v=1756763356,1,"",false,,,,,,,,oz,,21.00,true,,,active
lendale-white-signed-tennessee-light-blue-football-jersey-jsa,,,,,,,,,,,,,,,,,,,,,,,,,,,,,,,,https://cdn.shopify.com/s/files/1/0642/7842/9930/files/white-titans-light-blue-autographed-stitched-football-jersey-signature.jpg?v=1756763357,2,"",,,,,,,,,,,,,,,
lendale-white-signed-tennessee-light-blue-football-jersey-jsa,,,,,,,,,,,,,,,,,,,,,,,,,,,,,,,,https://cdn.shopify.com/s/files/1/0642/7842/9930/files/white-titans-light-blue-autographed-stitched-football-jersey-front.jpg?v=1756763357,3,"",,,,,,,,,,,,,,,
lendale-white-signed-03-04-rose-bowl-champs-inscription-usc-college-red-football-jersey-jsa,LenDale White Signed 03-04 Rose Bowl Champs Inscription USC College Red Football Jersey (JSA),"<ul>
<li>A collegiate style red custom replica football jersey autographed by LenDale White with 03-04 Rose Bowl Champs inscription and authenticated by JSA</li>
<li>Includes a Certificate of Authenticity from JSA</li>
<li>Orders are generally shipped the same day if placed before 3pm and delivery only takes 3 to 5 days</li>
<li>
<strong>90-day Satisfaction Guarantee:</strong> if you are not completely satisfied with your piece of memorabilia, you have 90 days from when you receive it to return the item in its original condition and receive a full refund</li>
</ul>",RSA,,Autographed Football Jerseys,"BFCM24, College, FB, GoogleClearance, inhouse, jersey, jerseys, MYS_College, MYS_product, MYS_run2-2, New Arrival, RSA, RSA-products, Season, V, Warehouse",true,Title,Default Title,,,,,,,,RSA-05339,907.1989147615625,shopify,7,deny,manual,35.00,59.99,true,true,,,,,,https://cdn.shopify.com/s/files/1/0642/7842/9930/files/white-trojans-rosebowl-champs-red-autographed-stitched-football-jersey-back.jpg?v=1756763357,1,"",false,,,,,,,,oz,,21.00,true,,,active
lendale-white-signed-03-04-rose-bowl-champs-inscription-usc-college-red-football-jersey-jsa,,,,,,,,,,,,,,,,,,,,,,,,,,,,,,,,https://cdn.shopify.com/s/files/1/0642/7842/9930/files/white-trojans-rosebowl-champs-red-autographed-stitched-football-jersey-signature.jpg?v=1756763357,2,"",,,,,,,,,,,,,,,
lendale-white-signed-03-04-rose-bowl-champs-inscription-usc-college-red-football-jersey-jsa,,,,,,,,,,,,,,,,,,,,,,,,,,,,,,,,https://cdn.shopify.com/s/files/1/0642/7842/9930/files/white-trojans-rosebowl-champs-red-autographed-stitched-football-jersey-front.jpg?v=1756763357,3,"",,,,,,,,,,,,,,,
lawrence-taylor-signed-pro-edition-blue-stat-football-jersey-jsa,Lawrence Taylor Signed Pro-Edition Blue Stat Football Jersey (JSA),"<ul>
<li>A professional-style XL stitched football jersey autographed by Lawrence Taylorand authenticated by JSA</li>
<li>Includes a <em>Certificate of Authenticity</em> from JSA</li>
<li>Orders are generally shipped the same day if placed before 3pm and delivery only takes 3 to 5 days</li>
<li>90-day Satisfaction Guarantee: if you are not completely satisfied with your piece of memorabilia, you have 90 days from when you receive it to return the item in its original condition and receive a full refund</li>
</ul>",RSA,,Autographed Football Jerseys,"BFCM24, Categorized, FB, HD, In-Stock, inhouse, jersey, Jerseys, MYS_HOF, MYS_Professional, RSA-products, V, Warehouse",true,Title,Default Title,,,,,,,,RSA-02125,907.18474,shopify,2,deny,manual,83.00,119.99,true,true,,,,,,https://cdn.shopify.com/s/files/1/0642/7842/9930/files/taylor-giants-stats-blue-autographed-stitched-football-jersey-back.jpg?v=1756763358,1,"",false,,,,,,,,lb,,55.00,true,,,active
lawrence-taylor-signed-pro-edition-blue-stat-football-jersey-jsa,,,,,,,,,,,,,,,,,,,,,,,,,,,,,,,,https://cdn.shopify.com/s/files/1/0642/7842/9930/files/taylor-giants-stats-blue-autographed-stitched-football-jersey-signature.jpg?v=1756763358,2,"",,,,,,,,,,,,,,,
lawrence-taylor-signed-pro-edition-blue-stat-football-jersey-jsa,,,,,,,,,,,,,,,,,,,,,,,,,,,,,,,,https://cdn.shopify.com/s/files/1/0642/7842/9930/files/taylor-giants-stats-blue-autographed-stitched-football-jersey-stitching.jpg?v=1756763358,3,"",,,,,,,,,,,,,,,
lawrence-taylor-signed-pro-edition-blue-stat-football-jersey-jsa,,,,,,,,,,,,,,,,,,,,,,,,,,,,,,,,https://cdn.shopify.com/s/files/1/0642/7842/9930/files/taylor-giants-stats-blue-autographed-stitched-football-jersey-front.jpg?v=1756763359,4,"",,,,,,,,,,,,,,,
lawrence-taylor-signed-pro-edition-blue-football-jersey-beckett,Lawrence Taylor Signed Pro Edition Blue Football Jersey (JSA),"<p>A professional-style football jersey autographed by Lawrence Taylor and authenticated by JSA</p>
<p>You can read more about all the qualified companies that we use to ensure the authenticity of all our autographs and their different types of certifications on our <strong><em>Authentication Services and Certificates </em></strong>page.</p>
<p>All orders begin processing and fulfillment immediately upon payment approval and are guaranteed to ship from our warehouse within 24-48 hours.</p>
<p>The typical delivery time ranges from 3-7 business days in the Continental U.S. from our warehouse in Nashville, TN. For deliveries to HI, AK, and U.S. Territories, please allow for 7-14 business days. If you have any questions about our shipping policies, visit our <strong><em>Frequently Asked Questions</em></strong> page.</p>
<p>We back our products with a <strong><em>90-day Satisfaction Guarantee</em></strong>: if you are not completely satisfied with your piece of memorabilia, you have 90 days from the recorded delivery date to return the item and receive a full refund.</p>",RSA,,Autographed Football Jerseys,"3X FBJ, 3xHIT, Best-Seller, BSJ, Categorized, FB, FBBF, In-Stock, inhouse, jersey, Jerseys, MYS_HOF, MYS_product, MYS_Professional, MYS_run2-1, Premium, Premium-FB, RSA, RSA-Mystery, RSA-products, V, Warehouse",true,Title,Default Title,,,,,,,,RSA-01660,451.001223586375,shopify,74,deny,manual,83.00,119.99,true,true,,,,,,https://cdn.shopify.com/s/files/1/0642/7842/9930/files/taylor-giants-blue-autographed-stitched-football-jersey-back_76cf21a0-5b64-4485-bd16-c0be4055257e.jpg?v=1756763359,1,"",false,,,,,,,,oz,,55.00,true,,,active
lawrence-taylor-signed-pro-edition-blue-football-jersey-beckett,,,,,,,,,,,,,,,,,,,,,,,,,,,,,,,,https://cdn.shopify.com/s/files/1/0642/7842/9930/files/taylor-giants-blue-autographed-stitched-football-jersey-signature.jpg?v=1756763359,2,"",,,,,,,,,,,,,,,
lawrence-taylor-signed-pro-edition-blue-football-jersey-beckett,,,,,,,,,,,,,,,,,,,,,,,,,,,,,,,,https://cdn.shopify.com/s/files/1/0642/7842/9930/files/taylor-giants-blue-autographed-stitched-football-jersey-front.jpg?v=1756763359,3,"",,,,,,,,,,,,,,,
lawrence-taylor-signed-new-york-pro-white-football-jersey-jsa,Lawrence Taylor Signed New York Pro White Football Jersey (JSA),"<ul>
<li>A professional style white custom replica football jersey autographed by Lawrence Taylor and authenticated by JSA</li>
<li>Includes a Certificate of Authenticity from JSA</li>
<li>Orders are generally shipped the same day if placed before 3pm and delivery only takes 3 to 5 days</li>
<li>
<strong>90-day Satisfaction Guarantee:</strong> if you are not completely satisfied with your piece of memorabilia, you have 90 days from when you receive it to return the item in its original condition and receive a full refund</li>
</ul>",RSA,,Autographed Football Jerseys,"100+, 3X FBJ, 3xHIT, Categorized, FB, giants, inhouse, jersey, Jerseys, MYS_HOF, MYS_product, MYS_Professional, MYS_run2-2, RSA, RSA-Mystery, RSA-products, Sold-Out, Warehouse, X",true,Title,Default Title,,,,,,,,RSA-03534,907.1989147615625,shopify,2,deny,manual,83.00,119.99,true,true,,,,,,https://cdn.shopify.com/s/files/1/0642/7842/9930/files/taylor-giants-white-autographed-stitched-football-jersey-back.jpg?v=1756763360,1,"",false,,,,,,,,oz,,55.00,true,,,active
lawrence-taylor-signed-new-york-pro-white-football-jersey-jsa,,,,,,,,,,,,,,,,,,,,,,,,,,,,,,,,https://cdn.shopify.com/s/files/1/0642/7842/9930/files/taylor-giants-white-autographed-stitched-football-jersey-signature.jpg?v=1756763360,2,"",,,,,,,,,,,,,,,
lawrence-taylor-signed-new-york-pro-white-football-jersey-jsa,,,,,,,,,,,,,,,,,,,,,,,,,,,,,,,,https://cdn.shopify.com/s/files/1/0642/7842/9930/files/taylor-giants-white-autographed-stitched-football-jersey-front.jpg?v=1756763360,3,"",,,,,,,,,,,,,,,
larry-little-signed-pro-edition-teal-football-jersey-jsa-hof-inscription-included,Larry Little Signed Pro Edition Teal Football Jersey (JSA) HOF Inscription Included,"<p>A professional-style football jersey autographed by Larry Little and authenticated by JSA.</p>
 <p>This autographed piece of memorabilia comes with an official <em>Witnessed Protection Program </em>Certificate of Authenticity from James Spence Authentication LLC that guarantees the authenticity of the autograph.</p>
 <p>You can read more about all the qualified companies that we use to ensure the authenticity of all our autographs and their different types of certifications on our <strong><em>Authentication Services and Certificates </em></strong>page.</p>
 <p>All orders begin processing and fulfillment immediately upon payment approval and are guaranteed to ship from our warehouse within 24-48 hours.</p>
 <p>The typical delivery time ranges from 3-7 business days in the Continental U.S. from our warehouse in Nashville, TN. For deliveries to HI, AK, and U.S. Territories, please allow for 7-14 business days. If you have any questions about our shipping policies, visit our <strong><em>Frequently Asked Questions</em></strong> page.</p>
 <p>We back our products with a <strong><em>90-day Satisfaction Guarantee</em></strong>: if you are not completely satisfied with your piece of memorabilia, you have 90 days from the recorded delivery date to return the item and receive a full refund.</p>",RSA,,Autographed Football Jerseys,"49BF, BSJ, Categorized, FB, inhouse, jersey, Jerseys, MYS_HOF, MYS_Professional, RSA, RSA-products, Sold-Out, Warehouse, X",true,Title,Default Title,,,,,,,,RSA-01651,451.001223586375,shopify,45,deny,manual,42.00,59.99,true,true,,,,,,https://cdn.shopify.com/s/files/1/0642/7842/9930/files/little-dolphins-hof-93-blue-autographed-stitched-football-jersey-back.jpg?v=1756763360,1,"",false,,,,,,,,oz,,23.00,true,,,active
larry-little-signed-pro-edition-teal-football-jersey-jsa-hof-inscription-included,,,,,,,,,,,,,,,,,,,,,,,,,,,,,,,,https://cdn.shopify.com/s/files/1/0642/7842/9930/files/little-dolphins-hof-93-blue-autographed-stitched-football-jersey-signature.jpg?v=1756763361,2,"",,,,,,,,,,,,,,,
larry-little-signed-pro-edition-teal-football-jersey-jsa-hof-inscription-included,,,,,,,,,,,,,,,,,,,,,,,,,,,,,,,,https://cdn.shopify.com/s/files/1/0642/7842/9930/files/little-dolphins-hof-93-blue-autographed-stitched-football-jersey-front.jpg?v=1756763361,3,"",,,,,,,,,,,,,,,
larry-little-signed-pro-edition-teal-football-jersey-jsa-hof-inscription-included,,,,,,,,,,,,,,,,,,,,,,,,,,,,,,,,https://cdn.shopify.com/s/files/1/0642/7842/9930/files/jsa-wpp_dabb74c2-3dbe-47e9-9864-365d772517bd.jpg?v=1756763361,4,"",,,,,,,,,,,,,,,
kordell-stewart-signed-pittsburgh-pro-white-football-jersey-beckett,Kordell Stewart Signed Pittsburgh Pro White Football Jersey (Beckett),"<ul>
<li>A professional style white custom replica football jersey autographed by Kordell Stewart and authenticated by Beckett</li>
<li>Includes a Certificate of Authenticity from Beckett</li>
<li>Orders are generally shipped the same day if placed before 3pm and delivery only takes 3 to 5 days</li>
<li>
<strong>90-day Satisfaction Guarantee:</strong> if you are not completely satisfied with your piece of memorabilia, you have 90 days from when you receive it to return the item in its original condition and receive a full refund</li>
</ul>",RSA,,Autographed Football Jerseys,"BFCM24, Categorized, FB, In-Stock, inhouse, jersey, Jerseys, MYS_product, MYS_Professional, MYS_run2-2, RSA, RSA-products, Season, Steelers, V, Warehouse, year-end",true,Title,Default Title,,,,,,,,RSA-03517,907.1989147615625,shopify,15,deny,manual,50.00,69.99,true,true,,,,,,https://cdn.shopify.com/s/files/1/0642/7842/9930/files/stewart-steelers-white-autographed-stitched-football-jersey-back.jpg?v=1756763363,1,"",false,,,,,,,,oz,,30.00,true,,,active
kordell-stewart-signed-pittsburgh-pro-white-football-jersey-beckett,,,,,,,,,,,,,,,,,,,,,,,,,,,,,,,,https://cdn.shopify.com/s/files/1/0642/7842/9930/files/stewart-steelers-white-autographed-stitched-football-jersey-signature.jpg?v=1756763363,2,"",,,,,,,,,,,,,,,
kordell-stewart-signed-pittsburgh-pro-white-football-jersey-beckett,,,,,,,,,,,,,,,,,,,,,,,,,,,,,,,,https://cdn.shopify.com/s/files/1/0642/7842/9930/files/stewart-steelers-white-autographed-stitched-football-jersey-front.jpg?v=1756763363,3,"",,,,,,,,,,,,,,,
kordell-stewart-signed-pittsburgh-pro-color-rush-football-jersey-beckett,Kordell Stewart Signed Pittsburgh Pro Color Rush Football Jersey (Beckett),"<ul>
<li>A professional style color rush custom replica football jersey autographed by Kordell Stewart and authenticated by Beckett</li>
<li>Includes a Certificate of Authenticity from Beckett</li>
<li>Orders are generally shipped the same day if placed before 3pm and delivery only takes 3 to 5 days</li>
<li>
<strong>90-day Satisfaction Guarantee:</strong> if you are not completely satisfied with your piece of memorabilia, you have 90 days from when you receive it to return the item in its original condition and receive a full refund</li>
</ul>",RSA,,Autographed Football Jerseys,"BFCM24, Categorized, FB, In-Stock, inhouse, jersey, Jerseys, MYS_Professional, RSA-products, Season, Steelers, V, Warehouse, year-end",true,Title,Default Title,,,,,,,,RSA-03493,907.1989147615625,shopify,7,deny,manual,50.00,69.99,true,true,,,,,,https://cdn.shopify.com/s/files/1/0642/7842/9930/files/stewart-steelers-color-rush-autographed-stitched-football-jersey-back.jpg?v=1756763364,1,"",false,,,,,,,,oz,,30.00,true,,,active
kordell-stewart-signed-pittsburgh-pro-color-rush-football-jersey-beckett,,,,,,,,,,,,,,,,,,,,,,,,,,,,,,,,https://cdn.shopify.com/s/files/1/0642/7842/9930/files/stewart-steelers-color-rush-autographed-stitched-football-jersey-signature.jpg?v=1756763364,2,"",,,,,,,,,,,,,,,
kordell-stewart-signed-pittsburgh-pro-color-rush-football-jersey-beckett,,,,,,,,,,,,,,,,,,,,,,,,,,,,,,,,https://cdn.shopify.com/s/files/1/0642/7842/9930/files/stewart-steelers-color-rush-autographed-stitched-football-jersey-front.jpg?v=1756763364,3,"",,,,,,,,,,,,,,,
kordell-stewart-signed-pittsburgh-pro-black-football-jersey-beckett,Kordell Stewart Signed Pittsburgh Pro Black Football Jersey (Beckett),"<ul>
<li>A professional style black custom replica football jersey autographed by Kordell Stewart and authenticated by Beckett</li>
<li>Includes a Certificate of Authenticity from Beckett</li>
<li>Orders are generally shipped the same day if placed before 3pm and delivery only takes 3 to 5 days</li>
<li>
<strong>90-day Satisfaction Guarantee:</strong> if you are not completely satisfied with your piece of memorabilia, you have 90 days from when you receive it to return the item in its original condition and receive a full refund</li>
</ul>",RSA,,Autographed Football Jerseys,"BFCM24, Categorized, FB, In-Stock, inhouse, jersey, Jerseys, MYS_product, MYS_Professional, MYS_run2-2, RSA, RSA-products, Season, Steelers, V, Warehouse, year-end",true,Title,Default Title,,,,,,,,RSA-03492,907.1989147615625,shopify,4,deny,manual,50.00,69.99,true,true,,,,,,https://cdn.shopify.com/s/files/1/0642/7842/9930/files/stewart-steelers-black-autographed-stitched-football-jersey-back.jpg?v=1756763365,1,"",false,,,,,,,,oz,,30.00,true,,,active
kordell-stewart-signed-pittsburgh-pro-black-football-jersey-beckett,,,,,,,,,,,,,,,,,,,,,,,,,,,,,,,,https://cdn.shopify.com/s/files/1/0642/7842/9930/files/stewart-steelers-black-autographed-stitched-football-jersey-signature.jpg?v=1756763365,2,"",,,,,,,,,,,,,,,
kordell-stewart-signed-pittsburgh-pro-black-football-jersey-beckett,,,,,,,,,,,,,,,,,,,,,,,,,,,,,,,,https://cdn.shopify.com/s/files/1/0642/7842/9930/files/stewart-steelers-black-autographed-stitched-football-jersey-front.jpg?v=1756763365,3,"",,,,,,,,,,,,,,,
kevin-mawae-signed-hof-2019-inscription-tennessee-blue-football-jersey-jsa,Kevin Mawae Signed HOF 2019 Inscription Tennessee Blue Football Jersey (BECKETT),"<ul>
<li>A professional style blue custom replica football jersey autographed by Kevin Mawae with HOF 2019 inscription and authenticated by BECKETT</li>
<li>Includes a Certificate of Authenticity from BECKETT</li>
<li>Orders are generally shipped the same day if placed before 3pm and delivery only takes 3 to 5 days</li>
<li>
<strong>90-day Satisfaction Guarantee:</strong> if you are not completely satisfied with your piece of memorabilia, you have 90 days from when you receive it to return the item in its original condition and receive a full refund</li>
</ul>",RSA,,Autographed Football Jerseys,"05-25-RSA, 06-06-RSA, BFCM24, FB, inhouse, jersey, Jerseys, MYS_HOF, New Arrival, Titans, V",true,Title,Default Title,,,,,,,,RSA-07261,907.1989147615625,shopify,3,deny,manual,50.00,69.99,true,true,,,,,,https://cdn.shopify.com/s/files/1/0642/7842/9930/files/mawae-titans-hof-2019-light-blue-autographed-stitched-football-jersey-back.jpg?v=1731159972,1,"",false,,,,,,,,oz,,30.00,true,,,active
kevin-mawae-signed-hof-2019-inscription-tennessee-blue-football-jersey-jsa,,,,,,,,,,,,,,,,,,,,,,,,,,,,,,,,https://cdn.shopify.com/s/files/1/0642/7842/9930/files/mawae-titans-hof-2019-light-blue-autographed-stitched-football-jersey-signature.jpg?v=1731159974,2,"",,,,,,,,,,,,,,,
kevin-mawae-signed-hof-2019-inscription-tennessee-blue-football-jersey-jsa,,,,,,,,,,,,,,,,,,,,,,,,,,,,,,,,https://cdn.shopify.com/s/files/1/0642/7842/9930/files/mawae-titans-hof-2019-light-blue-autographed-stitched-football-jersey-front.jpg?v=1731159976,3,"",,,,,,,,,,,,,,,
kevin-mawae-signed-hof-2019-inscription-new-york-white-football-jersey-jsa,Kevin Mawae Signed HOF 2019 Inscription New York White Football Jersey (BECKETT),"<ul>
<li>A professional style white custom replica football jersey autographed by Kevin Mawae with HOF 2019 inscription and authenticated by BECKETT</li>
<li>Includes a Certificate of Authenticity from BECKETT</li>
<li>Orders are generally shipped the same day if placed before 3pm and delivery only takes 3 to 5 days</li>
<li>
<strong>90-day Satisfaction Guarantee:</strong> if you are not completely satisfied with your piece of memorabilia, you have 90 days from when you receive it to return the item in its original condition and receive a full refund</li>
</ul>",RSA,,Autographed Football Jerseys,"05-25-RSA, 06-06-RSA, BFCM24, FB, inhouse, jersey, Jerseys, Jets, MYS_HOF, New Arrival, V",true,Title,Default Title,,,,,,,,RSA-07259,907.1989147615625,shopify,13,deny,manual,50.00,69.99,true,true,,,,,,https://cdn.shopify.com/s/files/1/0642/7842/9930/files/mawae-jets-hof-2019-white-autographed-stitched-football-jersey-back.jpg?v=1756763366,1,"",false,,,,,,,,oz,,30.00,true,,,active
kevin-mawae-signed-hof-2019-inscription-new-york-white-football-jersey-jsa,,,,,,,,,,,,,,,,,,,,,,,,,,,,,,,,https://cdn.shopify.com/s/files/1/0642/7842/9930/files/mawae-jets-hof-2019-white-autographed-stitched-football-jersey-signature.jpg?v=1756763366,2,"",,,,,,,,,,,,,,,
kevin-mawae-signed-hof-2019-inscription-new-york-white-football-jersey-jsa,,,,,,,,,,,,,,,,,,,,,,,,,,,,,,,,https://cdn.shopify.com/s/files/1/0642/7842/9930/files/mawae-jets-hof-2019-white-autographed-stitched-football-jersey-front.jpg?v=1756763366,3,"",,,,,,,,,,,,,,,
kevin-mawae-signed-hof-2019-inscription-new-york-green-football-jersey-jsa,Kevin Mawae Signed HOF 2019 Inscription New York Green Football Jersey (BECKETT),"<ul>
<li>A professional style green custom replica football jersey autographed by Kevin Mawae with HOF 2019 inscription and authenticated by BECKETT </li>
<li>Includes a Certificate of Authenticity from BECKETT</li>
<li>Orders are generally shipped the same day if placed before 3pm and delivery only takes 3 to 5 days</li>
<li>
<strong>90-day Satisfaction Guarantee:</strong> if you are not completely satisfied with your piece of memorabilia, you have 90 days from when you receive it to return the item in its original condition and receive a full refund</li>
</ul>",RSA,,Autographed Football Jerseys,"05-25-RSA, 06-06-RSA, FB, inhouse, jersey, Jerseys, Jets, MYS_HOF, New Arrival, V",true,Title,Default Title,,,,,,,,RSA-07260,907.1989147615625,shopify,27,deny,manual,50.00,69.99,true,true,,,,,,https://cdn.shopify.com/s/files/1/0642/7842/9930/files/mawae-jets-hof-2019-green-autographed-stitched-football-jersey-back.jpg?v=1756763366,1,"",false,,,,,,,,oz,,30.00,true,,,active
kevin-mawae-signed-hof-2019-inscription-new-york-green-football-jersey-jsa,,,,,,,,,,,,,,,,,,,,,,,,,,,,,,,,https://cdn.shopify.com/s/files/1/0642/7842/9930/files/mawae-jets-hof-2019-green-autographed-stitched-football-jersey-signature.jpg?v=1756763367,2,"",,,,,,,,,,,,,,,
kevin-mawae-signed-hof-2019-inscription-new-york-green-football-jersey-jsa,,,,,,,,,,,,,,,,,,,,,,,,,,,,,,,,https://cdn.shopify.com/s/files/1/0642/7842/9930/files/mawae-jets-hof-2019-green-autographed-stitched-football-jersey-front.jpg?v=1756763367,3,"",,,,,,,,,,,,,,,
kenny-moore-ii-signed-indianapolis-blue-football-jersey-beckett,Kenny Moore II Signed Indianapolis Blue Football Jersey (Beckett),"<p>This custom stitched football jersey has been personally hand signed by Kenny Moore II and authenticated by a top 3rd party authentication company. All autographed sports collectibles are limited! Order now to add this timeless piece of football memorabilia to your collection before it’s gone.</p><ul>
<li>Hand signed Football jersey autographed by Kenny Moore II and authenticated by Beckett</li>
<li>Includes a <em>Witnessed Protection Program</em> tamper-proof authentication sticker from Beckett</li>
<li>90-day Satisfaction Guarantee: if you are not completely satisfied with your piece of memorabilia, return the item in its original condition and receive a full refund</li>
</ul>",RSA,,Autographed Football Jerseys,"10-18-RSA, BFCM24, colts, current, Current Star, FB, inhouse, jersey, Jerseys, New Arrival, Season, V, year-end",true,Title,Default Title,,,,,,,,RSA-10450,907.1989147615625,shopify,5,deny,manual,44.00,64.99,true,true,,,,,,https://cdn.shopify.com/s/files/1/0642/7842/9930/files/moore-ii-colts-blue-autographed-stitched-football-jersey-back.jpg?v=1756763368,1,"",false,,,,,,,,oz,,25.00,true,,,active
kenny-moore-ii-signed-indianapolis-blue-football-jersey-beckett,,,,,,,,,,,,,,,,,,,,,,,,,,,,,,,,https://cdn.shopify.com/s/files/1/0642/7842/9930/files/moore-ii-colts-blue-autographed-stitched-football-jersey-signature.jpg?v=1756763368,2,"",,,,,,,,,,,,,,,
kenny-moore-ii-signed-indianapolis-blue-football-jersey-beckett,,,,,,,,,,,,,,,,,,,,,,,,,,,,,,,,https://cdn.shopify.com/s/files/1/0642/7842/9930/files/moore-ii-colts-blue-autographed-stitched-football-jersey-front.jpg?v=1756763368,3,"",,,,,,,,,,,,,,,
ken-anderson-signed-cincinnati-pro-white-football-jersey-jsa,Ken Anderson Signed Cincinnati Pro White Football Jersey (JSA),"<ul>
<li>A professional style white custom replica football jersey autographed by Ken Anderson and authenticated by JSA</li>
<li>Includes a Certificate of Authenticity from JSA</li>
<li>Orders are generally shipped the same day if placed before 3pm and delivery only takes 3 to 5 days</li>
<li>
<strong>90-day Satisfaction Guarantee:</strong> if you are not completely satisfied with your piece of memorabilia, you have 90 days from when you receive it to return the item in its original condition and receive a full refund</li>
</ul>",RSA,,Autographed Football Jerseys,"49BF, bengals, Categorized, FB, inhouse, jersey, Jerseys, MYS_Professional, RSA-Mystery, RSA-products, Sold-Out, Warehouse, X",true,Title,Default Title,,,,,,,,RSA-02787,907.0004680996875,shopify,7,deny,manual,48.00,69.99,true,true,,,,,,https://cdn.shopify.com/s/files/1/0642/7842/9930/files/anderson-browns-white-autographed-stitched-football-jersey-back.jpg?v=1731158321,1,"",false,,,,,,,,oz,,28.00,true,,,active
ken-anderson-signed-cincinnati-pro-white-football-jersey-jsa,,,,,,,,,,,,,,,,,,,,,,,,,,,,,,,,https://cdn.shopify.com/s/files/1/0642/7842/9930/files/anderson-browns-white-autographed-stitched-football-jersey-signature.jpg?v=1731158323,2,"",,,,,,,,,,,,,,,
ken-anderson-signed-cincinnati-pro-white-football-jersey-jsa,,,,,,,,,,,,,,,,,,,,,,,,,,,,,,,,https://cdn.shopify.com/s/files/1/0642/7842/9930/files/anderson-browns-white-autographed-stitched-football-jersey-front.jpg?v=1731158325,3,"",,,,,,,,,,,,,,,
keenan-allen-autographed-pro-style-football-jersey-jsa-dark-blue,Keenan Allen Signed Chargers Dark Blue Football Jersey (JSA),"<p>This custom stitched football jersey has been personally hand signed by Keenan Allen and authenticated by a top 3rd party authentication company. All autographed sports collectibles are limited! Order now to add this timeless piece of football memorabilia to your collection before it’s gone.</p>
<ul>
<li>Hand signed Football jersey autographed by Keenan Allen and authenticated by JSA</li>
<li>Includes a <em>Witnessed Protection Program</em> tamper-proof authentication sticker from JSA</li>
<li>90-day Satisfaction Guarantee: if you are not completely satisfied with your piece of memorabilia, return the item in its original condition and receive a full refund</li>
</ul>",RSA,,Autographed Football Jerseys,"3X FBJ, Categorized, current, duplicate, FB, inhouse, jersey, Jerseys, mys_current star jer, MYS_product, MYS_Professional, MYS_run2-2, MYS_run6-1, NFL, Probowl, RSA, RSA-products, Sold-Out, Warehouse, X",true,Title,Default Title,,,,,,,,RSA-00574,907.003303052,shopify,7,deny,manual,65.00,89.99,true,true,,,,,,https://cdn.shopify.com/s/files/1/0642/7842/9930/files/allen-chargers-dark-blue-autographed-stitched-football-jersey-back.jpg?v=1761087688,1,"",false,,,,,,,,lb,,40.00,true,,,active
keenan-allen-autographed-pro-style-football-jersey-jsa-dark-blue,,,,,,,,,,,,,,,,,,,,,,,,,,,,,,,,https://cdn.shopify.com/s/files/1/0642/7842/9930/files/allen-chargers-dark-blue-autographed-stitched-football-jersey-signature.jpg?v=1761087690,2,"",,,,,,,,,,,,,,,
keenan-allen-autographed-pro-style-football-jersey-jsa-dark-blue,,,,,,,,,,,,,,,,,,,,,,,,,,,,,,,,https://cdn.shopify.com/s/files/1/0642/7842/9930/files/allen-chargers-dark-blue-autographed-stitched-football-jersey-front.jpg?v=1761087692,3,"",,,,,,,,,,,,,,,
justin-tucker-signed-pro-edition-purple-football-jersey-beckett,Justin Tucker Signed Baltimore Purple Football Jersey (Beckett),"<ul>
<li>A professional-style purple custom replica football jersey autographed by Justin Tucker and authenticated by Beckett</li>
<li>Includes a Certificate of Authenticity from Beckett</li>
<li>Orders are generally shipped the same day if placed before 3pm and delivery only takes 3 to 5 days</li>
<li>
<strong>90-day Satisfaction Guarantee:</strong> if you are not completely satisfied with your piece of memorabilia, you have 90 days from when you receive it to return the item in its original condition and receive a full refund</li>
</ul>",RSA,,Autographed Football Jerseys,"3X FBJ, Categorized, FB, inhouse, jersey, Jerseys, MYS_Professional, RSA-products, Season, Sold-Out, Warehouse, X, year-end",true,Title,Default Title,,,,,,,,RSA-01704,450.7659225444375,shopify,14,deny,manual,48.00,64.99,true,true,,,,,,https://cdn.shopify.com/s/files/1/0642/7842/9930/files/tucker-ravens-purple-autographed-stitched-football-jersey-back.jpg?v=1756763368,1,"",false,,,,,,,,oz,,30.00,true,,,active
justin-tucker-signed-pro-edition-purple-football-jersey-beckett,,,,,,,,,,,,,,,,,,,,,,,,,,,,,,,,https://cdn.shopify.com/s/files/1/0642/7842/9930/files/tucker-ravens-purple-autographed-stitched-football-jersey-signature.jpg?v=1756763369,2,"",,,,,,,,,,,,,,,
justin-tucker-signed-pro-edition-purple-football-jersey-beckett,,,,,,,,,,,,,,,,,,,,,,,,,,,,,,,,https://cdn.shopify.com/s/files/1/0642/7842/9930/files/tucker-ravens-purple-autographed-stitched-football-jersey-front.jpg?v=1756763369,3,"",,,,,,,,,,,,,,,
justin-tucker-signed-baltimore-pro-white-football-jersey-jsa,Justin Tucker Signed Baltimore Pro White Football Jersey (BECKETT),"<ul>
<li>A professional style white custom replica football jersey autographed by Justin Tucker and authenticated by BECKETT</li>
<li>Includes a Certificate of Authenticity from BECKETT</li>
<li>Orders are generally shipped the same day if placed before 3pm and delivery only takes 3 to 5 days</li>
<li>
<strong>90-day Satisfaction Guarantee:</strong> if you are not completely satisfied with your piece of memorabilia, you have 90 days from when you receive it to return the item in its original condition and receive a full refund</li>
</ul>",RSA,,Autographed Football Jerseys,"3X FBJ, Categorized, FB, inhouse, jersey, Jerseys, MYS_Professional, playoff25, Ravens, rsa-check, RSA-products, Season, Sold-Out, Warehouse, X",true,Title,Default Title,,,,,,,,RSA-03775,907.1989147615625,shopify,11,deny,manual,48.00,64.99,true,true,,,,,,https://cdn.shopify.com/s/files/1/0642/7842/9930/files/tucker-ravens-white-autographed-stitched-football-jersey-back.jpg?v=1756763369,1,"",false,,,,,,,,oz,,30.00,true,,,active
justin-tucker-signed-baltimore-pro-white-football-jersey-jsa,,,,,,,,,,,,,,,,,,,,,,,,,,,,,,,,https://cdn.shopify.com/s/files/1/0642/7842/9930/files/tucker-ravens-white-autographed-stitched-football-jersey-signature.jpg?v=1756763369,2,"",,,,,,,,,,,,,,,
justin-tucker-signed-baltimore-pro-white-football-jersey-jsa,,,,,,,,,,,,,,,,,,,,,,,,,,,,,,,,https://cdn.shopify.com/s/files/1/0642/7842/9930/files/tucker-ravens-white-autographed-stitched-football-jersey-front.jpg?v=1756763369,3,"",,,,,,,,,,,,,,,
justin-tucker-signed-baltimore-pro-color-rush-football-jersey-jsa,Justin Tucker Signed Baltimore Color Rush Football Jersey (Beckett),"<ul>
<li>A professional style color rush custom replica football jersey autographed by Justin Tucker and authenticated by Beckett </li>
<li>Includes a Certificate of Authenticity from Beckett </li>
<li>Orders are generally shipped the same day if placed before 3pm and delivery only takes 3 to 5 days</li>
<li>
<strong>90-day Satisfaction Guarantee:</strong> if you are not completely satisfied with your piece of memorabilia, you have 90 days from when you receive it to return the item in its original condition and receive a full refund</li>
</ul>",RSA,,Autographed Football Jerseys,"Categorized, FB, inhouse, jersey, Jerseys, MYS_Professional, playoff25, Ravens, rsa-check, RSA-products, Season, Sold-Out, Warehouse, X",true,Title,Default Title,,,,,,,,RSA-03773,907.1989147615625,shopify,7,deny,manual,48.00,64.99,true,true,,,,,,https://cdn.shopify.com/s/files/1/0642/7842/9930/files/tucker-ravens-color-rush-autographed-stitched-football-jersey-back.jpg?v=1756763370,1,"",false,,,,,,,,oz,,30.00,true,,,active
justin-tucker-signed-baltimore-pro-color-rush-football-jersey-jsa,,,,,,,,,,,,,,,,,,,,,,,,,,,,,,,,https://cdn.shopify.com/s/files/1/0642/7842/9930/files/tucker-ravens-color-rush-autographed-stitched-football-jersey-signature.jpg?v=1756763370,2,"",,,,,,,,,,,,,,,
justin-tucker-signed-baltimore-pro-color-rush-football-jersey-jsa,,,,,,,,,,,,,,,,,,,,,,,,,,,,,,,,https://cdn.shopify.com/s/files/1/0642/7842/9930/files/tucker-ravens-color-rush-autographed-stitched-football-jersey-front.jpg?v=1756763370,3,"",,,,,,,,,,,,,,,
justin-tucker-signed-baltimore-pro-black-football-jersey-beckett,Justin Tucker Signed Baltimore Pro Black Football Jersey (Beckett),"<ul>
<li>A professional style black custom replica football jersey autographed by Justin Tucker and authenticated by Beckett</li>
<li>Includes a Certificate of Authenticity from Beckett</li>
<li>Orders are generally shipped the same day if placed before 3pm and delivery only takes 3 to 5 days</li>
<li>
<strong>90-day Satisfaction Guarantee:</strong> if you are not completely satisfied with your piece of memorabilia, you have 90 days from when you receive it to return the item in its original condition and receive a full refund</li>
</ul>",RSA,,Autographed Football Jerseys,"3X FBJ, Categorized, FB, inhouse, jersey, Jerseys, MYS_Professional, playoff25, Ravens, rsa-check, RSA-products, Season, Sold-Out, Warehouse, X",true,Title,Default Title,,,,,,,,RSA-03774,907.1989147615625,shopify,12,deny,manual,48.00,64.99,true,true,,,,,,https://cdn.shopify.com/s/files/1/0642/7842/9930/files/tucker-ravens-black-autographed-stitched-football-jersey-back.jpg?v=1756763370,1,"",false,,,,,,,,oz,,30.00,true,,,active
justin-tucker-signed-baltimore-pro-black-football-jersey-beckett,,,,,,,,,,,,,,,,,,,,,,,,,,,,,,,,https://cdn.shopify.com/s/files/1/0642/7842/9930/files/tucker-ravens-black-autographed-stitched-football-jersey-signature.jpg?v=1756763370,2,"",,,,,,,,,,,,,,,
justin-tucker-signed-baltimore-pro-black-football-jersey-beckett,,,,,,,,,,,,,,,,,,,,,,,,,,,,,,,,https://cdn.shopify.com/s/files/1/0642/7842/9930/files/tucker-ravens-black-autographed-stitched-football-jersey-front.jpg?v=1756763371,3,"",,,,,,,,,,,,,,,
josh-jacobs-signed-green-bay-white-football-jersey-beckett,Josh Jacobs Signed Green Bay White Football Jersey (Beckett),"<p>This custom stitched football jersey has been personally hand signed by Josh Jacobs and authenticated by a top 3rd party authentication company. All autographed sports collectibles are limited! Order now to add this timeless piece of football memorabilia to your collection before it’s gone.</p><ul>
<li>Hand signed Football jersey autographed by Josh Jacobs and authenticated by Beckett</li>
<li>Includes a <em>Witnessed Protection Program</em> tamper-proof authentication sticker from Beckett</li>
<li>90-day Satisfaction Guarantee: if you are not completely satisfied with your piece of memorabilia, return the item in its original condition and receive a full refund</li>
</ul>",RSA,,Autographed Football Jerseys,"10-18-RSA, Best-Seller, BFCM24, current, Current Star, FB, inhouse, jersey, Jerseys, New Arrival, Packers, playoff25, Season, V",true,Title,Default Title,,,,,,,,RSA-10488,907.1989147615625,shopify,3,deny,manual,125.00,149.99,true,true,,,,,,https://cdn.shopify.com/s/files/1/0642/7842/9930/files/jacobs-packers-white-autographed-stitched-football-jersey-back.jpg?v=1756763373,1,"",false,,,,,,,,oz,,90.00,true,,,active
josh-jacobs-signed-green-bay-white-football-jersey-beckett,,,,,,,,,,,,,,,,,,,,,,,,,,,,,,,,https://cdn.shopify.com/s/files/1/0642/7842/9930/files/jacobs-packers-white-autographed-stitched-football-jersey-signature.jpg?v=1756763373,2,"",,,,,,,,,,,,,,,
josh-jacobs-signed-green-bay-white-football-jersey-beckett,,,,,,,,,,,,,,,,,,,,,,,,,,,,,,,,https://cdn.shopify.com/s/files/1/0642/7842/9930/files/jacobs-packers-white-autographed-stitched-football-jersey-front_f24bb67f-8e68-45b8-ad47-c5a7a9b01c24.jpg?v=1756763373,3,"",,,,,,,,,,,,,,,
josh-gordon-pro-style-autographed-football-jersey-brown-jsa,Josh Gordon Signed Cleveland Football Jersey Brown (JSA),<p>Josh Gordon Pro Style Autographed Football Jersey Brown (JSA)</p>,RSA,,Autographed Football Jerseys,"39BF, Categorized, FB, inhouse, jersey, Jerseys, MYS_Professional, NFL, RSA, RSA-products, SE, Sold-Out, Warehouse, X",true,Title,Default Title,,,,,,,,RSA-00581,907.003303052,shopify,12,deny,manual,45.00,59.99,true,true,,,,,,https://cdn.shopify.com/s/files/1/0642/7842/9930/files/gordon-browns-brn-1.png?v=1756763375,1,"",false,,,,,,,,lb,,30.00,true,,,active
josh-gordon-pro-style-autographed-football-jersey-brown-jsa,,,,,,,,,,,,,,,,,,,,,,,,,,,,,,,,https://cdn.shopify.com/s/files/1/0642/7842/9930/files/gordon-browns-brn-2.png?v=1756763375,2,"",,,,,,,,,,,,,,,
josh-gordon-pro-style-autographed-football-jersey-brown-jsa,,,,,,,,,,,,,,,,,,,,,,,,,,,,,,,,https://cdn.shopify.com/s/files/1/0642/7842/9930/files/gordon-browns-brn-3.png?v=1756763375,3,"",,,,,,,,,,,,,,,
josh-gordon-pro-style-autographed-football-jersey-brown-jsa,,,,,,,,,,,,,,,,,,,,,,,,,,,,,,,,https://cdn.shopify.com/s/files/1/0642/7842/9930/files/jsa-coa-sample_1d060306-d7a3-414f-8ebc-9f099d26492c.png?v=1756763375,4,"",,,,,,,,,,,,,,,
josh-allen-signed-buffalo-blue-football-jersey-beckett,Josh Allen Signed Buffalo Blue Football Jersey (Beckett),"<ul>
<li>A professional style blue custom replica football jersey autographed by Josh Allen and authenticated by Beckett</li>
<li>Includes a Certificate of Authenticity from Beckett</li>
<li>Orders are generally shipped the same day if placed before 3pm and delivery only takes 3 to 5 days</li>
<li>
<strong>90-day Satisfaction Guarantee:</strong> if you are not completely satisfied with your piece of memorabilia, you have 90 days from when you receive it to return the item in its original condition and receive a full refund</li>
</ul>",RSA,,Autographed Football Jerseys,"02-16, Best-Seller, BFCM24, Bills, conference, Current Star, eBay Live, FB, In-Stock, inhouse, jersey, Jerseys, playoff25, V",false,Title,Default Title,,,,,,,,RSA-06637,907.1989147615625,shopify,2,deny,manual,380.00,499.99,true,true,,,,,,https://cdn.shopify.com/s/files/1/0642/7842/9930/files/allen-bills-blue-autographed-stitched-football-jersey-back.jpg?v=1756763376,1,"",false,,,,,,,,oz,,290.00,true,,,draft
josh-allen-signed-buffalo-blue-football-jersey-beckett,,,,,,,,,,,,,,,,,,,,,,,,,,,,,,,,https://cdn.shopify.com/s/files/1/0642/7842/9930/files/allen-bills-blue-autographed-stitched-football-jersey-signature.jpg?v=1756763376,2,"",,,,,,,,,,,,,,,
josh-allen-signed-buffalo-blue-football-jersey-beckett,,,,,,,,,,,,,,,,,,,,,,,,,,,,,,,,https://cdn.shopify.com/s/files/1/0642/7842/9930/files/allen-bills-blue-autographed-stitched-football-jersey-front.jpg?v=1756763376,3,"",,,,,,,,,,,,,,,
joseph-addai-signed-indianapolis-white-football-jersey-beckett,Joseph Addai Signed Indianapolis White Football Jersey (Beckett),"<p>This custom stitched football jersey has been personally hand signed by Joseph Addai and authenticated by a top 3rd party authentication company. All autographed sports collectibles are limited! Order now to add this timeless piece of football memorabilia to your collection before it’s gone.</p><ul>
<li>Hand signed Football jersey autographed by Joseph Addai and authenticated by Beckett</li>
<li>Includes a <em>Witnessed Protection Program</em> tamper-proof authentication sticker from Beckett</li>
<li>90-day Satisfaction Guarantee: if you are not completely satisfied with your piece of memorabilia, return the item in its original condition and receive a full refund</li>
</ul>",RSA,,Autographed Football Jerseys,"10-31-RSA, BFCM24, Colts, FB, inhouse, jersey, Jerseys, New Arrival, Season, V, year-end",true,Title,Default Title,,,,,,,,RSA-10631,907.1989147615625,shopify,16,deny,manual,44.00,59.99,true,true,,,,,,https://cdn.shopify.com/s/files/1/0642/7842/9930/files/addai-colts-white-autographed-stitched-football-jersey-back.jpg?v=1756763377,1,"",false,,,,,,,,oz,,25.00,true,,,active
joseph-addai-signed-indianapolis-white-football-jersey-beckett,,,,,,,,,,,,,,,,,,,,,,,,,,,,,,,,https://cdn.shopify.com/s/files/1/0642/7842/9930/files/addai-colts-white-autographed-stitched-football-jersey-signature.jpg?v=1756763377,2,"",,,,,,,,,,,,,,,
joseph-addai-signed-indianapolis-white-football-jersey-beckett,,,,,,,,,,,,,,,,,,,,,,,,,,,,,,,,https://cdn.shopify.com/s/files/1/0642/7842/9930/files/addai-colts-white-autographed-stitched-football-jersey-front.jpg?v=1756763377,3,"",,,,,,,,,,,,,,,
jordan-poyer-signed-miami-white-football-jersey-beckett,Jordan Poyer Signed Miami White Football Jersey (Beckett),"<p>This custom stitched football jersey has been personally hand signed by Jordan  Poyer  and authenticated by a top 3rd party authentication company. All autographed sports collectibles are limited! Order now to add this timeless piece of football memorabilia to your collection before it’s gone.</p><ul>
<li>Hand signed Football jersey autographed by Jordan Poyer and authenticated by Beckett</li>
<li>Includes a <em>Witnessed Protection Program</em> tamper-proof authentication sticker from Beckett</li>
<li>90-day Satisfaction Guarantee: if you are not completely satisfied with your piece of memorabilia, return the item in its original condition and receive a full refund</li>
</ul>",RSA,,Autographed Football Jerseys,"10-31-RSA, BFCM24, Dolphins, FB, inhouse, jersey, Jerseys, New Arrival, Season, V, year-end",true,Title,Default Title,,,,,,,,RSA-10261,907.1989147615625,shopify,59,deny,manual,33.00,49.99,true,true,,,,,,https://cdn.shopify.com/s/files/1/0642/7842/9930/files/poyer-dolphins-white-autographed-stitched-football-jersey-back.jpg?v=1756763379,1,"",false,,,,,,,,oz,,30.00,true,,,active
jordan-poyer-signed-miami-white-football-jersey-beckett,,,,,,,,,,,,,,,,,,,,,,,,,,,,,,,,https://cdn.shopify.com/s/files/1/0642/7842/9930/files/poyer-dolphins-white-autographed-stitched-football-jersey-signature.jpg?v=1756763379,2,"",,,,,,,,,,,,,,,
jordan-poyer-signed-miami-white-football-jersey-beckett,,,,,,,,,,,,,,,,,,,,,,,,,,,,,,,,https://cdn.shopify.com/s/files/1/0642/7842/9930/files/poyer-dolphins-white-autographed-stitched-football-jersey-front.jpg?v=1756763379,3,"",,,,,,,,,,,,,,,
jordan-poyer-signed-miami-teal-football-jersey-beckett,Jordan Poyer Signed Miami Teal Football Jersey (Beckett),"<p>This custom stitched football jersey has been personally hand signed by Jordan Poyer and authenticated by a top 3rd party authentication company. All autographed sports collectibles are limited! Order now to add this timeless piece of football memorabilia to your collection before it’s gone.</p><ul>
<li>Hand signed Football jersey autographed by Jordan Poyer and authenticated by Beckett</li>
<li>Includes a <em>Witnessed Protection Program</em> tamper-proof authentication sticker from Beckett</li>
<li>90-day Satisfaction Guarantee: if you are not completely satisfied with your piece of memorabilia, return the item in its original condition and receive a full refund</li>
</ul>",RSA,,Autographed Football Jerseys,"09-11-RSA, BFCM24, Dolphins, eBay Live, FB, GoogleClearance, inhouse, jersey, Jerseys, New Arrival, Season, V, year-end",true,Title,Default Title,,,,,,,,RSA-10012,907.1989147615625,shopify,16,deny,manual,33.00,49.99,true,true,,,,,,https://cdn.shopify.com/s/files/1/0642/7842/9930/files/poyer-dolphins-teal-autographed-stitched-football-jersey-back_f6acff13-cc69-4cb1-a2e8-f78e14eb68a4.jpg?v=1756763379,1,"",false,,,,,,,,oz,,30.00,true,,,active
jordan-poyer-signed-miami-teal-football-jersey-beckett,,,,,,,,,,,,,,,,,,,,,,,,,,,,,,,,https://cdn.shopify.com/s/files/1/0642/7842/9930/files/poyer-dolphins-teal-autographed-stitched-football-jersey-signature_9b6e97e5-9221-4ac2-b778-903430cf7457.jpg?v=1756763379,2,"",,,,,,,,,,,,,,,
jordan-poyer-signed-miami-teal-football-jersey-beckett,,,,,,,,,,,,,,,,,,,,,,,,,,,,,,,,https://cdn.shopify.com/s/files/1/0642/7842/9930/files/poyer-dolphins-teal-autographed-stitched-football-jersey-front_bd6238b1-16d2-4393-a841-6a969620e68b.jpg?v=1756763379,3,"",,,,,,,,,,,,,,,
jordan-addison-signed-minnesota-purple-football-jersey-beckett,Jordan Addison Signed Minnesota Purple Football Jersey (Beckett),"<ul>
<li>A professional style purple custom replica football jersey autographed by Jordan Addison and authenticated by Beckett</li>
<li>Includes a Certificate of Authenticity from Beckett</li>
<li>Orders are generally shipped the same or next day and delivery only takes 3 to 5 days</li>
<li>
<strong>90-day Satisfaction Guarantee:</strong> if you are not completely satisfied with your piece of memorabilia, you have 90 days from when you receive it to return the item in its original condition and receive a full refund</li>
</ul>",RSA,,Autographed Football Jerseys,"11-25-RSA, FB, inhouse, jersey, Jerseys, New Arrival, Sold-Out, Vikings, X",true,Title,Default Title,,,,,,,,RSA-08019,907.1989147615625,shopify,15,deny,manual,97.00,129.99,true,true,,,,,,https://cdn.shopify.com/s/files/1/0642/7842/9930/files/addison-vikings-purple-autographed-stitched-football-jersey-back.jpg?v=1756763380,1,"",false,,,,,,,,oz,,75.00,true,,,active
jordan-addison-signed-minnesota-purple-football-jersey-beckett,,,,,,,,,,,,,,,,,,,,,,,,,,,,,,,,https://cdn.shopify.com/s/files/1/0642/7842/9930/files/addison-vikings-purple-autographed-stitched-football-jersey-signature.jpg?v=1756763380,2,"",,,,,,,,,,,,,,,
jordan-addison-signed-minnesota-purple-football-jersey-beckett,,,,,,,,,,,,,,,,,,,,,,,,,,,,,,,,https://cdn.shopify.com/s/files/1/0642/7842/9930/files/addison-vikings-purple-autographed-stitched-football-jersey-front.jpg?v=1756763380,3,"",,,,,,,,,,,,,,,
john-taylor-signed-san-francisco-red-football-jersey-jsa,John Taylor Signed San Francisco Red Football Jersey (JSA),"<ul>
<li>A professional style red custom replica football jersey autographed by John Taylor and authenticated by JSA</li>
<li>Includes a Certificate of Authenticity from JSA</li>
<li>Orders are generally shipped the same day if placed before 3pm and delivery only takes 3 to 5 days</li>
<li>
<strong>90-day Satisfaction Guarantee:</strong> if you are not completely satisfied with your piece of memorabilia, you have 90 days from when you receive it to return the item in its original condition and receive a full refund</li>
</ul>",RSA,,Autographed Football Jerseys,"49ers, FB, inhouse, jersey, Jerseys, MYS_Professional, New Arrival, Photograph-Final, RSA, RSA-products, V, Warehouse",true,Title,Default Title,,,,,,,,RSA-05046,907.1989147615625,shopify,38,deny,manual,43.00,59.99,true,true,,,,,,https://cdn.shopify.com/s/files/1/0642/7842/9930/files/20220722_125839copy.jpg?v=1756763381,1,"",false,,,,,,,,oz,,25.00,true,,,active
john-taylor-signed-san-francisco-red-football-jersey-jsa,,,,,,,,,,,,,,,,,,,,,,,,,,,,,,,,https://cdn.shopify.com/s/files/1/0642/7842/9930/files/20220722_125906copy.jpg?v=1756763381,2,"",,,,,,,,,,,,,,,
john-taylor-signed-san-francisco-pro-white-football-jersey-jsa,John Taylor Signed San Francisco Pro White Football Jersey Silver Ink (JSA),"<ul>
<li>A professional style white custom replica football jersey autographed by John Taylor and authenticated by JSA</li>
<li>Includes a Certificate of Authenticity from JSA</li>
<li>Orders are generally shipped the same day if placed before 3pm and delivery only takes 3 to 5 days</li>
<li>
<strong>90-day Satisfaction Guarantee:</strong> if you are not completely satisfied with your piece of memorabilia, you have 90 days from when you receive it to return the item in its original condition and receive a full refund</li>
</ul>",RSA,,Autographed Football Jerseys,"49ers, Categorized, FB, inhouse, jersey, Jerseys, MYS_Professional, RSA, RSA-Mystery, RSA-products, SF, Sold-Out, Warehouse, X",true,Title,Default Title,,,,,,,,RSA-03361,907.1989147615625,shopify,29,deny,manual,43.00,59.99,true,true,,,,,,https://cdn.shopify.com/s/files/1/0642/7842/9930/files/taylor-49ers-white-autographed-stitched-football-jersey-back.jpg?v=1756763382,1,"",false,,,,,,,,oz,,25.00,true,,,active
john-taylor-signed-san-francisco-pro-white-football-jersey-jsa,,,,,,,,,,,,,,,,,,,,,,,,,,,,,,,,https://cdn.shopify.com/s/files/1/0642/7842/9930/files/taylor-49ers-white-autographed-stitched-football-jersey-signature.jpg?v=1756763382,2,"",,,,,,,,,,,,,,,
john-taylor-signed-san-francisco-pro-white-football-jersey-jsa,,,,,,,,,,,,,,,,,,,,,,,,,,,,,,,,https://cdn.shopify.com/s/files/1/0642/7842/9930/files/taylor-49ers-white-autographed-stitched-football-jersey-front.jpg?v=1756763382,3,"",,,,,,,,,,,,,,,
john-taylor-signed-san-francisco-black-football-jersey-jsa,John Taylor Signed San Francisco Black Football Jersey (JSA),"<ul>
<li>A professional style black custom replica football jersey autographed by John Taylor and authenticated by JSA</li>
<li>Includes a Certificate of Authenticity from JSA</li>
<li>Orders are generally shipped the same day if placed before 3pm and delivery only takes 3 to 5 days</li>
<li>
<strong>90-day Satisfaction Guarantee:</strong> if you are not completely satisfied with your piece of memorabilia, you have 90 days from when you receive it to return the item in its original condition and receive a full refund</li>
</ul>",RSA,,Autographed Football Jerseys,"49ers, FB, inhouse, jersey, Jerseys, MYS_product, MYS_Professional, MYS_run1-1, MYS_run2-2, New Arrival, Photograph-Final, RSA, RSA-products, Sold-Out, Warehouse, X",true,Title,Default Title,,,,,,,,RSA-05044,907.1989147615625,shopify,49,deny,manual,43.00,59.99,true,true,,,,,,https://cdn.shopify.com/s/files/1/0642/7842/9930/files/20220722_110041copy.jpg?v=1756763383,1,"",false,,,,,,,,oz,,25.00,true,,,active
john-taylor-signed-san-francisco-black-football-jersey-jsa,,,,,,,,,,,,,,,,,,,,,,,,,,,,,,,,https://cdn.shopify.com/s/files/1/0642/7842/9930/files/20220722_110005copy.jpg?v=1756763383,2,"",,,,,,,,,,,,,,,
john-taylor-signed-san-francisco-black-football-jersey-jsa,,,,,,,,,,,,,,,,,,,,,,,,,,,,,,,,https://cdn.shopify.com/s/files/1/0642/7842/9930/files/IMG_5009.jpg?v=1756763383,3,"",,,,,,,,,,,,,,,
john-taylor-signed-pro-edition-shadow-number-red-football-jersey-jsa,John Taylor Signed Pro Edition Shadow Number Red Football Jersey (JSA),"<ul>
<li>A professional-style football jersey with shadow numbers autographed by John Taylor and authenticated by JSA.</li>
<li>This autographed piece of memorabilia comes with an official <i>Witnessed Protection Program</i> Certificate of Authenticity from James Spence Authentication LLC that guarantees the authenticity of the autograph.</li>
<li>You can read more about all the qualified companies that we use to ensure the authenticity of all our autographs and their different types of certifications on our Authentication Services and Certificates page.</li>
<li>All orders begin processing and fulfillment immediately upon payment approval and are guaranteed to ship from our warehouse within 24-48 hours.</li>
<li>We back our products with a <b>90-day Satisfaction Guarantee:</b> if you are not completely satisfied with your piece of memorabilia, you have 90 days from the recorded delivery date to return the item and receive a full refund.</li>
</ul>",RSA,,Autographed Football Jerseys,"duplicate, FB, inhouse, jersey, Jerseys, MYS_HOF, MYS_Professional, RSA-products, Sold-Out, Warehouse, X",true,Title,Default Title,,,,,,,,RSA-05690,907.18474,shopify,25,deny,manual,43.00,59.99,true,true,,,,,,https://cdn.shopify.com/s/files/1/0642/7842/9930/files/taylor-49ers-red-autographed-stitched-football-jersey-back.jpg?v=1756763383,1,"",false,,,,,,,,oz,,25.00,true,,,active
john-taylor-signed-pro-edition-shadow-number-red-football-jersey-jsa,,,,,,,,,,,,,,,,,,,,,,,,,,,,,,,,https://cdn.shopify.com/s/files/1/0642/7842/9930/files/taylor-49ers-red-autographed-stitched-football-jersey-front.jpg?v=1756763383,2,"",,,,,,,,,,,,,,,
john-david-crow-signed-57-heisman-inscription-texas-college-maroon-football-jersey-beckett,John David Crow Signed 57 Heisman Inscription Texas College Maroon Football Jersey (Beckett),"<p>This custom stitched football jersey has been personally hand signed by John David Crow and authenticated by a top 3rd party authentication company. All autographed sports collectibles are limited! Order now to add this timeless piece of football memorabilia to your collection before it’s gone.</p>
<ul>
<li>Hand signed Football jersey autographed by John David Crow with 57 Heisman inscription and authenticated by Beckett</li>
<li>Includes a <em>Witnessed Protection Program</em> tamper-proof authentication sticker from Beckett</li>
<li>90-day Satisfaction Guarantee: if you are not completely satisfied with your piece of memorabilia, return the item in its original condition and receive a full refund</li>
</ul>",RSA,,Autographed Football Jerseys,"01-29-RSA, FB, inhouse, jersey, Jerseys, MYS_College, New Arrival, V",true,Title,Default Title,,,,,,,,RSA-10158,907.1989147615625,shopify,16,deny,manual,175.00,249.99,true,true,,,,,,https://cdn.shopify.com/s/files/1/0642/7842/9930/files/crow-aggies-57-heisman-maroon-autographed-stitched-football-jersey-back.jpg?v=1756763384,1,"",false,,,,,,,,oz,,35.00,true,,,active
john-david-crow-signed-57-heisman-inscription-texas-college-maroon-football-jersey-beckett,,,,,,,,,,,,,,,,,,,,,,,,,,,,,,,,https://cdn.shopify.com/s/files/1/0642/7842/9930/files/crow-aggies-57-heisman-maroon-autographed-stitched-football-jersey-signature.jpg?v=1756763384,2,"",,,,,,,,,,,,,,,
john-david-crow-signed-57-heisman-inscription-texas-college-maroon-football-jersey-beckett,,,,,,,,,,,,,,,,,,,,,,,,,,,,,,,,https://cdn.shopify.com/s/files/1/0642/7842/9930/files/crow-aggies-57-heisman-maroon-autographed-stitched-football-jersey-front.jpg?v=1756763384,3,"",,,,,,,,,,,,,,,
joe-theismann-signed-college-hof-2003-inscription-notre-dame-college-blue-football-jersey-jsa,Joe Theismann Signed College CHOF 2003 Inscription Notre Dame Navy Football Jersey (JSA),"<ul>
<li>A collegiate style blue custom replica football jersey autographed by Joe Theismann with College HOF 2003 inscription and authenticated by JSA</li>
<li>Includes a Certificate of Authenticity from JSA</li>
<li>Orders are generally shipped the same day if placed before 3pm and delivery only takes 3 to 5 days</li>
<li>
<strong>90-day Satisfaction Guarantee:</strong> if you are not completely satisfied with your piece of memorabilia, you have 90 days from when you receive it to return the item in its original condition and receive a full refund</li>
</ul>",RSA,,Autographed Football Jerseys,"11-25, BFCM24, College, doorbuster, FB, inhouse, jersey, Jerseys, MYS_College, New Arrival, Photograph, RSA, RSA-products, V, Warehouse",true,Title,Default Title,,,,,,,,RSA-04773,907.1989147615625,shopify,6,deny,manual,55.00,79.99,true,true,,,,,,https://cdn.shopify.com/s/files/1/0642/7842/9930/files/theismann-fighting-irish-college-hof-2003-blue-autographed-stitched-football-jersey-back.jpg?v=1756763384,1,"",false,,,,,,,,oz,,37.00,true,,,active
joe-theismann-signed-college-hof-2003-inscription-notre-dame-college-blue-football-jersey-jsa,,,,,,,,,,,,,,,,,,,,,,,,,,,,,,,,https://cdn.shopify.com/s/files/1/0642/7842/9930/files/theismann-fighting-irish-college-hof-2003-blue-autographed-stitched-football-jersey-signature.jpg?v=1756763385,2,"",,,,,,,,,,,,,,,
joe-theismann-signed-college-hof-2003-inscription-notre-dame-college-blue-football-jersey-jsa,,,,,,,,,,,,,,,,,,,,,,,,,,,,,,,,https://cdn.shopify.com/s/files/1/0642/7842/9930/files/theismann-fighting-irish-college-hof-2003-blue-autographed-stitched-football-jersey-front.jpg?v=1756763385,3,"",,,,,,,,,,,,,,,
joe-theismann-signed-83-mvp-inscription-washington-pro-red-football-jersey-jsa,Joe Theismann Signed 83 MVP Inscription Washington Pro Red Football Jersey (JSA),"<ul>
<li>A professional style red custom replica football jersey autographed by Joe Theismann with 83 MVP inscription and authenticated by JSA</li>
<li>Includes a Certificate of Authenticity from JSA</li>
<li>Orders are generally shipped the same day if placed before 3pm and delivery only takes 3 to 5 days</li>
<li>
<strong>90-day Satisfaction Guarantee:</strong> if you are not completely satisfied with your piece of memorabilia, you have 90 days from when you receive it to return the item in its original condition and receive a full refund</li>
</ul>",RSA,,Autographed Football Jerseys,"3X FBJ, BFCM24, Categorized, Commanders, FB, In-Stock, inhouse, jersey, Jerseys, MYS_product, MYS_Professional, MYS_run2-2, Redskins, RSA, RSA-products, Season, V, Warehouse, year-end",true,Title,Default Title,,,,,,,,RSA-03477,907.1989147615625,shopify,128,deny,manual,55.00,79.99,true,true,,,,,,https://cdn.shopify.com/s/files/1/0642/7842/9930/files/theismann-redskins-83-mvp-red-autographed-stitched-football-jersey-back.jpg?v=1731149309,1,"",false,,,,,,,,oz,,37.00,true,,,active
joe-theismann-signed-83-mvp-inscription-washington-pro-red-football-jersey-jsa,,,,,,,,,,,,,,,,,,,,,,,,,,,,,,,,https://cdn.shopify.com/s/files/1/0642/7842/9930/files/theismann-redskins-83-mvp-red-autographed-stitched-football-jersey-signature.jpg?v=1731149311,2,"",,,,,,,,,,,,,,,
joe-theismann-signed-83-mvp-inscription-washington-pro-red-football-jersey-jsa,,,,,,,,,,,,,,,,,,,,,,,,,,,,,,,,https://cdn.shopify.com/s/files/1/0642/7842/9930/files/theismann-redskins-83-mvp-red-autographed-stitched-football-jersey-front.jpg?v=1731149313,3,"",,,,,,,,,,,,,,,
joe-mixon-signed-cincinnati-white-football-jersey-jsa,Joe Mixon Signed Cincinnati White Football Jersey (JSA),"<ul>
<li>A professional style white custom replica football jersey autographed by Joe Mixon and authenticated by JSA</li>
<li>Includes a <em>Certificate of Authenticity</em> from JSA</li>
<li>Orders are generally shipped the same day if placed before 3pm and delivery only takes 3 to 5 days</li>
<li>
<strong>90-day Satisfaction Guarantee:</strong> if you are not completely satisfied with your piece of memorabilia, you have 90 days from when you receive it to return the item in its original condition and receive a full refund</li>
</ul>",RSA,,Autographed Football Jerseys,"bengals, BFCM24, Categorized, Clearance, current, FB, In-Stock, inhouse, jersey, Jerseys, MYS_Professional, NFL, RSA-products, Season, V, Warehouse",true,Title,Default Title,,,,,,,,RSA-00039,451.001223586375,shopify,15,deny,manual,50.00,69.99,true,true,,,,,,https://cdn.shopify.com/s/files/1/0642/7842/9930/files/mixon-bengals-white-autographed-stitched-football-jersey-back.jpg?v=1756763386,1,"",false,,,,,,,,oz,,45.00,true,,,active
joe-mixon-signed-cincinnati-white-football-jersey-jsa,,,,,,,,,,,,,,,,,,,,,,,,,,,,,,,,https://cdn.shopify.com/s/files/1/0642/7842/9930/files/mixon-bengals-white-autographed-stitched-football-jersey-signature.jpg?v=1756763386,2,"",,,,,,,,,,,,,,,
joe-mixon-signed-cincinnati-white-football-jersey-jsa,,,,,,,,,,,,,,,,,,,,,,,,,,,,,,,,https://cdn.shopify.com/s/files/1/0642/7842/9930/files/mixon-bengals-white-autographed-stitched-football-jersey-front.jpg?v=1756763386,3,"",,,,,,,,,,,,,,,
joe-mixon-signed-cincinnati-vapor-limited-orange-football-jersey-jsa,Joe Mixon Signed Cincinnati Vapor Limited Orange Football Jersey (JSA),"<p>This custom stitched football jersey has been personally hand signed by Joe Mixon  and authenticated by a top 3rd party authentication company. All autographed sports collectibles are limited! Order now to add this timeless piece of football memorabilia to your collection before it’s gone.</p><ul>
<li>Custom football jersey autographed by Joe Mixon and authenticated by JSA</li>
<li>Includes a <em>Witnessed Protection Program</em> tamper-proof authentication sticker from JSA</li>
<li>
<strong>90-day Satisfaction Guarantee:</strong> if you are not completely satisfied with your piece of memorabilia, return the item in its original condition and receive a full refund</li>
</ul>",RSA,,Autographed Football Jerseys,"bengals, BFCM24, Clearance, FB, inhouse, jersey, Jerseys, Season, V, year-end",true,Title,Default Title,,,,,,,,RSA-08610,907.1989147615625,shopify,85,deny,manual,50.00,69.99,true,true,,,,,,https://cdn.shopify.com/s/files/1/0642/7842/9930/files/mixon-bengals-orange-autographed-stitched-football-jersey-back_c3a17040-2209-45ab-887a-cf8a4d032376.jpg?v=1756763387,1,"",false,,,,,,,,oz,,45.00,true,,,active
joe-mixon-signed-cincinnati-vapor-limited-orange-football-jersey-jsa,,,,,,,,,,,,,,,,,,,,,,,,,,,,,,,,https://cdn.shopify.com/s/files/1/0642/7842/9930/files/mixon-bengals-orange-autographed-stitched-football-jersey-signature_d8fbf6a1-00ae-4d47-bb2c-0ad976516568.jpg?v=1756763387,2,"",,,,,,,,,,,,,,,
joe-mixon-signed-cincinnati-vapor-limited-orange-football-jersey-jsa,,,,,,,,,,,,,,,,,,,,,,,,,,,,,,,,https://cdn.shopify.com/s/files/1/0642/7842/9930/files/mixon-bengals-orange-autographed-stitched-football-jersey-front_8766a656-dbf7-4ab2-b489-19069d42ff7c.jpg?v=1756763387,3,"",,,,,,,,,,,,,,,
joe-mixon-signed-cincinnati-orange-football-jersey-jsa,Joe Mixon Signed Cincinnati Orange Football Jersey (JSA),"<ul>
<li>A professional style orange custom replica football jersey autographed by Joe Mixon and authenticated by JSA</li>
<li>Includes a Certificate of Authenticity from JSA</li>
<li>Orders are generally shipped the same or next day and delivery only takes 3 to 5 days</li>
<li>
<strong>90-day Satisfaction Guarantee:</strong> if you are not completely satisfied with your piece of memorabilia, you have 90 days from when you receive it to return the item in its original condition and receive a full refund</li>
</ul>",RSA,,Autographed Football Jerseys,"08-03-RSA, bengals, BFCM24, Clearance, FB, In-Stock, inhouse, jersey, Jerseys, New Arrival, Season, V, year-end",true,Title,Default Title,,,,,,,,RSA-07552,907.1989147615625,shopify,70,deny,manual,50.00,69.99,true,true,,,,,,https://cdn.shopify.com/s/files/1/0642/7842/9930/files/mixon-bengals-orange-autographed-stitched-football-jersey-back.jpg?v=1756763388,1,"",false,,,,,,,,oz,,45.00,true,,,active
joe-mixon-signed-cincinnati-orange-football-jersey-jsa,,,,,,,,,,,,,,,,,,,,,,,,,,,,,,,,https://cdn.shopify.com/s/files/1/0642/7842/9930/files/mixon-bengals-orange-autographed-stitched-football-jersey-signature.jpg?v=1756763388,2,"",,,,,,,,,,,,,,,
joe-mixon-signed-cincinnati-orange-football-jersey-jsa,,,,,,,,,,,,,,,,,,,,,,,,,,,,,,,,https://cdn.shopify.com/s/files/1/0642/7842/9930/files/mixon-bengals-orange-autographed-stitched-football-jersey-front.jpg?v=1756763388,3,"",,,,,,,,,,,,,,,
joe-mixon-signed-cincinnati-grey-football-jersey-jsa,Joe Mixon Signed Cincinnati Grey Football Jersey (JSA),"<p>This custom stitched football jersey has been personally hand signed by Joe Mixon and authenticated by a top 3rd party authentication company. All autographed sports collectibles are limited! Order now to add this timeless piece of football memorabilia to your collection before it’s gone.</p><ul>
<li> Custom football jersey autographed by Joe Mixon and authenticated by JSA</li>
<li>Includes a <em>Witnessed Protection Program</em> tamper-proof authentication sticker from JSA</li>
<li>
<strong>90-day Satisfaction Guarantee:</strong> if you are not completely satisfied with your piece of memorabilia, return the item in its original condition and receive a full refund</li>
</ul>",RSA,,Autographed Football Jerseys,"bengals, BFCM24, Clearance, FB, inhouse, jersey, Jerseys, V",true,Title,Default Title,,,,,,,,RSA-08550,907.1989147615625,shopify,12,deny,manual,50.00,69.99,true,true,,,,,,https://cdn.shopify.com/s/files/1/0642/7842/9930/files/mixon-bengals-grey-autographed-stitched-football-jersey-back.jpg?v=1756763389,1,"",false,,,,,,,,oz,,45.00,true,,,active
joe-mixon-signed-cincinnati-grey-football-jersey-jsa,,,,,,,,,,,,,,,,,,,,,,,,,,,,,,,,https://cdn.shopify.com/s/files/1/0642/7842/9930/files/mixon-bengals-grey-autographed-stitched-football-jersey-signature.jpg?v=1756763389,2,"",,,,,,,,,,,,,,,
joe-mixon-signed-cincinnati-grey-football-jersey-jsa,,,,,,,,,,,,,,,,,,,,,,,,,,,,,,,,https://cdn.shopify.com/s/files/1/0642/7842/9930/files/mixon-bengals-grey-autographed-stitched-football-jersey-front.jpg?v=1756763389,3,"",,,,,,,,,,,,,,,
joe-mixon-signed-cincinnati-current-white-football-jersey-jsa,Joe Mixon Signed Cincinnati Current White Football Jersey (JSA),"<p>This custom stitched football jersey has been personally hand signed by Joe Mixon and authenticated by a top 3rd party authentication company. All autographed sports collectibles are limited! Order now to add this timeless piece of football memorabilia to your collection before it’s gone.</p><ul>
<li> Custom football jersey autographed by Joe Mixon and authenticated by JSA</li>
<li>Includes a <em>Witnessed Protection Program</em> tamper-proof authentication sticker from JSA</li>
<li>
<strong>90-day Satisfaction Guarantee:</strong> if you are not completely satisfied with your piece of memorabilia, return the item in its original condition and receive a full refund</li>
</ul>",RSA,,Autographed Football Jerseys,"bengals, BFCM24, Clearance, FB, inhouse, jersey, Jerseys, Season, V, year-end",true,Title,Default Title,,,,,,,,RSA-08551,907.1989147615625,shopify,29,deny,manual,50.00,69.99,true,true,,,,,,https://cdn.shopify.com/s/files/1/0642/7842/9930/files/mixon-bengals-current-white-autographed-stitched-football-jersey-back.jpg?v=1756763390,1,"",false,,,,,,,,oz,,45.00,true,,,active
joe-mixon-signed-cincinnati-current-white-football-jersey-jsa,,,,,,,,,,,,,,,,,,,,,,,,,,,,,,,,https://cdn.shopify.com/s/files/1/0642/7842/9930/files/mixon-bengals-current-white-autographed-stitched-football-jersey-signature.jpg?v=1756763390,2,"",,,,,,,,,,,,,,,
joe-mixon-signed-cincinnati-current-white-football-jersey-jsa,,,,,,,,,,,,,,,,,,,,,,,,,,,,,,,,https://cdn.shopify.com/s/files/1/0642/7842/9930/files/mixon-bengals-current-white-autographed-stitched-football-jersey-front.jpg?v=1756763390,3,"",,,,,,,,,,,,,,,
joe-mixon-signed-cincinnati-black-with-orange-trim-football-jersey-jsa,Joe Mixon Signed Cincinnati Black With Orange Trim Football Jersey (JSA),"<p>This custom stitched football jersey has been personally hand signed by Joe Mixon  and authenticated by a top 3rd party authentication company. All autographed sports collectibles are limited! Order now to add this timeless piece of football memorabilia to your collection before it’s gone.</p><ul>
<li>Hand signed Football jersey autographed by Joe Mixon and authenticated by JSA</li>
<li>Includes a <em>Witnessed Protection Program</em> tamper-proof authentication sticker from JSA</li>
<li>90-day Satisfaction Guarantee: if you are not completely satisfied with your piece of memorabilia, return the item in its original condition and receive a full refund</li>
</ul>",RSA,Uncategorized,Autographed Football Jerseys,"11-22-RSA, Bengals, BFCM24, FB, inhouse, jersey, Jerseys, New Arrival, Season, V, year-end",true,Title,Default Title,,,,,,,,RSA-10659,907.1989147615625,shopify,117,deny,manual,50.00,69.99,true,true,,,,,,https://cdn.shopify.com/s/files/1/0642/7842/9930/files/mixon-bengals-black-orange-trim-autographed-stitched-football-jersey-back.jpg?v=1756763391,1,"",false,,,,,,,,oz,,45.00,true,,,active
joe-mixon-signed-cincinnati-black-with-orange-trim-football-jersey-jsa,,,,,,,,,,,,,,,,,,,,,,,,,,,,,,,,https://cdn.shopify.com/s/files/1/0642/7842/9930/files/mixon-bengals-black-orange-trim-autographed-stitched-football-jersey-signature.jpg?v=1756763391,2,"",,,,,,,,,,,,,,,
joe-mixon-signed-cincinnati-black-with-orange-trim-football-jersey-jsa,,,,,,,,,,,,,,,,,,,,,,,,,,,,,,,,https://cdn.shopify.com/s/files/1/0642/7842/9930/files/mixon-bengals-black-orange-trim-autographed-stitched-football-jersey-front.jpg?v=1756763391,3,"",,,,,,,,,,,,,,,
joe-mixon-signed-cincinnati-black-gold-football-jersey-jsa,Joe Mixon Signed Cincinnati Black & Gold Football Jersey (JSA),"<p>This custom stitched football jersey has been personally hand signed by Joe  Mixon and authenticated by a top 3rd party authentication company. All autographed sports collectibles are limited! Order now to add this timeless piece of football memorabilia to your collection before it’s gone.</p><ul>
<li> Custom football jersey autographed by Joe Mixon and authenticated by JSA</li>
<li>Includes a <em>Witnessed Protection Program</em> tamper-proof authentication sticker from JSA</li>
<li>
<strong>90-day Satisfaction Guarantee:</strong> if you are not completely satisfied with your piece of memorabilia, return the item in its original condition and receive a full refund</li>
</ul>",RSA,,Autographed Football Jerseys,"08-26-RSA, bengals, BFCM24, FB, inhouse, jersey, Jerseys, Season, V",true,Title,Default Title,,,,,,,,RSA-08922,907.1989147615625,shopify,15,deny,manual,50.00,69.99,true,true,,,,,,https://cdn.shopify.com/s/files/1/0642/7842/9930/files/mixon-bengals-black-gold-autographed-stitched-football-jersey-back.jpg?v=1756763392,1,"",false,,,,,,,,oz,,45.00,true,,,active
joe-mixon-signed-cincinnati-black-gold-football-jersey-jsa,,,,,,,,,,,,,,,,,,,,,,,,,,,,,,,,https://cdn.shopify.com/s/files/1/0642/7842/9930/files/mixon-bengals-black-gold-autographed-stitched-football-jersey-signature.jpg?v=1756763392,2,"",,,,,,,,,,,,,,,
joe-mixon-signed-cincinnati-black-gold-football-jersey-jsa,,,,,,,,,,,,,,,,,,,,,,,,,,,,,,,,https://cdn.shopify.com/s/files/1/0642/7842/9930/files/mixon-bengals-black-gold-autographed-stitched-football-jersey-front.jpg?v=1756763392,3,"",,,,,,,,,,,,,,,
joe-mixon-signed-cincinnati-all-black-football-jersey-jsa,Joe Mixon Signed Cincinnati All Black Football Jersey (JSA),"<ul>
<li>A professional style black custom replica football jersey autographed by Joe Mixon and authenticated by JSA</li>
<li>Includes a <em>Certificate of Authenticity</em> from JSA</li>
<li>Orders are generally shipped the same day if placed before 3pm and delivery only takes 3 to 5 days</li>
<li>
<strong>90-day Satisfaction Guarantee:</strong> if you are not completely satisfied with your piece of memorabilia, you have 90 days from when you receive it to return the item in its original condition and receive a full refund</li>
</ul>",RSA,,Autographed Football Jerseys,"01-18, bengals, BFCM24, Categorized, Clearance, FB, In-Stock, inhouse, Jersey, Jerseys, MYS_Professional, NFL, RSA-products, Season, V, Warehouse, year-end",true,Title,Default Title,,,,,,,,RSA-00037,907.18474,shopify,112,deny,manual,50.00,69.99,true,true,,,,,,https://cdn.shopify.com/s/files/1/0642/7842/9930/files/mixon-bengals-black-autographed-stitched-football-jersey-back.jpg?v=1756763393,1,"",false,,,,,,,,oz,,45.00,true,,,active
joe-mixon-signed-cincinnati-all-black-football-jersey-jsa,,,,,,,,,,,,,,,,,,,,,,,,,,,,,,,,https://cdn.shopify.com/s/files/1/0642/7842/9930/files/mixon-bengals-black-autographed-stitched-football-jersey-signature.jpg?v=1756763393,2,"",,,,,,,,,,,,,,,
joe-mixon-signed-cincinnati-all-black-football-jersey-jsa,,,,,,,,,,,,,,,,,,,,,,,,,,,,,,,,https://cdn.shopify.com/s/files/1/0642/7842/9930/files/mixon-bengals-black-autographed-stitched-football-jersey-front.jpg?v=1756763393,3,"",,,,,,,,,,,,,,,
jim-mcmahon-signed-chicago-pro-white-football-jersey-jsa,Jim McMahon Signed Chicago Pro White Football Jersey (BECKETT ),"<ul>
<li>A professional style white custom replica football jersey autographed by Jim McMahon and authenticated by BECKETT </li>
<li>Includes a Certificate of Authenticity from BECKETT </li>
<li>Orders are generally shipped the same day if placed before 3pm and delivery only takes 3 to 5 days</li>
<li>
<strong>90-day Satisfaction Guarantee:</strong> if you are not completely satisfied with your piece of memorabilia, you have 90 days from when you receive it to return the item in its original condition and receive a full refund</li>
</ul>",RSA,,Autographed Football Jerseys,"100+, Bears, Categorized, FB, inhouse, jersey, Jerseys, MYS_Professional, RSA, rsa-check, RSA-products, Sold-Out, Warehouse, X",true,Title,Default Title,,,,,,,,RSA-03873,907.1989147615625,shopify,12,deny,manual,85.00,129.99,true,true,,,,,,https://cdn.shopify.com/s/files/1/0642/7842/9930/files/mcmahon-bears-white-autographed-stitched-football-jersey-back.jpg?v=1756763393,1,"",false,,,,,,,,oz,,60.00,true,,,active
jim-mcmahon-signed-chicago-pro-white-football-jersey-jsa,,,,,,,,,,,,,,,,,,,,,,,,,,,,,,,,https://cdn.shopify.com/s/files/1/0642/7842/9930/files/mcmahon-bears-white-autographed-stitched-football-jersey-signature.jpg?v=1756763393,2,"",,,,,,,,,,,,,,,
jim-mcmahon-signed-chicago-pro-white-football-jersey-jsa,,,,,,,,,,,,,,,,,,,,,,,,,,,,,,,,https://cdn.shopify.com/s/files/1/0642/7842/9930/files/mcmahon-bears-white-autographed-stitched-football-jersey-front.jpg?v=1756763394,3,"",,,,,,,,,,,,,,,
jim-mcmahon-autographed-pro-style-football-jersey-blue-jsa,Jim McMahon Signed Chicago Pro  Football Jersey Navy (BECKETT ),<p>Jim McMahon Autographed Pro Style Football Jersey Blue (BECKETT )</p>,RSA,,Autographed Football Jerseys,"100+, Categorized, FB, inhouse, jersey, Jerseys, MYS_Professional, NFL, RSA, RSA-products, Sold-Out, Warehouse, X",true,Title,Default Title,,,,,,,,RSA-00753,907.18474,shopify,26,deny,manual,85.00,129.99,true,true,,,,,,https://cdn.shopify.com/s/files/1/0642/7842/9930/files/mcmahon-bears-blue-autographed-stitched-football-jersey-back.jpg?v=1756763394,1,"",false,,,,,,,,lb,,60.00,true,,,active
jim-mcmahon-autographed-pro-style-football-jersey-blue-jsa,,,,,,,,,,,,,,,,,,,,,,,,,,,,,,,,https://cdn.shopify.com/s/files/1/0642/7842/9930/files/mcmahon-bears-blue-autographed-stitched-football-jersey-signature.jpg?v=1756763394,2,"",,,,,,,,,,,,,,,
jim-mcmahon-autographed-pro-style-football-jersey-blue-jsa,,,,,,,,,,,,,,,,,,,,,,,,,,,,,,,,https://cdn.shopify.com/s/files/1/0642/7842/9930/files/mcmahon-bears-blue-autographed-stitched-football-jersey-front.jpg?v=1756763394,3,"",,,,,,,,,,,,,,,
jim-langer-signed-hof-87-inscription-miami-pro-teal-football-jersey-jsa,Jim Langer Signed HOF 87 Inscription Miami Pro Teal Football Jersey (JSA),"<ul>
<li>A professional style green custom replica football jersey autographed by Jim Langer with HOF 87 inscription and authenticated by JSA</li>
<li>Includes a Certificate of Authenticity from JSA</li>
<li>Orders are generally shipped the same day if placed before 3pm and delivery only takes 3 to 5 days</li>
<li>
<strong>90-day Satisfaction Guarantee:</strong> if you are not completely satisfied with your piece of memorabilia, you have 90 days from when you receive it to return the item in its original condition and receive a full refund</li>
</ul>",RSA,,Autographed Football Jerseys,"Categorized, dolphins, FB, inhouse, jersey, Jerseys, MYS_HOF, MYS_Professional, RSA-products, Sold-Out, Warehouse, X, year-end",true,Title,Default Title,,,,,,,,RSA-02479,907.18474,shopify,38,deny,manual,53.00,69.99,true,true,,,,,,https://cdn.shopify.com/s/files/1/0642/7842/9930/files/langer-dolphins-blue-autographed-stitched-football-jersey-back.jpg?v=1756763395,1,"",false,,,,,,,,lb,,30.00,true,,,active
jim-langer-signed-hof-87-inscription-miami-pro-teal-football-jersey-jsa,,,,,,,,,,,,,,,,,,,,,,,,,,,,,,,,https://cdn.shopify.com/s/files/1/0642/7842/9930/files/langer-dolphins-blue-autographed-stitched-football-jersey-signature.jpg?v=1756763395,2,"",,,,,,,,,,,,,,,
jim-langer-signed-hof-87-inscription-miami-pro-teal-football-jersey-jsa,,,,,,,,,,,,,,,,,,,,,,,,,,,,,,,,https://cdn.shopify.com/s/files/1/0642/7842/9930/files/langer-dolphins-blue-autographed-stitched-football-jersey-front.jpg?v=1756763395,3,"",,,,,,,,,,,,,,,
jim-kelly-signed-miami-college-green-football-jersey-jsa,Jim Kelly Signed Miami College Green Football Jersey (JSA),"<ul>
<li>A collegiate style green custom replica football jersey autographed by Jim Kelly and authenticated by JSA</li>
<li>Includes a Certificate of Authenticity from JSA</li>
<li>Orders are generally shipped the same day if placed before 3pm and delivery only takes 3 to 5 days</li>
<li>
<strong>90-day Satisfaction Guarantee:</strong> if you are not completely satisfied with your piece of memorabilia, you have 90 days from when you receive it to return the item in its original condition and receive a full refund</li>
</ul>",RSA,,Autographed Football Jerseys,"3xHIT, BFCM24, Categorized, FB, inhouse, jersey, Jerseys, MYS_College, MYS_product, MYS_run2-2, Premium, Premium-FB, RSA, RSA-products, V, Warehouse",true,Title,Default Title,,,,,,,,RSA-04185,907.1989147615625,shopify,2,deny,manual,85.00,129.99,true,true,,,,,,https://cdn.shopify.com/s/files/1/0642/7842/9930/files/kelly-hurricanes-green-autographed-stitched-football-jersey-back.jpg?v=1731146047,1,"",false,,,,,,,,oz,,55.00,true,,,active
jim-kelly-signed-miami-college-green-football-jersey-jsa,,,,,,,,,,,,,,,,,,,,,,,,,,,,,,,,https://cdn.shopify.com/s/files/1/0642/7842/9930/files/kelly-hurricanes-green-autographed-stitched-football-jersey-signature.jpg?v=1731146049,2,"",,,,,,,,,,,,,,,
jim-kelly-signed-miami-college-green-football-jersey-jsa,,,,,,,,,,,,,,,,,,,,,,,,,,,,,,,,https://cdn.shopify.com/s/files/1/0642/7842/9930/files/kelly-hurricanes-green-autographed-stitched-football-jersey-front.jpg?v=1731146050,3,"",,,,,,,,,,,,,,,
jim-kelly-signed-buffalo-pro-white-football-jersey-beckett,Jim Kelly Signed Buffalo Pro White Football Jersey (Beckett),"<ul>
<li>A professional style white custom replica football jersey autographed by Jim Kelly and authenticated by Beckett</li>
<li>Includes a Certificate of Authenticity from Beckett</li>
<li>Orders are generally shipped the same day if placed before 3pm and delivery only takes 3 to 5 days</li>
<li>
<strong>90-day Satisfaction Guarantee:</strong> if you are not completely satisfied with your piece of memorabilia, you have 90 days from when you receive it to return the item in its original condition and receive a full refund</li>
</ul>",RSA,,Autographed Football Jerseys,"BFCM24, Bills, Categorized, FB, In-Stock, inhouse, jersey, Jerseys, MYS_HOF, MYS_Professional, RSA-products, Season, V, Warehouse, year-end",true,Title,Default Title,,,,,,,,RSA-03726,907.1989147615625,shopify,77,deny,manual,85.00,129.99,true,true,,,,,,https://cdn.shopify.com/s/files/1/0642/7842/9930/files/kelly-bills-white-autographed-stitched-football-jersey-back_f44fb6ae-0d9e-4324-84f2-9cae029937f0.jpg?v=1756763396,1,"",false,,,,,,,,oz,,55.00,true,,,active
jim-kelly-signed-buffalo-pro-white-football-jersey-beckett,,,,,,,,,,,,,,,,,,,,,,,,,,,,,,,,https://cdn.shopify.com/s/files/1/0642/7842/9930/files/kelly-bills-white-autographed-stitched-football-jersey-signature_63989125-80a9-4292-8693-58965745b3f0.jpg?v=1756763396,2,"",,,,,,,,,,,,,,,
jim-kelly-signed-buffalo-pro-white-football-jersey-beckett,,,,,,,,,,,,,,,,,,,,,,,,,,,,,,,,https://cdn.shopify.com/s/files/1/0642/7842/9930/files/kelly-bills-white-autographed-stitched-football-jersey-front_31c461ec-fccb-4d7a-b123-cc482f13c212.jpg?v=1756763396,3,"",,,,,,,,,,,,,,,
jim-kelly-signed-buffalo-pro-blue-football-jersey-beckett,Jim Kelly Signed Buffalo Pro Blue Football Jersey (JSA),"<ul>
<li>A professional style blue custom replica football jersey autographed by Jim Kelly and authenticated by JSA</li>
<li>Includes a Certificate of Authenticity from Beckett</li>
<li>Orders are generally shipped the same day if placed before 3pm and delivery only takes 3 to 5 days</li>
<li>
<strong>90-day Satisfaction Guarantee:</strong> if you are not completely satisfied with your piece of memorabilia, you have 90 days from when you receive it to return the item in its original condition and receive a full refund</li>
</ul>",RSA,,Autographed Football Jerseys,"BFCM24, Bills, Categorized, duplicate, FB, In-Stock, inhouse, jersey, Jerseys, MYS_HOF, MYS_Professional, Popular, RSA-products, Season, V, Warehouse, year-end",true,Title,Default Title,,,,,,,,RSA-03019,907.1989147615625,shopify,60,deny,manual,85.00,129.99,true,true,,,,,,https://cdn.shopify.com/s/files/1/0642/7842/9930/files/kelly-bills-blue-autographed-stitched-football-jersey-back.jpg?v=1756763397,1,"",false,,,,,,,,oz,,55.00,true,,,active
jim-kelly-signed-buffalo-pro-blue-football-jersey-beckett,,,,,,,,,,,,,,,,,,,,,,,,,,,,,,,,https://cdn.shopify.com/s/files/1/0642/7842/9930/files/kelly-bills-blue-autographed-stitched-football-jersey-signature.jpg?v=1756763397,2,"",,,,,,,,,,,,,,,
jim-kelly-signed-buffalo-pro-blue-football-jersey-beckett,,,,,,,,,,,,,,,,,,,,,,,,,,,,,,,,https://cdn.shopify.com/s/files/1/0642/7842/9930/files/kelly-bills-blue-autographed-stitched-football-jersey-front.jpg?v=1756763397,3,"",,,,,,,,,,,,,,,
jim-kelly-gamblers-autographed-football-jersey-black-jsa,Jim Kelly Gamblers Autographed Football Jersey Black (JSA),<p>Jim Kelly Gamblers Autographed Football Jersey Black (JSA)</p>,RSA,,Autographed Football Jerseys,"3xHIT, BFCM24, Categorized, FB, In-Stock, inhouse, jersey, Jerseys, MYS_HOF, MYS_Professional, NFL, Premium, Premium-FB, RSA, RSA-products, Season, V, Warehouse",true,Title,Default Title,,,,,,,,RSA-00015,907.003303052,shopify,22,deny,manual,85.00,129.99,true,true,,,,,,https://cdn.shopify.com/s/files/1/0642/7842/9930/files/kelly-gamblers-blk-1.png?v=1756763398,1,"",false,,,,,,,,lb,,55.00,true,,,active
jim-kelly-gamblers-autographed-football-jersey-black-jsa,,,,,,,,,,,,,,,,,,,,,,,,,,,,,,,,https://cdn.shopify.com/s/files/1/0642/7842/9930/files/kelly-gamblers-blk-2.png?v=1756763398,2,"",,,,,,,,,,,,,,,
jim-kelly-gamblers-autographed-football-jersey-black-jsa,,,,,,,,,,,,,,,,,,,,,,,,,,,,,,,,https://cdn.shopify.com/s/files/1/0642/7842/9930/files/kelly-gamblers-blk-3.png?v=1756763398,3,"",,,,,,,,,,,,,,,
jim-kelly-gamblers-autographed-football-jersey-black-jsa,,,,,,,,,,,,,,,,,,,,,,,,,,,,,,,,https://cdn.shopify.com/s/files/1/0642/7842/9930/files/jsa-coa-sample_4f25e484-d46a-4bb5-8390-60d28df37a2d.png?v=1756763398,4,"",,,,,,,,,,,,,,,
jim-kelly-autographed-pro-style-football-jersey-red-beckett,Jim Kelly Autographed pro style Football Jersey Red (Beckett),<p>Jim Kelly Autographed Football Jersey Red (Beckett)</p>,RSA,,Autographed Football Jerseys,"3X FBJ, 3xHIT, BFCM24, Bills, Categorized, FB, feature, In-Stock, inhouse, jersey, Jerseys, MYS_HOF, MYS_Professional, NFL, Premium, Premium-FB, RSA, RSA-products, V, Warehouse",true,Title,Default Title,,,,,,,,RSA-00013,907.18474,shopify,19,deny,manual,85.00,129.99,true,true,,,,,,https://cdn.shopify.com/s/files/1/0642/7842/9930/files/kelly-bills-red-1.png?v=1731145897,1,"",false,,,,,,,,lb,,55.00,true,,,active
jim-kelly-autographed-pro-style-football-jersey-red-beckett,,,,,,,,,,,,,,,,,,,,,,,,,,,,,,,,https://cdn.shopify.com/s/files/1/0642/7842/9930/files/kelly-bills-red-2.png?v=1731145899,2,"",,,,,,,,,,,,,,,
jim-kelly-autographed-pro-style-football-jersey-red-beckett,,,,,,,,,,,,,,,,,,,,,,,,,,,,,,,,https://cdn.shopify.com/s/files/1/0642/7842/9930/files/kelly-bills-red-3.png?v=1731145901,3,"",,,,,,,,,,,,,,,
jim-kelly-autographed-pro-style-football-jersey-blue-stat-beckett,Jim Kelly Autographed Pro Style Football Jersey Blue STAT (BECKETT),<p>Jim Kelly Autographed Football Jersey Blue STAT (BAS)</p>,RSA,,Autographed Football Jerseys,"BFCM24, Bills, Categorized, In-Stock, inhouse, jersey, Jerseys, MYS_HOF, MYS_Professional, RSA-products, V, Warehouse, year-end",true,Title,Default Title,,,,,,,,RSA-00091,907.18474,shopify,13,deny,manual,87.00,129.99,true,true,,,,,,https://cdn.shopify.com/s/files/1/0642/7842/9930/files/kelly-bills-insc-blu-1.png?v=1756763399,1,"",false,,,,,,,,lb,,55.00,true,,,active
jim-kelly-autographed-pro-style-football-jersey-blue-stat-beckett,,,,,,,,,,,,,,,,,,,,,,,,,,,,,,,,https://cdn.shopify.com/s/files/1/0642/7842/9930/files/kelly-bills-insc-blu-2.png?v=1756763399,2,"",,,,,,,,,,,,,,,
jim-kelly-autographed-pro-style-football-jersey-blue-stat-beckett,,,,,,,,,,,,,,,,,,,,,,,,,,,,,,,,https://cdn.shopify.com/s/files/1/0642/7842/9930/files/kelly-bills-insc-blu-4.png?v=1756763399,3,"",,,,,,,,,,,,,,,
jim-kelly-autographed-pro-style-football-jersey-blue-stat-beckett,,,,,,,,,,,,,,,,,,,,,,,,,,,,,,,,https://cdn.shopify.com/s/files/1/0642/7842/9930/files/kelly-bills-insc-blu-3.png?v=1756763399,4,"",,,,,,,,,,,,,,,
jevon-kearse-signed-florida-college-blue-football-jersey-jsa,Jevon Kearse Signed Florida College Blue Football Jersey (JSA),"<ul>
<li>A collegiate style blue custom replica football jersey autographed by Jevon Kearse and authenticated by JSA</li>
<li>Includes a Certificate of Authenticity from JSA</li>
<li>Orders are generally shipped the same day if placed before 3pm and delivery only takes 3 to 5 days</li>
<li>
<strong>90-day Satisfaction Guarantee:</strong> if you are not completely satisfied with your piece of memorabilia, you have 90 days from when you receive it to return the item in its original condition and receive a full refund</li>
</ul>",RSA,,Autographed Football Jerseys,"Categorized, FB, inhouse, jersey, Jerseys, MYS_College, RSA-products, Sold-Out, Warehouse, X",false,Title,Default Title,,,,,,,,RSA-03320,907.1989147615625,shopify,3,deny,manual,55.00,79.99,true,true,,,,,,https://cdn.shopify.com/s/files/1/0642/7842/9930/files/kearse-gators-blue-autographed-stitched-football-jersey-back.jpg?v=1731145278,1,"",false,,,,,,,,oz,,35.00,true,,,draft
jevon-kearse-signed-florida-college-blue-football-jersey-jsa,,,,,,,,,,,,,,,,,,,,,,,,,,,,,,,,https://cdn.shopify.com/s/files/1/0642/7842/9930/files/kearse-gators-blue-autographed-stitched-football-jersey-signature.jpg?v=1731145280,2,"",,,,,,,,,,,,,,,
jevon-kearse-signed-florida-college-blue-football-jersey-jsa,,,,,,,,,,,,,,,,,,,,,,,,,,,,,,,,https://cdn.shopify.com/s/files/1/0642/7842/9930/files/kearse-gators-blue-autographed-stitched-football-jersey-front.jpg?v=1731145282,3,"",,,,,,,,,,,,,,,
jessie-tuggle-signed-atlanta-white-football-jersey-jsa,Jessie Tuggle Signed Atlanta White Football Jersey (JSA),"<p>This custom stitched football jersey has been personally hand signed by Jessie Tuggle and authenticated by a top 3rd party authentication company. All autographed sports collectibles are limited! Order now to add this timeless piece of football memorabilia to your collection before it’s gone.</p><ul>
<li>Hand signed Football jersey autographed by Jessie Tuggle and authenticated by JSA</li>
<li>Includes a <em>Witnessed Protection Program</em> tamper-proof authentication sticker from JSA</li>
<li>90-day Satisfaction Guarantee: if you are not completely satisfied with your piece of memorabilia, return the item in its original condition and receive a full refund</li>
</ul>",RSA,,Autographed Football Jerseys,"10-31-RSA, BFCM24, Falcons, FB, inhouse, jersey, Jerseys, New Arrival, Season, V, year-end",true,Title,Default Title,,,,,,,,RSA-10313,907.1989147615625,shopify,73,deny,manual,42.00,59.99,true,true,,,,,,https://cdn.shopify.com/s/files/1/0642/7842/9930/files/tuggle-falcons-white-autographed-stitched-football-jersey-back.jpg?v=1756763400,1,"",false,,,,,,,,oz,,23.00,true,,,active
jessie-tuggle-signed-atlanta-white-football-jersey-jsa,,,,,,,,,,,,,,,,,,,,,,,,,,,,,,,,https://cdn.shopify.com/s/files/1/0642/7842/9930/files/tuggle-falcons-white-autographed-stitched-football-jersey-signature.jpg?v=1756763400,2,"",,,,,,,,,,,,,,,
jessie-tuggle-signed-atlanta-white-football-jersey-jsa,,,,,,,,,,,,,,,,,,,,,,,,,,,,,,,,https://cdn.shopify.com/s/files/1/0642/7842/9930/files/tuggle-falcons-white-autographed-stitched-football-jersey-front.jpg?v=1756763400,3,"",,,,,,,,,,,,,,,
jessie-tuggle-signed-atlanta-red-football-jersey-jsa,Jessie Tuggle Signed Atlanta Red Football Jersey (JSA),"<p>This custom stitched football jersey has been personally hand signed by Jessie Tuggle and authenticated by a top 3rd party authentication company. All autographed sports collectibles are limited! Order now to add this timeless piece of football memorabilia to your collection before it’s gone.</p><ul>
<li>Hand signed Football jersey autographed by Jessie Tuggle and authenticated by JSA</li>
<li>Includes a <em>Witnessed Protection Program</em> tamper-proof authentication sticker from JSA</li>
<li>90-day Satisfaction Guarantee: if you are not completely satisfied with your piece of memorabilia, return the item in its original condition and receive a full refund</li>
</ul>",RSA,,Autographed Football Jerseys,"10-31-RSA, BFCM24, Falcons, FB, inhouse, jersey, Jerseys, New Arrival, Season, V, year-end",true,Title,Default Title,,,,,,,,RSA-10312,907.1989147615625,shopify,108,deny,manual,42.00,59.99,true,true,,,,,,https://cdn.shopify.com/s/files/1/0642/7842/9930/files/tuggle-falcons-red-autographed-stitched-football-jersey-back.jpg?v=1756763400,1,"",false,,,,,,,,oz,,23.00,true,,,active
jessie-tuggle-signed-atlanta-red-football-jersey-jsa,,,,,,,,,,,,,,,,,,,,,,,,,,,,,,,,https://cdn.shopify.com/s/files/1/0642/7842/9930/files/tuggle-falcons-red-autographed-stitched-football-jersey-signature.jpg?v=1756763401,2,"",,,,,,,,,,,,,,,
jessie-tuggle-signed-atlanta-red-football-jersey-jsa,,,,,,,,,,,,,,,,,,,,,,,,,,,,,,,,https://cdn.shopify.com/s/files/1/0642/7842/9930/files/tuggle-falcons-red-autographed-stitched-football-jersey-front.jpg?v=1756763401,3,"",,,,,,,,,,,,,,,
jessie-tuggle-signed-atlanta-black-football-jersey-jsa,Jessie Tuggle Signed Atlanta Black Football Jersey (JSA),"<p>This custom stitched football jersey has been personally hand signed by Jessie Tuggle and authenticated by a top 3rd party authentication company. All autographed sports collectibles are limited! Order now to add this timeless piece of football memorabilia to your collection before it’s gone.</p><ul>
<li>Hand signed Football jersey autographed by Jessie Tuggle and authenticated by JSA</li>
<li>Includes a <em>Witnessed Protection Program</em> tamper-proof authentication sticker from JSA</li>
<li>90-day Satisfaction Guarantee: if you are not completely satisfied with your piece of memorabilia, return the item in its original condition and receive a full refund</li>
</ul>",RSA,,Autographed Football Jerseys,"10-31-RSA, BFCM24, Falcons, FB, inhouse, jersey, Jerseys, New Arrival, Season, V, year-end",true,Title,Default Title,,,,,,,,RSA-10311,907.1989147615625,shopify,97,deny,manual,42.00,59.99,true,true,,,,,,https://cdn.shopify.com/s/files/1/0642/7842/9930/files/tuggle-falcons-black-autographed-stitched-football-jersey-back.jpg?v=1756763401,1,"",false,,,,,,,,oz,,23.00,true,,,active
jessie-tuggle-signed-atlanta-black-football-jersey-jsa,,,,,,,,,,,,,,,,,,,,,,,,,,,,,,,,https://cdn.shopify.com/s/files/1/0642/7842/9930/files/tuggle-falcons-black-autographed-stitched-football-jersey-signature.jpg?v=1756763401,2,"",,,,,,,,,,,,,,,
jessie-tuggle-signed-atlanta-black-football-jersey-jsa,,,,,,,,,,,,,,,,,,,,,,,,,,,,,,,,https://cdn.shopify.com/s/files/1/0642/7842/9930/files/tuggle-falcons-black-autographed-stitched-football-jersey-front.jpg?v=1756763401,3,"",,,,,,,,,,,,,,,
jessie-bates-iii-signed-atlanta-white-football-jersey-jsa,Jessie Bates III Signed Atlanta White Football Jersey (JSA),"<p>This custom stitched football jersey has been personally hand signed by Jessie Bates and authenticated by a top 3rd party authentication company. All autographed sports collectibles are limited! Order now to add this timeless piece of football memorabilia to your collection before it’s gone.</p><ul>
<li>Hand signed Football jersey autographed by Jessie Bates and authenticated by JSA</li>
<li>Includes a <em>Witnessed Protection Program</em> tamper-proof authentication sticker from JSA</li>
<li>90-day Satisfaction Guarantee: if you are not completely satisfied with your piece of memorabilia, return the item in its original condition and receive a full refund</li>
</ul>",RSA,,Autographed Football Jerseys,"08-26-RSA, BFCM24, Current Star, Falcons, FB, inhouse, jersey, Jerseys, New Arrival, Season, V, year-end",true,Title,Default Title,,,,,,,,RSA-09974,907.1989147615625,shopify,54,deny,manual,55.00,79.99,true,true,,,,,,https://cdn.shopify.com/s/files/1/0642/7842/9930/files/bates-III-falcons-white-autographed-stitched-football-jersey-back.jpg?v=1756763402,1,"",false,,,,,,,,oz,,35.00,true,,,active
jessie-bates-iii-signed-atlanta-white-football-jersey-jsa,,,,,,,,,,,,,,,,,,,,,,,,,,,,,,,,https://cdn.shopify.com/s/files/1/0642/7842/9930/files/bates-III-falcons-white-autographed-stitched-football-jersey-signature.jpg?v=1756763402,2,"",,,,,,,,,,,,,,,
jessie-bates-iii-signed-atlanta-white-football-jersey-jsa,,,,,,,,,,,,,,,,,,,,,,,,,,,,,,,,https://cdn.shopify.com/s/files/1/0642/7842/9930/files/bates-III-falcons-white-autographed-stitched-football-jersey-front.jpg?v=1756763402,3,"",,,,,,,,,,,,,,,
jessie-bates-iii-signed-atlanta-black-football-jersey-jsa,Jessie Bates III Signed Atlanta Black Football Jersey (JSA),"<p>This custom stitched football jersey has been personally hand signed by Jessie Bates and authenticated by a top 3rd party authentication company. All autographed sports collectibles are limited! Order now to add this timeless piece of football memorabilia to your collection before it’s gone.</p><ul>
<li>Hand signed Football jersey autographed by Jessie Bates and authenticated by JSA</li>
<li>Includes a <em>Witnessed Protection Program</em> tamper-proof authentication sticker from JSA</li>
<li>90-day Satisfaction Guarantee: if you are not completely satisfied with your piece of memorabilia, return the item in its original condition and receive a full refund</li>
</ul>",RSA,,Autographed Football Jerseys,"08-26-RSA, BFCM24, Current Star, Falcons, FB, inhouse, jersey, Jerseys, New Arrival, Season, V, year-end",true,Title,Default Title,,,,,,,,RSA-09973,907.1989147615625,shopify,59,deny,manual,53.00,79.99,true,true,,,,,,https://cdn.shopify.com/s/files/1/0642/7842/9930/files/bates-III-falcons-black-autographed-stitched-football-jersey-back.jpg?v=1756763403,1,"",false,,,,,,,,oz,,35.00,true,,,active
jessie-bates-iii-signed-atlanta-black-football-jersey-jsa,,,,,,,,,,,,,,,,,,,,,,,,,,,,,,,,https://cdn.shopify.com/s/files/1/0642/7842/9930/files/bates-III-falcons-black-autographed-stitched-football-jersey-signature.jpg?v=1756763403,2,"",,,,,,,,,,,,,,,
jessie-bates-iii-signed-atlanta-black-football-jersey-jsa,,,,,,,,,,,,,,,,,,,,,,,,,,,,,,,,https://cdn.shopify.com/s/files/1/0642/7842/9930/files/bates-III-falcons-black-autographed-stitched-football-jersey-front.jpg?v=1756763403,3,"",,,,,,,,,,,,,,,
jerome-bettis-signed-pittsburgh-pro-white-football-jersey-jsa,Jerome Bettis Signed Pittsburgh Pro White Football Jersey (JSA),"<ul>
<li>A professional style white custom replica football jersey autographed by Jerome Bettis and authenticated by JSA</li>
<li>Includes a Certificate of Authenticity from JSA</li>
<li>Orders are generally shipped the same day if placed before 3pm and delivery only takes 3 to 5 days</li>
<li>
<strong>90-day Satisfaction Guarantee:</strong> if you are not completely satisfied with your piece of memorabilia, you have 90 days from when you receive it to return the item in its original condition and receive a full refund</li>
</ul>",RSA,,Autographed Football Jerseys,"Categorized, FB, inhouse, jersey, Jerseys, MYS_Professional, RSA-products, Sold-Out, Steelers, Warehouse, X",true,Title,Default Title,,,,,,,,RSA-03016,907.1989147615625,shopify,18,deny,manual,148.00,199.99,true,true,,,,,,https://cdn.shopify.com/s/files/1/0642/7842/9930/files/bettis-steelers-white-autographed-stitched-football-jersey-back.jpg?v=1756763405,1,"",false,,,,,,,,oz,,115.00,true,,,active
jerome-bettis-signed-pittsburgh-pro-white-football-jersey-jsa,,,,,,,,,,,,,,,,,,,,,,,,,,,,,,,,https://cdn.shopify.com/s/files/1/0642/7842/9930/files/bettis-steelers-white-autographed-stitched-football-jersey-signature.jpg?v=1756763405,2,"",,,,,,,,,,,,,,,
jerome-bettis-signed-pittsburgh-pro-white-football-jersey-jsa,,,,,,,,,,,,,,,,,,,,,,,,,,,,,,,,https://cdn.shopify.com/s/files/1/0642/7842/9930/files/bettis-steelers-white-autographed-stitched-football-jersey-front.jpg?v=1756763405,3,"",,,,,,,,,,,,,,,
jerome-bettis-signed-pittsburgh-black-football-jersey-beckett,Jerome Bettis Signed Pittsburgh Black  Football Jersey (JSA),"<ul>
<li>A professional style black custom replica football jersey autographed by Jerome Bettis and authenticated by JSA</li>
<li>Includes a Certificate of Authenticity from JSA</li>
<li>Orders are generally shipped the same day if placed before 3pm and delivery only takes 3 to 5 days</li>
<li>
<strong>90-day Satisfaction Guarantee:</strong> if you are not completely satisfied with your piece of memorabilia, you have 90 days from when you receive it to return the item in its original condition and receive a full refund</li>
</ul>",RSA,,Autographed Football Jerseys,"03-28-DRK, FB, inhouse, jersey, Jerseys, New Arrival, Sold-Out, Steelers, X",true,Title,Default Title,,,,,,,,RSA-06770,907.1989147615625,shopify,4,deny,manual,148.00,199.99,true,true,,,,,,https://cdn.shopify.com/s/files/1/0642/7842/9930/files/bettis-steelers-black-autographed-stitched-football-jersey-back.jpg?v=1756763405,1,"",false,,,,,,,,oz,,115.00,true,,,active
jerome-bettis-signed-pittsburgh-black-football-jersey-beckett,,,,,,,,,,,,,,,,,,,,,,,,,,,,,,,,https://cdn.shopify.com/s/files/1/0642/7842/9930/files/bettis-steelers-black-autographed-stitched-football-jersey-signature.jpg?v=1756763406,2,"",,,,,,,,,,,,,,,
jerome-bettis-signed-pittsburgh-black-football-jersey-beckett,,,,,,,,,,,,,,,,,,,,,,,,,,,,,,,,https://cdn.shopify.com/s/files/1/0642/7842/9930/files/bettis-steelers-black-autographed-stitched-football-jersey-front.jpg?v=1756763406,3,"",,,,,,,,,,,,,,,
jeff-hostetler-autographed-pro-style-blue-football-jersey-jsa,Jeff Hostetler Autographed Pro Style Blue Football Jersey (JSA),<p>Jeff Hostetler Autographed Pro Style Blue Football Jersey (JSA)</p>,RSA,,Autographed Football Jerseys,"BFCM24, Categorized, FB, In-Stock, inhouse, jersey, Jerseys, MYS_Professional, NFL, RSA-products, V, Warehouse",true,Title,Default Title,,,,,,,,RSA-00907,907.003303052,shopify,14,deny,manual,44.00,59.99,true,true,,,,,,https://cdn.shopify.com/s/files/1/0642/7842/9930/files/hostetler-giants-blu-1.png?v=1731142638,1,"",false,,,,,,,,lb,,25.00,true,,,active
jeff-hostetler-autographed-pro-style-blue-football-jersey-jsa,,,,,,,,,,,,,,,,,,,,,,,,,,,,,,,,https://cdn.shopify.com/s/files/1/0642/7842/9930/files/hostetler-giants-blu-3.png?v=1731142639,2,"",,,,,,,,,,,,,,,
jeff-hostetler-autographed-pro-style-blue-football-jersey-jsa,,,,,,,,,,,,,,,,,,,,,,,,,,,,,,,,https://cdn.shopify.com/s/files/1/0642/7842/9930/files/hostetler-giants-blu-2.png?v=1731142641,3,"",,,,,,,,,,,,,,,
jeff-blake-signed-cincinnati-pro-white-football-jersey-beckett,Jeff Blake Signed Cincinnati Pro White Football Jersey (Beckett),"<ul>
<li>A professional style white custom replica football jersey autographed by Jeff Blake and authenticated by Beckett</li>
<li>Includes a Certificate of Authenticity from Beckett</li>
<li>Orders are generally shipped the same day if placed before 3pm and delivery only takes 3 to 5 days</li>
<li>
<strong>90-day Satisfaction Guarantee:</strong> if you are not completely satisfied with your piece of memorabilia, you have 90 days from when you receive it to return the item in its original condition and receive a full refund</li>
</ul>",RSA,,Autographed Football Jerseys,"49BF, bengals, BFCM24, Categorized, FB, GoogleClearance, In-Stock, inhouse, jersey, Jerseys, MYS_Professional, RSA, RSA-products, SE, Season, V, Warehouse, year-end",true,Title,Default Title,,,,,,,,RSA-03533,907.1989147615625,shopify,99,deny,manual,45.00,59.99,true,true,,,,,,https://cdn.shopify.com/s/files/1/0642/7842/9930/files/blake-bengals-white-autographed-stitched-football-jersey-back.jpg?v=1731142443,1,"",false,,,,,,,,oz,,,true,,,active
jeff-blake-signed-cincinnati-pro-white-football-jersey-beckett,,,,,,,,,,,,,,,,,,,,,,,,,,,,,,,,https://cdn.shopify.com/s/files/1/0642/7842/9930/files/blake-bengals-white-autographed-stitched-football-jersey-signature.jpg?v=1731142445,2,"",,,,,,,,,,,,,,,
jeff-blake-signed-cincinnati-pro-white-football-jersey-beckett,,,,,,,,,,,,,,,,,,,,,,,,,,,,,,,,https://cdn.shopify.com/s/files/1/0642/7842/9930/files/blake-bengals-white-autographed-stitched-football-jersey-front.jpg?v=1731142446,3,"",,,,,,,,,,,,,,,
jc-jackson-signed-los-angeles-light-blue-football-jersey-jsa,JC Jackson Signed Los Angeles Light Blue Football Jersey (JSA),"<ul>
<li>A professional style light blue custom replica football jersey autographed by JC  Jackson and authenticated by JSA</li>
<li>Includes a <em>Witnessed Protection Program</em> Certificate of Authenticity from JSA</li>
<li>Orders are generally shipped the same day if placed before 3pm and delivery only takes 3 to 5 days</li>
<li>
<strong>90-day Satisfaction Guarantee:</strong> if you are not completely satisfied with your piece of memorabilia, you have 90 days from when you receive it to return the item in its original condition and receive a full refund</li>
</ul>",RSA,,Autographed Football Jerseys,"09-23, Chargers, Clearance, current, FB, GoogleClearance, In-Stock, inhouse, jersey, Jerseys, New Arrival, RSA-products, V, Warehouse",true,Title,Default Title,,,,,,,,RSA-05733,907.1989147615625,shopify,3,deny,manual,35.00,49.99,true,true,,,,,,https://cdn.shopify.com/s/files/1/0642/7842/9930/files/jackson-chargers-blue-autographed-stitched-football-jersey-back.jpg?v=1756763408,1,"",false,,,,,,,,oz,,30.00,true,,,active
jc-jackson-signed-los-angeles-light-blue-football-jersey-jsa,,,,,,,,,,,,,,,,,,,,,,,,,,,,,,,,https://cdn.shopify.com/s/files/1/0642/7842/9930/files/jackson-chargers-blue-autographed-stitched-football-jersey-signature.jpg?v=1756763409,2,"",,,,,,,,,,,,,,,
jc-jackson-signed-los-angeles-light-blue-football-jersey-jsa,,,,,,,,,,,,,,,,,,,,,,,,,,,,,,,,https://cdn.shopify.com/s/files/1/0642/7842/9930/files/jackson-chargers-blue-autographed-stitched-football-jersey-front.jpg?v=1756763409,3,"",,,,,,,,,,,,,,,
jc-jackson-signed-los-angeles-dark-blue-football-jersey-jsa,JC Jackson Signed Los Angeles Navy Football Jersey (JSA),"<ul>
<li>A professional style blue custom replica football jersey autographed by JC Jackson and authenticated by JSA</li>
<li>Includes a Certificate of Authenticity from JSA</li>
<li>Orders are generally shipped the same or next day and delivery only takes 3 to 5 days</li>
<li>
<strong>90-day Satisfaction Guarantee:</strong> if you are not completely satisfied with your piece of memorabilia, you have 90 days from when you receive it to return the item in its original condition and receive a full refund</li>
</ul>",RSA,Uncategorized,Autographed Football Jerseys,"09-05-RSA, Chargers, Clearance, current, FB, GoogleClearance, inhouse, jersey, Jerseys, New Arrival, V",true,Title,Default Title,,,,,,,,RSA-07695,907.1989147615625,shopify,8,deny,manual,35.00,49.99,true,true,,,,,,https://cdn.shopify.com/s/files/1/0642/7842/9930/files/jackson-chargers-dark-blue-autographed-stitched-football-jersey-back.jpg?v=1756763409,1,"",false,,,,,,,,oz,,30.00,true,,,active
jc-jackson-signed-los-angeles-dark-blue-football-jersey-jsa,,,,,,,,,,,,,,,,,,,,,,,,,,,,,,,,https://cdn.shopify.com/s/files/1/0642/7842/9930/files/jackson-chargers-dark-blue-autographed-stitched-football-jersey-signature.jpg?v=1756763409,2,"",,,,,,,,,,,,,,,
jc-jackson-signed-los-angeles-dark-blue-football-jersey-jsa,,,,,,,,,,,,,,,,,,,,,,,,,,,,,,,,https://cdn.shopify.com/s/files/1/0642/7842/9930/files/jackson-chargers-dark-blue-autographed-stitched-football-jersey-front.jpg?v=1756763409,3,"",,,,,,,,,,,,,,,
terrell-suggs-signed-baltimore-white-football-jersey-jsa,Terrell Suggs Signed Baltimore White Football Jersey (JSA),"<ul>
<li>A professional style white custom replica football jersey autographed by Terrell Suggs and authenticated by JSA</li>
<li>Includes a Certificate of Authenticity from JSA</li>
<li>Orders are generally shipped the same day if placed before 3pm and delivery only takes 3 to 5 days</li>
<li>
<strong>90-day Satisfaction Guarantee:</strong> if you are not completely satisfied with your piece of memorabilia, you have 90 days from when you receive it to return the item in its original condition and receive a full refund</li>
</ul>",RSA,,Autographed Football Jerseys,"3X FBJ, 3xHIT, Darkside, FB, inhouse, jersey, Jerseys, MYS_product, MYS_Professional, MYS_run2-1, New Arrival, Premium, Premium-FB, Ravens, RSA, RSA-products, Sold-Out, Warehouse, X",true,Title,Default Title,,,,,,,,RSA-05038,907.1989147615625,shopify,28,deny,manual,67.00,99.99,true,true,,,,,,https://cdn.shopify.com/s/files/1/0642/7842/9930/files/suggs-ravens-white-autographed-stitched-football-jersey-back.jpg?v=1756763410,1,"",false,,,,,,,,oz,,45.00,true,,,active
terrell-suggs-signed-baltimore-white-football-jersey-jsa,,,,,,,,,,,,,,,,,,,,,,,,,,,,,,,,https://cdn.shopify.com/s/files/1/0642/7842/9930/files/suggs-ravens-white-autographed-stitched-football-jersey-signature.jpg?v=1756763410,2,"",,,,,,,,,,,,,,,
terrell-suggs-signed-baltimore-white-football-jersey-jsa,,,,,,,,,,,,,,,,,,,,,,,,,,,,,,,,https://cdn.shopify.com/s/files/1/0642/7842/9930/files/suggs-ravens-white-autographed-stitched-football-jersey-front.jpg?v=1756763410,3,"",,,,,,,,,,,,,,,
terrell-suggs-signed-baltimore-purple-football-jersey-jsa,Terrell Suggs Signed Baltimore Purple Football Jersey (JSA),"<ul>
<li>A professional style purple custom replica football jersey autographed by Terrell Suggs and authenticated by JSA</li>
<li>Includes a Certificate of Authenticity from JSA</li>
<li>Orders are generally shipped the same day if placed before 3pm and delivery only takes 3 to 5 days</li>
<li>
<strong>90-day Satisfaction Guarantee:</strong> if you are not completely satisfied with your piece of memorabilia, you have 90 days from when you receive it to return the item in its original condition and receive a full refund</li>
</ul>",RSA,,Autographed Football Jerseys,"100+, 3X FBJ, 3xHIT, Darkside, FB, inhouse, jersey, Jerseys, MYS_HOF, MYS_product, MYS_Professional, MYS_run2-1, New Arrival, Ravens, RSA, RSA-Mystery, RSA-products, Sold-Out, Warehouse, X",true,Title,Default Title,,,,,,,,RSA-05037,907.1989147615625,shopify,2,deny,manual,67.00,99.99,true,true,,,,,,https://cdn.shopify.com/s/files/1/0642/7842/9930/files/suggs-ravens-purple-autographed-stitched-football-jersey-back.jpg?v=1756763411,1,"",false,,,,,,,,oz,,45.00,true,,,active
terrell-suggs-signed-baltimore-purple-football-jersey-jsa,,,,,,,,,,,,,,,,,,,,,,,,,,,,,,,,https://cdn.shopify.com/s/files/1/0642/7842/9930/files/suggs-ravens-purple-autographed-stitched-football-jersey-signature.jpg?v=1756763411,2,"",,,,,,,,,,,,,,,
terrell-suggs-signed-baltimore-purple-football-jersey-jsa,,,,,,,,,,,,,,,,,,,,,,,,,,,,,,,,https://cdn.shopify.com/s/files/1/0642/7842/9930/files/suggs-ravens-purple-autographed-stitched-football-jersey-front.jpg?v=1756763411,3,"",,,,,,,,,,,,,,,
terrell-suggs-signed-baltimore-black-football-jersey-jsa,Terrell Suggs Signed Baltimore Black Football Jersey (JSA),"<ul>
<li>A professional style black custom replica football jersey autographed by Terrell Suggs and authenticated by JSA</li>
<li>Includes a Certificate of Authenticity from JSA</li>
<li>Orders are generally shipped the same day if placed before 3pm and delivery only takes 3 to 5 days</li>
<li>
<strong>90-day Satisfaction Guarantee:</strong> if you are not completely satisfied with your piece of memorabilia, you have 90 days from when you receive it to return the item in its original condition and receive a full refund</li>
</ul>",RSA,,Autographed Football Jerseys,"100+, 3X FBJ, 3xHIT, Darkside, FB, inhouse, jersey, Jerseys, MYS_HOF, MYS_product, MYS_Professional, MYS_run2-2, New Arrival, Premium, Premium-FB, Ravens, RSA, RSA-Mystery, RSA-products, Sold-Out, Warehouse, X",true,Title,Default Title,,,,,,,,RSA-05039,907.1989147615625,shopify,15,deny,manual,67.00,99.99,true,true,,,,,,https://cdn.shopify.com/s/files/1/0642/7842/9930/files/suggs-ravens-black-autographed-stitched-football-jersey-back.jpg?v=1756763412,1,"",false,,,,,,,,oz,,45.00,true,,,active
terrell-suggs-signed-baltimore-black-football-jersey-jsa,,,,,,,,,,,,,,,,,,,,,,,,,,,,,,,,https://cdn.shopify.com/s/files/1/0642/7842/9930/files/suggs-ravens-black-autographed-stitched-football-jersey-signature.jpg?v=1756763412,2,"",,,,,,,,,,,,,,,
terrell-suggs-signed-baltimore-black-football-jersey-jsa,,,,,,,,,,,,,,,,,,,,,,,,,,,,,,,,https://cdn.shopify.com/s/files/1/0642/7842/9930/files/suggs-ravens-black-autographed-stitched-football-jersey-front.jpg?v=1756763412,3,"",,,,,,,,,,,,,,,
terrell-owens-signed-san-francisco-red-stats-football-jersey-jsa,Terrell Owens Signed San Francisco Red Stats Football Jersey (JSA),"<p>This custom stitched football jersey has been personally hand signed by Terrell Owens and authenticated by a top 3rd party authentication company. All autographed sports collectibles are limited! Order now to add this timeless piece of football memorabilia to your collection before it’s gone.</p>
<ul>
<li>Hand signed Football jersey autographed by Terrell Owens and authenticated by JSA</li>
<li>Includes a <em>Witnessed Protection Program</em> tamper-proof authentication sticker from JSA</li>
<li>90-day Satisfaction Guarantee: if you are not completely satisfied with your piece of memorabilia, return the item in its original condition and receive a full refund</li>
</ul>",RSA,,Autographed Football Jerseys,"09-11-RSA, 49ers, BFCM24, FB, inhouse, jersey, Jerseys, New Arrival, Season, V, year-end",true,Title,Default Title,,,,,,,,RSA-10079,907.1989147615625,shopify,29,deny,manual,310.00,329.99,true,true,,,,,,https://cdn.shopify.com/s/files/1/0642/7842/9930/files/owens-49ers-stats-red-autographed-stitched-football-jersey-back.jpg?v=1756763413,1,"",false,,,,,,,,oz,,300.00,true,,,active
terrell-owens-signed-san-francisco-red-stats-football-jersey-jsa,,,,,,,,,,,,,,,,,,,,,,,,,,,,,,,,https://cdn.shopify.com/s/files/1/0642/7842/9930/files/owens-49ers-stats-red-autographed-stitched-football-jersey-front.jpg?v=1756763413,2,"",,,,,,,,,,,,,,,
terrell-owens-signed-san-francisco-red-football-jersey-jsa-1,Terrell Owens Signed San Francisco Red Football Jersey (JSA),"<p>This custom stitched football jersey has been personally hand signed by Terrell Owens and authenticated by a top 3rd party authentication company. All autographed sports collectibles are limited! Order now to add this timeless piece of football memorabilia to your collection before it’s gone.</p><ul>
<li>Hand signed Football jersey autographed by Terrell Owens and authenticated by JSA</li>
<li>Includes a <em>Witnessed Protection Program</em> tamper-proof authentication sticker from JSA</li>
<li>90-day Satisfaction Guarantee: if you are not completely satisfied with your piece of memorabilia, return the item in its original condition and receive a full refund</li>
</ul>",RSA,,Autographed Football Jerseys,"09-11-RSA, 49ers, BFCM24, FB, inhouse, jersey, Jerseys, New Arrival, Season, V",true,Title,Default Title,,,,,,,,RSA-10080,907.1989147615625,shopify,16,deny,manual,310.00,329.99,true,true,,,,,,https://cdn.shopify.com/s/files/1/0642/7842/9930/files/owens-49ers-red-autographed-stitched-football-jersey-back_a130fc29-e583-411d-a657-fb954b0d5257.jpg?v=1756763413,1,"",false,,,,,,,,oz,,300.00,true,,,active
terrell-owens-signed-san-francisco-red-football-jersey-jsa-1,,,,,,,,,,,,,,,,,,,,,,,,,,,,,,,,https://cdn.shopify.com/s/files/1/0642/7842/9930/files/owens-49ers-red-autographed-stitched-football-jersey-front_c07d2f51-d086-4a44-9315-277feaf53e52.jpg?v=1756763413,2,"",,,,,,,,,,,,,,,
terrell-owens-signed-philadelphia-black-stats-football-jersey-jsa,Terrell Owens Signed Philadelphia Black Stats Football Jersey (JSA),"<p>This custom stitched football jersey has been personally hand signed by Terrell Owens and authenticated by a top 3rd party authentication company. All autographed sports collectibles are limited! Order now to add this timeless piece of football memorabilia to your collection before it’s gone.</p><ul>
<li>Hand signed Football jersey autographed by Terrell Owens and authenticated by JSA</li>
<li>Includes a <em>Witnessed Protection Program</em> tamper-proof authentication sticker from JSA</li>
<li>90-day Satisfaction Guarantee: if you are not completely satisfied with your piece of memorabilia, return the item in its original condition and receive a full refund</li>
</ul>",RSA,,Autographed Football Jerseys,"09-11-RSA, BFCM24, Eagles, FB, inhouse, jersey, Jerseys, New Arrival, Season, V",true,Title,Default Title,,,,,,,,RSA-10083,907.1989147615625,shopify,19,deny,manual,310.00,329.99,true,true,,,,,,https://cdn.shopify.com/s/files/1/0642/7842/9930/files/owens-eagles-stats-black-autographed-stitched-football-jersey-back.jpg?v=1756763414,1,"",false,,,,,,,,oz,,300.00,true,,,active
terrell-owens-signed-philadelphia-black-stats-football-jersey-jsa,,,,,,,,,,,,,,,,,,,,,,,,,,,,,,,,https://cdn.shopify.com/s/files/1/0642/7842/9930/files/owens-eagles-stats-black-autographed-stitched-football-jersey-signature.jpg?v=1756763414,2,"",,,,,,,,,,,,,,,
terrell-owens-signed-philadelphia-black-stats-football-jersey-jsa,,,,,,,,,,,,,,,,,,,,,,,,,,,,,,,,https://cdn.shopify.com/s/files/1/0642/7842/9930/files/owens-eagles-stats-black-autographed-stitched-football-jersey-stats.jpg?v=1756763414,3,"",,,,,,,,,,,,,,,
terrell-owens-signed-philadelphia-black-stats-football-jersey-jsa,,,,,,,,,,,,,,,,,,,,,,,,,,,,,,,,https://cdn.shopify.com/s/files/1/0642/7842/9930/files/owens-eagles-stats-black-autographed-stitched-football-jersey-front.jpg?v=1756763414,4,"",,,,,,,,,,,,,,,
terrell-owens-signed-dallas-thanksgiving-stats-football-jersey-jsa,Terrell Owens Signed Dallas Thanksgiving Stats Football Jersey (JSA),"<p>This custom stitched football jersey has been personally hand signed by Terrell Owens and authenticated by a top 3rd party authentication company. All autographed sports collectibles are limited! Order now to add this timeless piece of football memorabilia to your collection before it’s gone.</p>
<ul>
<li>Hand signed Football jersey autographed by Terrell Owens and authenticated by JSA</li>
<li>Includes a <em>Witnessed Protection Program</em> tamper-proof authentication sticker from JSA</li>
<li>90-day Satisfaction Guarantee: if you are not completely satisfied with your piece of memorabilia, return the item in its original condition and receive a full refund</li>
</ul>",RSA,,Autographed Football Jerseys,"09-11-RSA, BFCM24, Cowboys, FB, inhouse, jersey, Jerseys, New Arrival, V",true,Title,Default Title,,,,,,,,RSA-10081,907.1989147615625,shopify,8,deny,manual,310.00,329.99,true,true,,,,,,https://cdn.shopify.com/s/files/1/0642/7842/9930/files/owens-cowboys-stats-thanksgiving-autographed-stitched-football-jersey-back.jpg?v=1756763415,1,"",false,,,,,,,,oz,,300.00,true,,,active
terrell-owens-signed-dallas-thanksgiving-stats-football-jersey-jsa,,,,,,,,,,,,,,,,,,,,,,,,,,,,,,,,https://cdn.shopify.com/s/files/1/0642/7842/9930/files/owens-cowboys-stats-thanksgiving-autographed-stitched-football-jersey-signature.jpg?v=1756763415,2,"",,,,,,,,,,,,,,,
terrell-owens-signed-dallas-thanksgiving-stats-football-jersey-jsa,,,,,,,,,,,,,,,,,,,,,,,,,,,,,,,,https://cdn.shopify.com/s/files/1/0642/7842/9930/files/owens-cowboys-stats-thanksgiving-autographed-stitched-football-jersey-stats.jpg?v=1756763415,3,"",,,,,,,,,,,,,,,
terrell-owens-signed-dallas-thanksgiving-stats-football-jersey-jsa,,,,,,,,,,,,,,,,,,,,,,,,,,,,,,,,https://cdn.shopify.com/s/files/1/0642/7842/9930/files/owens-cowboys-stats-thanksgiving-autographed-stitched-football-jersey-front.jpg?v=1756763415,4,"",,,,,,,,,,,,,,,
terrell-owens-signed-dallas-blue-stats-football-jersey-jsa,Terrell Owens Signed Dallas Blue Stats Football Jersey (JSA),"<p>This custom stitched football jersey has been personally hand signed by Terrell Owens and authenticated by a top 3rd party authentication company. All autographed sports collectibles are limited! Order now to add this timeless piece of football memorabilia to your collection before it’s gone.</p>
<ul>
<li>Hand signed Football jersey autographed by Terrell Owens and authenticated by JSA</li>
<li>Includes a <em>Witnessed Protection Program</em> tamper-proof authentication sticker from JSA</li>
<li>90-day Satisfaction Guarantee: if you are not completely satisfied with your piece of memorabilia, return the item in its original condition and receive a full refund</li>
</ul>",RSA,,Autographed Football Jerseys,"09-11-RSA, BFCM24, Cowboys, FB, inhouse, jersey, Jerseys, New Arrival, V",true,Title,Default Title,,,,,,,,RSA-10082,907.1989147615625,shopify,11,deny,manual,310.00,329.99,true,true,,,,,,https://cdn.shopify.com/s/files/1/0642/7842/9930/files/owens-cowboys-stats-blue-autographed-stitched-football-jersey-back_61cf95f8-d55f-4fe3-9f35-dba34efa08e2.jpg?v=1756763416,1,"",false,,,,,,,,oz,,300.00,true,,,active
terrell-owens-signed-dallas-blue-stats-football-jersey-jsa,,,,,,,,,,,,,,,,,,,,,,,,,,,,,,,,https://cdn.shopify.com/s/files/1/0642/7842/9930/files/owens-cowboys-stats-blue-autographed-stitched-football-jersey-signature.jpg?v=1756763416,2,"",,,,,,,,,,,,,,,
terrell-owens-signed-dallas-blue-stats-football-jersey-jsa,,,,,,,,,,,,,,,,,,,,,,,,,,,,,,,,https://cdn.shopify.com/s/files/1/0642/7842/9930/files/owens-cowboys-stats-blue-autographed-stitched-football-jersey-front.jpg?v=1756763416,3,"",,,,,,,,,,,,,,,
terrell-owens-signed-dallas-blue-stats-football-jersey-jsa,,,,,,,,,,,,,,,,,,,,,,,,,,,,,,,,https://cdn.shopify.com/s/files/1/0642/7842/9930/files/owens-cowboys-stats-blue-autographed-stitched-football-jersey-stats.jpg?v=1756763416,4,"",,,,,,,,,,,,,,,
steve-bartkowski-signed-pro-edition-football-jersey-white-jsa,Steve Bartkowski Signed Pro Edition Football Jersey White (JSA),"<p>A professional-style football jersey autographed by Steve Bartkowski and authenticated by JSA.</p>
 <p>This autographed piece of memorabilia comes with an official <em>Witnessed Protection Program </em>Certificate of Authenticity from James Spence Authentication LLC that guarantees the authenticity of the autograph.</p>
 <p>You can read more about all the qualified companies that we use to ensure the authenticity of all our autographs and their different types of certifications on our <strong><em>Authentication Services and Certificates </em></strong>page.</p>
 <p>All orders begin processing and fulfillment immediately upon payment approval and are guaranteed to ship from our warehouse within 24-48 hours.</p>
 <p>The typical delivery time ranges from 3-7 business days in the Continental U.S. from our warehouse in Nashville, TN. For deliveries to HI, AK, and U.S. Territories, please allow for 7-14 business days. If you have any questions about our shipping policies, visit our <strong><em>Frequently Asked Questions</em></strong> page.</p>
 <p>We back our products with a <strong><em>90-day Satisfaction Guarantee</em></strong>: if you are not completely satisfied with your piece of memorabilia, you have 90 days from the recorded delivery date to return the item and receive a full refund.</p>",RSA,,Autographed Football Jerseys,"Categorized, FB, inhouse, jersey, Jerseys, MYS_Professional, RSA-products, Sold-Out, Warehouse, X",true,Title,Default Title,,,,,,,,RSA-01198,454.000603133,shopify,15,deny,manual,41.00,59.99,true,true,,,,,,https://cdn.shopify.com/s/files/1/0642/7842/9930/files/bartkowski-falcons-wht-1.png?v=1756763422,1,"",false,,,,,,,,lb,,23.00,true,,,active
steve-bartkowski-signed-pro-edition-football-jersey-white-jsa,,,,,,,,,,,,,,,,,,,,,,,,,,,,,,,,https://cdn.shopify.com/s/files/1/0642/7842/9930/files/bartkowski-falcons-wht-2.png?v=1756763422,2,"",,,,,,,,,,,,,,,
steve-bartkowski-signed-pro-edition-football-jersey-white-jsa,,,,,,,,,,,,,,,,,,,,,,,,,,,,,,,,https://cdn.shopify.com/s/files/1/0642/7842/9930/files/bartkowski-falcons-wht-3.png?v=1756763422,3,"",,,,,,,,,,,,,,,
steve-bartkowski-signed-pro-edition-football-jersey-white-jsa,,,,,,,,,,,,,,,,,,,,,,,,,,,,,,,,https://cdn.shopify.com/s/files/1/0642/7842/9930/files/jsa-coa-sample_c5445059-ebf1-4041-92e9-4225d745eb76.png?v=1756763422,4,"",,,,,,,,,,,,,,,
sterling-shepard-autographed-pro-style-football-jersey-white-jsa,Sterling Shepard Autographed Pro Style Football Jersey White (JSA),<p>Sterling Shepard Autographed Football Jersey White (JSA)</p>,RSA,,Autographed Football Jerseys,"49BF, BFCM24, Categorized, current, FB, giants, In-Stock, inhouse, jersey, Jerseys, MYS_product, MYS_Professional, MYS_run6-1, RSA, RSA-products, SE, V, Warehouse",true,Title,Default Title,,,,,,,,RSA-00125,454.000603133,shopify,4,deny,manual,35.00,49.99,true,true,,,,,,https://cdn.shopify.com/s/files/1/0642/7842/9930/files/shepard-giants-whtA-1.png?v=1756763423,1,"",false,,,,,,,,lb,,30.00,true,,,active
sterling-shepard-autographed-pro-style-football-jersey-white-jsa,,,,,,,,,,,,,,,,,,,,,,,,,,,,,,,,https://cdn.shopify.com/s/files/1/0642/7842/9930/files/shepard-giants-whtA-2.png?v=1756763423,2,"",,,,,,,,,,,,,,,
sterling-shepard-autographed-pro-style-football-jersey-white-jsa,,,,,,,,,,,,,,,,,,,,,,,,,,,,,,,,https://cdn.shopify.com/s/files/1/0642/7842/9930/files/shepard-giants-whtA-3.png?v=1756763423,3,"",,,,,,,,,,,,,,,
sterling-shepard-autographed-pro-style-football-jersey-white-jsa,,,,,,,,,,,,,,,,,,,,,,,,,,,,,,,,https://cdn.shopify.com/s/files/1/0642/7842/9930/files/jsa-coa-sample_5e40b4eb-a3be-47b8-a197-22c6a304101e.png?v=1756763423,4,"",,,,,,,,,,,,,,,
stefon-diggs-signed-houston-white-football-jersey-beckett,Stefon Diggs Signed Houston White Football Jersey (Beckett),"<p>This custom stitched football jersey has been personally hand signed by Stefon  Diggs and authenticated by a top 3rd party authentication company. All autographed sports collectibles are limited! Order now to add this timeless piece of football memorabilia to your collection before it’s gone.</p><ul>
<li>Hand signed Football jersey autographed by Stefon Diggs and authenticated by Beckett</li>
<li>Includes a <em>Witnessed Protection Program</em> tamper-proof authentication sticker from Beckett</li>
<li>90-day Satisfaction Guarantee: if you are not completely satisfied with your piece of memorabilia, return the item in its original condition and receive a full refund</li>
</ul>",RSA,,Autographed Football Jerseys,"BFCM24, FB, inhouse, jersey, Jerseys, New Arrival, Texans, V",true,Title,Default Title,,,,,,,,RSA-09860,907.1989147615625,shopify,5,deny,manual,70.00,89.99,true,true,,,,,,https://cdn.shopify.com/s/files/1/0642/7842/9930/files/diggs-texans-white-autographed-stitched-football-jersey-back.jpg?v=1756763424,1,"",false,,,,,,,,oz,,60.00,true,,,active
stefon-diggs-signed-houston-white-football-jersey-beckett,,,,,,,,,,,,,,,,,,,,,,,,,,,,,,,,https://cdn.shopify.com/s/files/1/0642/7842/9930/files/diggs-texans-white-autographed-stitched-football-jersey-signature.jpg?v=1756763424,2,"",,,,,,,,,,,,,,,
stefon-diggs-signed-houston-white-football-jersey-beckett,,,,,,,,,,,,,,,,,,,,,,,,,,,,,,,,https://cdn.shopify.com/s/files/1/0642/7842/9930/files/diggs-texans-white-autographed-stitched-football-jersey-front.jpg?v=1756763424,3,"",,,,,,,,,,,,,,,
shawne-merriman-signed-san-diego-navy-football-jersey-jsa,Shawne Merriman Signed San Diego Navy Football Jersey (JSA),"<ul>
<li>A professional style blue custom replica football jersey autographed by Shawne Merriman and authenticated by JSA</li>
<li>Includes a Certificate of Authenticity from JSA</li>
<li>Orders are generally shipped the same day if placed before 3pm and delivery only takes 3 to 5 days</li>
<li>
<strong>90-day Satisfaction Guarantee:</strong> if you are not completely satisfied with your piece of memorabilia, you have 90 days from when you receive it to return the item in its original condition and receive a full refund</li>
</ul>",RSA,,Autographed Football Jerseys,"11-25, BFCM24, Chargers, FB, inhouse, jersey, Jerseys, MYS_product, MYS_Professional, MYS_run2-2, New Arrival, Photograph, RSA, RSA-products, Season, Sold-Out, Warehouse, X, year-end",true,Title,Default Title,,,,,,,,RSA-04696,907.1989147615625,shopify,19,deny,manual,42.00,59.99,true,true,,,,,,https://cdn.shopify.com/s/files/1/0642/7842/9930/files/merriman-chargers-blue-autographed-stitched-football-jersey-back_481ea63e-a98b-4caa-9b79-894c68fd5002.jpg?v=1756763426,1,"",false,,,,,,,,oz,,23.00,true,,,active
shawne-merriman-signed-san-diego-navy-football-jersey-jsa,,,,,,,,,,,,,,,,,,,,,,,,,,,,,,,,https://cdn.shopify.com/s/files/1/0642/7842/9930/files/merriman-chargers-blue-autographed-stitched-football-jersey-signature_a199c5f2-52e2-448c-a538-e26bd0844c5a.jpg?v=1756763426,2,"",,,,,,,,,,,,,,,
shawne-merriman-signed-san-diego-navy-football-jersey-jsa,,,,,,,,,,,,,,,,,,,,,,,,,,,,,,,,https://cdn.shopify.com/s/files/1/0642/7842/9930/files/merriman-chargers-blue-autographed-stitched-football-jersey-front_0bb4297c-d2f8-48b1-8344-8ca06479781b.jpg?v=1756763426,3,"",,,,,,,,,,,,,,,
shawne-merriman-signed-los-angeles-white-football-jersey-jsa,Shawne Merriman Signed Los Angeles White Football Jersey (JSA),"<ul>
<li>A professional style white custom replica football jersey autographed by Shawne Merriman and authenticated by JSA</li>
<li>Includes a Certificate of Authenticity from JSA</li>
<li>Orders are generally shipped the same day if placed before 3pm and delivery only takes 3 to 5 days</li>
<li>
<strong>90-day Satisfaction Guarantee:</strong> if you are not completely satisfied with your piece of memorabilia, you have 90 days from when you receive it to return the item in its original condition and receive a full refund</li>
</ul>",RSA,,Autographed Football Jerseys,"BFCM24, Categorized, Chargers, FB, inhouse, jersey, Jerseys, MYS_Professional, RSA, RSA-products, Season, Sold-Out, Warehouse, X, year-end",true,Title,Default Title,,,,,,,,RSA-04302,907.1989147615625,shopify,70,deny,manual,42.00,59.99,true,true,,,,,,https://cdn.shopify.com/s/files/1/0642/7842/9930/files/merriman-chargers-white-autographed-stitched-football-jersey-back.jpg?v=1756763426,1,"",false,,,,,,,,oz,,23.00,true,,,active
shawne-merriman-signed-los-angeles-white-football-jersey-jsa,,,,,,,,,,,,,,,,,,,,,,,,,,,,,,,,https://cdn.shopify.com/s/files/1/0642/7842/9930/files/merriman-chargers-white-autographed-stitched-football-jersey-signature.jpg?v=1756763427,2,"",,,,,,,,,,,,,,,
shawne-merriman-signed-los-angeles-white-football-jersey-jsa,,,,,,,,,,,,,,,,,,,,,,,,,,,,,,,,https://cdn.shopify.com/s/files/1/0642/7842/9930/files/merriman-chargers-white-autographed-stitched-football-jersey-front.jpg?v=1756763427,3,"",,,,,,,,,,,,,,,
shawne-merriman-signed-los-angeles-light-blue-football-jersey-jsa,Shawne Merriman Signed Los Angeles Light Blue Football Jersey (JSA),"<ul>
<li>A professional style light blue custom replica football jersey autographed by Shawne Merriman and authenticated by JSA</li>
<li>Includes a Certificate of Authenticity from JSA</li>
<li>Orders are generally shipped the same day if placed before 3pm and delivery only takes 3 to 5 days</li>
<li>
<strong>90-day Satisfaction Guarantee:</strong> if you are not completely satisfied with your piece of memorabilia, you have 90 days from when you receive it to return the item in its original condition and receive a full refund</li>
</ul>",RSA,,Autographed Football Jerseys,"BFCM24, Categorized, Chargers, FB, inhouse, jersey, Jerseys, MYS_Professional, RSA-products, Season, Sold-Out, Warehouse, X, year-end",true,Title,Default Title,,,,,,,,RSA-04300,907.1989147615625,shopify,14,deny,manual,42.00,59.99,true,true,,,,,,https://cdn.shopify.com/s/files/1/0642/7842/9930/files/merriman-chargers-light-blue-autographed-stitched-football-jersey-back.jpg?v=1756763427,1,"",false,,,,,,,,oz,,23.00,true,,,active
shawne-merriman-signed-los-angeles-light-blue-football-jersey-jsa,,,,,,,,,,,,,,,,,,,,,,,,,,,,,,,,https://cdn.shopify.com/s/files/1/0642/7842/9930/files/merriman-chargers-light-blue-autographed-stitched-football-jersey-signature.jpg?v=1756763427,2,"",,,,,,,,,,,,,,,
shawne-merriman-signed-los-angeles-light-blue-football-jersey-jsa,,,,,,,,,,,,,,,,,,,,,,,,,,,,,,,,https://cdn.shopify.com/s/files/1/0642/7842/9930/files/merriman-chargers-light-blue-autographed-stitched-football-jersey-front.jpg?v=1756763428,3,"",,,,,,,,,,,,,,,
shaquil-barrett-signed-red-pro-edition-jersey-jsa,Shaquil Barrett Signed Tampa Bay Red Football Jersey (JSA),"<ul>
 <li>
 <p>A professional-style XL stitched football jersey autographed by Shaquil Barrett and authenticated by JSA</p>
 </li>
 <li>Includes a<em> Witnessed Protection Program </em>Certificate of Authenticity from JSA</li>
 <li>Orders are generally shipped the same day if placed before 3pm and delivery only takes 3 to 5 days<br>
 </li>
 <li>90-day Satisfaction Guarantee: if you are not completely satisfied with your piece of memorabilia, you have 90 days from when you receive it to return the item in its original condition and receive a full refund</li>
 </ul>",RSA,,Autographed Football Jerseys,"Categorized, FB, fbbreak, inhouse, jersey, Jerseys, MYS_product, MYS_Professional, MYS_run1-1, MYS_run2-2, MYS_run6-1, NFL, Probowl, RSA, RSA-products, SE, Warehouse, X",true,Title,Default Title,,,,,,,,RSA-01408,907.003303052,shopify,49,deny,manual,45.00,59.99,true,true,,,,,,https://cdn.shopify.com/s/files/1/0642/7842/9930/files/barrett-buccaneers-red-1.png?v=1756763428,1,"",false,,,,,,,,lb,,25.00,true,,,active
shaquil-barrett-signed-red-pro-edition-jersey-jsa,,,,,,,,,,,,,,,,,,,,,,,,,,,,,,,,https://cdn.shopify.com/s/files/1/0642/7842/9930/files/barrett-buccaneers-red-3.png?v=1756763428,2,"",,,,,,,,,,,,,,,
shaquil-barrett-signed-red-pro-edition-jersey-jsa,,,,,,,,,,,,,,,,,,,,,,,,,,,,,,,,https://cdn.shopify.com/s/files/1/0642/7842/9930/files/barrett-buccaneers-red-2.png?v=1756763428,3,"",,,,,,,,,,,,,,,
ryan-kerrigan-signed-pro-edition-maroon-football-jersey-jsa,Ryan Kerrigan Signed Washington Maroon Football Jersey (JSA),"<ul>
<li>A college-style XL stitched football jersey autographed by Ryan Kerriganand authenticated by JSA</li>
<li>Includes a Certificate of Authenticity from JSA</li>
<li>Orders are generally shipped the same day if placed before 3pm and delivery only takes 3 to 5 days</li>
<li>90-day Satisfaction Guarantee: if you are not completely satisfied with your piece of memorabilia, you have 90 days from when you receive it to return the item in its original condition and receive a full refund</li>
</ul>",RSA,,Autographed Football Jerseys,"Categorized, FB, inhouse, jersey, Jerseys, MYS_Professional, RSA-products, Sold-Out, Warehouse, X",true,Title,Default Title,,,,,,,,RSA-01826,450.7659225444375,shopify,106,deny,manual,60.00,89.99,true,true,,,,,,https://cdn.shopify.com/s/files/1/0642/7842/9930/files/kerrigan-redskins-red-autographed-stitched-football-jersey-back.jpg?v=1756763432,1,"",false,,,,,,,,oz,,30.00,true,,,active
ryan-kerrigan-signed-pro-edition-maroon-football-jersey-jsa,,,,,,,,,,,,,,,,,,,,,,,,,,,,,,,,https://cdn.shopify.com/s/files/1/0642/7842/9930/files/kerrigan-redskins-red-autographed-stitched-football-jersey-signature.jpg?v=1756763433,2,"",,,,,,,,,,,,,,,
ryan-kerrigan-signed-pro-edition-maroon-football-jersey-jsa,,,,,,,,,,,,,,,,,,,,,,,,,,,,,,,,https://cdn.shopify.com/s/files/1/0642/7842/9930/files/kerrigan-redskins-red-autographed-stitched-football-jersey-front.jpg?v=1756763433,3,"",,,,,,,,,,,,,,,
rudy-ruettiger-signed-notre-dame-college-blue-stats-football-jersey-jsa,Rudy Ruettiger Signed Notre Dame College Blue Stats Football Jersey (JSA),"<ul>
<li>A collegiate style blue custom replica football jersey autographed by Rudy Ruettiger and authenticated by JSA</li>
<li>Includes a Certificate of Authenticity from JSA</li>
<li>Orders are generally shipped the same day if placed before 3pm and delivery only takes 3 to 5 days</li>
<li>
<strong>90-day Satisfaction Guarantee:</strong> if you are not completely satisfied with your piece of memorabilia, you have 90 days from when you receive it to return the item in its original condition and receive a full refund</li>
</ul>",RSA,,Autographed Football Jerseys,"Categorized, FB, inhouse, jersey, Jerseys, MYS_College, RSA-products, Sold-Out, Warehouse, X",true,Title,Default Title,,,,,,,,RSA-03078,907.1989147615625,shopify,97,deny,manual,45.00,59.99,true,true,,,,,,https://cdn.shopify.com/s/files/1/0642/7842/9930/files/rudy-irish-stats-blue-autographed-stitched-football-jersey-back.jpg?v=1731096585,1,"",false,,,,,,,,oz,,25.00,true,,,active
rudy-ruettiger-signed-notre-dame-college-blue-stats-football-jersey-jsa,,,,,,,,,,,,,,,,,,,,,,,,,,,,,,,,https://cdn.shopify.com/s/files/1/0642/7842/9930/files/rudy-irish-stats-blue-autographed-stitched-football-jersey-signature.jpg?v=1731096587,2,"",,,,,,,,,,,,,,,
rudy-ruettiger-signed-notre-dame-college-blue-stats-football-jersey-jsa,,,,,,,,,,,,,,,,,,,,,,,,,,,,,,,,https://cdn.shopify.com/s/files/1/0642/7842/9930/files/rudy-irish-stats-blue-autographed-stitched-football-jersey-stitching.jpg?v=1731096589,3,"",,,,,,,,,,,,,,,
rudy-ruettiger-signed-notre-dame-college-blue-stats-football-jersey-jsa,,,,,,,,,,,,,,,,,,,,,,,,,,,,,,,,https://cdn.shopify.com/s/files/1/0642/7842/9930/files/rudy-irish-stats-blue-autographed-stitched-football-jersey-front.jpg?v=1731096590,4,"",,,,,,,,,,,,,,,
rudy-ruettiger-signed-never-quit-inscription-notre-dame-college-blue-football-jersey-jsa,Rudy Ruettiger Signed Never Quit Inscription Notre Dame College Blue Football Jersey (JSA),"<ul>
<li>A collegiate style blue custom replica football jersey autographed by Rudy Ruettiger with Never Quit inscription and authenticated by JSA</li>
<li>Includes a Certificate of Authenticity from JSA</li>
<li>Orders are generally shipped the same day if placed before 3pm and delivery only takes 3 to 5 days</li>
<li>
<strong>90-day Satisfaction Guarantee:</strong> if you are not completely satisfied with your piece of memorabilia, you have 90 days from when you receive it to return the item in its original condition and receive a full refund</li>
</ul>",RSA,,Autographed Football Jerseys,"49BF, Categorized, duplicate, FB, inhouse, jersey, Jerseys, MYS_College, RSA-products, SE, Season, Sold-Out, Warehouse, X",true,Title,Default Title,,,,,,,,RSA-02726,908.001206266,shopify,17,deny,manual,45.00,59.99,true,true,,,,,,https://cdn.shopify.com/s/files/1/0642/7842/9930/files/ruettiger-irish-never-quit-blue-autographed-stitched-football-jersey-back.jpg?v=1731096555,1,"",false,,,,,,,,oz,,25.00,true,,,active
rudy-ruettiger-signed-never-quit-inscription-notre-dame-college-blue-football-jersey-jsa,,,,,,,,,,,,,,,,,,,,,,,,,,,,,,,,https://cdn.shopify.com/s/files/1/0642/7842/9930/files/ruettiger-irish-never-quit-blue-autographed-stitched-football-jersey-signature.jpg?v=1731096557,2,"",,,,,,,,,,,,,,,
rudy-ruettiger-signed-never-quit-inscription-notre-dame-college-blue-football-jersey-jsa,,,,,,,,,,,,,,,,,,,,,,,,,,,,,,,,https://cdn.shopify.com/s/files/1/0642/7842/9930/files/ruettiger-irish-never-quit-blue-autographed-stitched-football-jersey-front.jpg?v=1731096559,3,"",,,,,,,,,,,,,,,
rudi-johnson-signed-cincinnati-orange-football-jersey-jsa,Rudi Johnson Signed Cincinnati Orange Football Jersey (JSA),"<ul>
<li>A professional style orange custom replica football jersey autographed by Rudi Johnson and authenticated by JSA</li>
<li>Includes a Certificate of Authenticity from JSA</li>
<li>Orders are generally shipped the same day if placed before 3pm and delivery only takes 3 to 5 days</li>
<li>
<strong>90-day Satisfaction Guarantee:</strong> if you are not completely satisfied with your piece of memorabilia, you have 90 days from when you receive it to return the item in its original condition and receive a full refund</li>
</ul>",RSA,,Autographed Football Jerseys,"05-25-RSA, 06-06-RSA, bengals, FB, inhouse, jersey, Jerseys, New Arrival, V",true,Title,Default Title,,,,,,,,RSA-06935,907.1989147615625,shopify,17,deny,manual,60.00,79.99,true,true,,,,,,https://cdn.shopify.com/s/files/1/0642/7842/9930/files/r-johnson-bengals-orange-autographed-stitched-football-jersey-back.jpg?v=1756763434,1,"",false,,,,,,,,oz,,23.00,true,,,active
rudi-johnson-signed-cincinnati-orange-football-jersey-jsa,,,,,,,,,,,,,,,,,,,,,,,,,,,,,,,,https://cdn.shopify.com/s/files/1/0642/7842/9930/files/r-johnson-bengals-orange-autographed-stitched-football-jersey-signature.jpg?v=1756763434,2,"",,,,,,,,,,,,,,,
rudi-johnson-signed-cincinnati-orange-football-jersey-jsa,,,,,,,,,,,,,,,,,,,,,,,,,,,,,,,,https://cdn.shopify.com/s/files/1/0642/7842/9930/files/r-johnson-bengals-orange-autographed-stitched-football-jersey-front.jpg?v=1756763434,3,"",,,,,,,,,,,,,,,
rudi-johnson-signed-cincinnati-black-football-jersey-jsa,Rudi Johnson Signed Cincinnati Black Football Jersey (JSA),"<ul>
<li>A professional style black custom replica football jersey autographed by Rudi Johnson and authenticated by JSA</li>
<li>Includes a Certificate of Authenticity from JSA</li>
<li>Orders are generally shipped the same day if placed before 3pm and delivery only takes 3 to 5 days</li>
<li>
<strong>90-day Satisfaction Guarantee:</strong> if you are not completely satisfied with your piece of memorabilia, you have 90 days from when you receive it to return the item in its original condition and receive a full refund</li>
</ul>",RSA,,Autographed Football Jerseys,"05-25-RSA, 06-06-RSA, bengals, FB, inhouse, jersey, Jerseys, New Arrival, V",true,Title,Default Title,,,,,,,,RSA-06933,907.1989147615625,shopify,9,deny,manual,60.00,79.99,true,true,,,,,,https://cdn.shopify.com/s/files/1/0642/7842/9930/files/r-johnson-bengals-black-autographed-stitched-football-jersey-back.jpg?v=1756763435,1,"",false,,,,,,,,oz,,23.00,true,,,active
rudi-johnson-signed-cincinnati-black-football-jersey-jsa,,,,,,,,,,,,,,,,,,,,,,,,,,,,,,,,https://cdn.shopify.com/s/files/1/0642/7842/9930/files/r-johnson-bengals-black-autographed-stitched-football-jersey-signature.jpg?v=1756763435,2,"",,,,,,,,,,,,,,,
rudi-johnson-signed-cincinnati-black-football-jersey-jsa,,,,,,,,,,,,,,,,,,,,,,,,,,,,,,,,https://cdn.shopify.com/s/files/1/0642/7842/9930/files/r-johnson-bengals-black-autographed-stitched-football-jersey-front.jpg?v=1756763435,3,"",,,,,,,,,,,,,,,
roschon-johnson-signed-chicago-orange-football-jersey-jsa,Roschon Johnson Signed Chicago Orange Football Jersey (JSA),"<p>This custom stitched football jersey has been personally hand signed by Roschon Johnson and authenticated by a top 3rd party authentication company. All autographed sports collectibles are limited! Order now to add this timeless piece of football memorabilia to your collection before it’s gone.</p><ul>
<li>Hand signed Football jersey autographed by Roschon Johnson and authenticated by JSA</li>
<li>Includes a <em>Witnessed Protection Program</em> tamper-proof authentication sticker from JSA</li>
<li>90-day Satisfaction Guarantee: if you are not completely satisfied with your piece of memorabilia, return the item in its original condition and receive a full refund</li>
</ul>",RSA,,Autographed Football Jerseys,"09-11-RSA, 11-22-RSA, Bears, BFCM24, current, Current Star, eBay Live, FB, GoogleClearance, inhouse, jersey, Jerseys, New Arrival, Season, V, year-end",true,Title,Default Title,,,,,,,,RSA-10007,907.1989147615625,shopify,74,deny,manual,45.00,59.99,true,true,,,,,,https://cdn.shopify.com/s/files/1/0642/7842/9930/files/johnson-bears-orange-autographed-stitched-football-jersey-back.jpg?v=1756763436,1,"",false,,,,,,,,oz,,30.00,true,,,active
roschon-johnson-signed-chicago-orange-football-jersey-jsa,,,,,,,,,,,,,,,,,,,,,,,,,,,,,,,,https://cdn.shopify.com/s/files/1/0642/7842/9930/files/johnson-bears-orange-autographed-stitched-football-jersey-signature.jpg?v=1756763436,2,"",,,,,,,,,,,,,,,
roschon-johnson-signed-chicago-orange-football-jersey-jsa,,,,,,,,,,,,,,,,,,,,,,,,,,,,,,,,https://cdn.shopify.com/s/files/1/0642/7842/9930/files/johnson-bears-orange-autographed-stitched-football-jersey-front.jpg?v=1756763436,3,"",,,,,,,,,,,,,,,
roschon-johnson-signed-chicago-blue-football-jersey-jsa,Roschon Johnson Signed Chicago Navy Football Jersey (JSA),"<p>This custom stitched football jersey has been personally hand signed by Roschon Johnson and authenticated by a top 3rd party authentication company. All autographed sports collectibles are limited! Order now to add this timeless piece of football memorabilia to your collection before it’s gone.</p><ul>
<li>Hand signed Football jersey autographed by Roschon Johnson and authenticated by JSA</li>
<li>Includes a <em>Witnessed Protection Program</em> tamper-proof authentication sticker from JSA</li>
<li>90-day Satisfaction Guarantee: if you are not completely satisfied with your piece of memorabilia, return the item in its original condition and receive a full refund</li>
</ul>",RSA,,Autographed Football Jerseys,"09-11-RSA, Bears, BFCM24, Current Star, FB, GoogleClearance, inhouse, jersey, Jerseys, New Arrival, Season, V, year-end",true,Title,Default Title,,,,,,,,RSA-10001,907.1989147615625,shopify,93,deny,manual,45.00,59.99,true,true,,,,,,https://cdn.shopify.com/s/files/1/0642/7842/9930/files/johnson-bears-blue-autographed-stitched-football-jersey-back.jpg?v=1756763437,1,"",false,,,,,,,,oz,,30.00,true,,,active
roschon-johnson-signed-chicago-blue-football-jersey-jsa,,,,,,,,,,,,,,,,,,,,,,,,,,,,,,,,https://cdn.shopify.com/s/files/1/0642/7842/9930/files/johnson-bears-blue-autographed-stitched-football-jersey-signature.jpg?v=1756763437,2,"",,,,,,,,,,,,,,,
roschon-johnson-signed-chicago-blue-football-jersey-jsa,,,,,,,,,,,,,,,,,,,,,,,,,,,,,,,,https://cdn.shopify.com/s/files/1/0642/7842/9930/files/johnson-bears-blue-autographed-stitched-football-jersey-front.jpg?v=1756763437,3,"",,,,,,,,,,,,,,,
ron-yary-signed-hof-01-inscription-minnesota-purple-football-jersey-jsa,Ron Yary Signed HOF 01 Inscription Minnesota Purple Football Jersey (JSA),"<ul>
<li>A professional style purple custom replica football jersey autographed by Ron Yary with HOF 01 inscription and authenticated by JSA</li>
<li>Includes a Certificate of Authenticity from JSA</li>
<li>Orders are generally shipped the same day if placed before 3pm and delivery only takes 3 to 5 days</li>
<li>
<strong>90-day Satisfaction Guarantee:</strong> if you are not completely satisfied with your piece of memorabilia, you have 90 days from when you receive it to return the item in its original condition and receive a full refund</li>
</ul>",RSA,,Autographed Football Jerseys,"49BF, BFCM24, Categorized, FB, GoogleClearance, In-Stock, inhouse, jersey, Jerseys, MYS_HOF, MYS_Professional, RSA-products, V, Vikings, Warehouse",true,Title,Default Title,,,,,,,,RSA-01107,907.18474,shopify,52,deny,manual,45.00,59.99,true,true,,,,,,https://cdn.shopify.com/s/files/1/0642/7842/9930/files/yary-vikings-pur-1.png?v=1731095182,1,"",false,,,,,,,,lb,,,true,,,active
ron-yary-signed-hof-01-inscription-minnesota-purple-football-jersey-jsa,,,,,,,,,,,,,,,,,,,,,,,,,,,,,,,,https://cdn.shopify.com/s/files/1/0642/7842/9930/files/yary-vikings-pur-2.png?v=1731095183,2,"",,,,,,,,,,,,,,,
ron-yary-signed-hof-01-inscription-minnesota-purple-football-jersey-jsa,,,,,,,,,,,,,,,,,,,,,,,,,,,,,,,,https://cdn.shopify.com/s/files/1/0642/7842/9930/files/yary-vikings-pur-3.png?v=1731095185,3,"",,,,,,,,,,,,,,,
roger-wehrli-signed-st-louis-pro-red-football-jersey-jsa,Roger Wehrli Signed HOF 07 Inscription St. Louis Red Football Jersey (JSA),"<p>This custom stitched football jersey has been personally hand signed by Roger Wehrli and authenticated by a top 3rd party authentication company. All autographed sports collectibles are limited! Order now to add this timeless piece of football memorabilia to your collection before it’s gone.</p><ul>
<li>Hand signed Football jersey autographed by Roger Wehrli with HOF 07 Inscription and authenticated by JSA</li>
<li>Includes a <em>Witnessed Protection Program</em> tamper-proof authentication sticker from JSA</li>
<li>90-day Satisfaction Guarantee: if you are not completely satisfied with your piece of memorabilia, return the item in its original condition and receive a full refund</li>
</ul>",RSA,,Autographed Football Jerseys,"Categorized, FB, inhouse, jersey, Jerseys, MYS_Professional, RSA-products, Sold-Out, Warehouse, X",true,Title,Default Title,,,,,,,,RSA-03075,907.1989147615625,shopify,19,deny,manual,38.00,54.99,true,true,,,,,,https://cdn.shopify.com/s/files/1/0642/7842/9930/files/werhli-cardinals-red-autographed-stitched-football-jersey-back.jpg?v=1756763438,1,"",false,,,,,,,,oz,,20.00,true,,,active
roger-wehrli-signed-st-louis-pro-red-football-jersey-jsa,,,,,,,,,,,,,,,,,,,,,,,,,,,,,,,,https://cdn.shopify.com/s/files/1/0642/7842/9930/files/werhli-cardinals-red-autographed-stitched-football-jersey-signature.jpg?v=1756763438,2,"",,,,,,,,,,,,,,,
roger-wehrli-signed-st-louis-pro-red-football-jersey-jsa,,,,,,,,,,,,,,,,,,,,,,,,,,,,,,,,https://cdn.shopify.com/s/files/1/0642/7842/9930/files/werhli-cardinals-red-autographed-stitched-football-jersey-front.jpg?v=1756763438,3,"",,,,,,,,,,,,,,,
roger-staubach-signed-dallas-white-football-jersey-beckett,Roger Staubach Signed Dallas White Football Jersey (Beckett),"<ul>
<li>A professional style white custom replica football jersey autographed by Roger Staubach and authenticated by Beckett</li>
<li>Includes a Certificate of Authenticity from Beckett</li>
<li>Orders are generally shipped the same or next day and delivery only takes 3 to 5 days</li>
<li>
<strong>90-day Satisfaction Guarantee:</strong> if you are not completely satisfied with your piece of memorabilia, you have 90 days from when you receive it to return the item in its original condition and receive a full refund</li>
</ul>",RSA,,Autographed Football Jerseys,"11-01-RSA, Best-Seller, cowboys, FB, HOF, In-Stock, inhouse, jersey, Jerseys, New Arrival, Season, V",true,Title,Default Title,,,,,,,,RSA-07932,907.1989147615625,shopify,27,deny,manual,185.00,259.99,true,true,,,,,,https://cdn.shopify.com/s/files/1/0642/7842/9930/files/staubach-cowboys-white-autographed-stitched-football-jersey-back.jpg?v=1756763439,1,"",false,,,,,,,,oz,,115.00,true,,,active
roger-staubach-signed-dallas-white-football-jersey-beckett,,,,,,,,,,,,,,,,,,,,,,,,,,,,,,,,https://cdn.shopify.com/s/files/1/0642/7842/9930/files/staubach-cowboys-white-autographed-stitched-football-jersey-signature.jpg?v=1756763439,2,"",,,,,,,,,,,,,,,
roger-staubach-signed-dallas-white-football-jersey-beckett,,,,,,,,,,,,,,,,,,,,,,,,,,,,,,,,https://cdn.shopify.com/s/files/1/0642/7842/9930/files/staubach-cowboys-white-autographed-stitched-football-jersey-front.jpg?v=1756763439,3,"",,,,,,,,,,,,,,,
rodney-hampton-signed-sb-xxv-champs-inscription-new-york-pro-blue-football-jersey-jsa,Rodney Hampton Signed SB XXV Champs Inscription New York Pro Blue Football Jersey (JSA),"<ul>
<li>A professional style blue custom replica football jersey autographed by Rodney Hampton with SB XXV Champs inscription and authenticated by JSA</li>
<li>Includes a Certificate of Authenticity from JSA</li>
<li>Orders are generally shipped the same day if placed before 3pm and delivery only takes 3 to 5 days</li>
<li>
<strong>90-day Satisfaction Guarantee:</strong> if you are not completely satisfied with your piece of memorabilia, you have 90 days from when you receive it to return the item in its original condition and receive a full refund</li>
</ul>",RSA,,Autographed Football Jerseys,"39BF, BFCM24, Categorized, cowboys, FB, giants, GoogleClearance, In-Stock, inhouse, jersey, Jerseys, MYS_product, MYS_Professional, MYS_run2-2, RSA, RSA-Mystery, RSA-products, V, Warehouse",false,Title,Default Title,,,,,,,,RSA-02489,453.59237,shopify,20,deny,manual,44.00,59.99,true,true,,,,,,https://cdn.shopify.com/s/files/1/0642/7842/9930/files/hampton-giants-sb-xxv-champs-blue-autographed-stitched-football-jersey-back_3830bc2d-da27-4885-afc4-b44e8c00133c.jpg?v=1761433274,1,"",false,,,,,,,,oz,,24.00,true,,,draft
rodney-hampton-signed-sb-xxv-champs-inscription-new-york-pro-blue-football-jersey-jsa,,,,,,,,,,,,,,,,,,,,,,,,,,,,,,,,https://cdn.shopify.com/s/files/1/0642/7842/9930/files/hampton-giants-sb-xxv-champs-blue-autographed-stitched-football-jersey-signature_19665542-db14-482f-9aaa-87aabaebe8d3.jpg?v=1761433275,2,"",,,,,,,,,,,,,,,
rodney-hampton-signed-sb-xxv-champs-inscription-new-york-pro-blue-football-jersey-jsa,,,,,,,,,,,,,,,,,,,,,,,,,,,,,,,,https://cdn.shopify.com/s/files/1/0642/7842/9930/files/hampton-giants-sb-xxv-champs-blue-autographed-stitched-football-jersey-front_389902e1-4eeb-46e6-872f-6262893cd530.jpg?v=1761433276,3,"",,,,,,,,,,,,,,,
rodney-hampton-signed-roh-2022-inscription-new-york-royal-blue-football-jersey-beckett,Rodney Hampton Signed ROH 2022 Inscription New York Royal Blue Football Jersey (Beckett),"<p>This custom stitched football jersey has been personally hand signed by Rodney Hampton and authenticated by a top 3rd party authentication company. All autographed sports collectibles are limited! Order now to add this timeless piece of football memorabilia to your collection before it’s gone.</p><ul>
<li>Custom football jersey autographed by Rodney Hampton with ROH 2022 inscription and authenticated by Beckett</li>
<li>Includes a <em>Witnessed Protection Program</em> tamper-proof authentication sticker from Beckett</li>
<li>
<strong>90-day Satisfaction Guarantee:</strong> if you are not completely satisfied with your piece of memorabilia, return the item in its original condition and receive a full refund</li>
</ul>",RSA,,Autographed Football Jerseys,"05-23-RSA, BFCM24, FB, giants, GoogleClearance, inhouse, jersey, Jerseys, Season, V, year-end",true,Title,Default Title,,,,,,,,RSA-09211,907.1989147615625,shopify,6,deny,manual,44.00,59.99,true,true,,,,,,https://cdn.shopify.com/s/files/1/0642/7842/9930/files/hampton-giants-roh-2022-giants-blue-autographed-stitched-football-jersey-back.jpg?v=1756763441,1,"",false,,,,,,,,oz,,24.00,true,,,active
rodney-hampton-signed-roh-2022-inscription-new-york-royal-blue-football-jersey-beckett,,,,,,,,,,,,,,,,,,,,,,,,,,,,,,,,https://cdn.shopify.com/s/files/1/0642/7842/9930/files/hampton-giants-roh-2022-giants-blue-autographed-stitched-football-jersey-signature.jpg?v=1756763441,2,"",,,,,,,,,,,,,,,
rodney-hampton-signed-roh-2022-inscription-new-york-royal-blue-football-jersey-beckett,,,,,,,,,,,,,,,,,,,,,,,,,,,,,,,,https://cdn.shopify.com/s/files/1/0642/7842/9930/files/hampton-giants-roh-2022-giants-blue-autographed-stitched-football-jersey-front.jpg?v=1756763441,3,"",,,,,,,,,,,,,,,
rodney-hampton-signed-new-york-blue-football-jersey-jsa,Rodney Hampton Signed New York Blue Football Jersey (JSA),"<ul>
<li>A professional style blue custom replica football jersey autographed by Rodney Hampton and authenticated by JSA</li>
<li>Includes a Certificate of Authenticity from JSA</li>
<li>Orders are generally shipped the same day if placed before 3pm and delivery only takes 3 to 5 days</li>
<li>
<strong>90-day Satisfaction Guarantee:</strong> if you are not completely satisfied with your piece of memorabilia, you have 90 days from when you receive it to return the item in its original condition and receive a full refund</li>
</ul>",RSA,,Autographed Football Jerseys,"11-25, BFCM24, cowboys, FB, giants, GoogleClearance, inhouse, jersey, Jerseys, MYS_product, MYS_Professional, MYS_run1-1, New Arrival, RSA, RSA-products, Season, V, Warehouse, year-end",true,Title,Default Title,,,,,,,,RSA-04674,907.1989147615625,shopify,48,deny,manual,40.00,54.99,true,true,,,,,,https://cdn.shopify.com/s/files/1/0642/7842/9930/files/hampton-giants-blue-autographed-stitched-football-jersey-back.jpg?v=1756763442,1,"",false,,,,,,,,oz,,22.00,true,,,active
rodney-hampton-signed-new-york-blue-football-jersey-jsa,,,,,,,,,,,,,,,,,,,,,,,,,,,,,,,,https://cdn.shopify.com/s/files/1/0642/7842/9930/files/hampton-giants-blue-autographed-stitched-football-jersey-signature.jpg?v=1756763443,2,"",,,,,,,,,,,,,,,
rodney-hampton-signed-new-york-blue-football-jersey-jsa,,,,,,,,,,,,,,,,,,,,,,,,,,,,,,,,https://cdn.shopify.com/s/files/1/0642/7842/9930/files/hampton-giants-blue-autographed-stitched-football-jersey-front.jpg?v=1756763443,3,"",,,,,,,,,,,,,,,
roddy-white-signed-atlanta-white-football-jersey-beckett,Roddy White Signed Atlanta White Football Jersey (Beckett),"<p>This custom stitched football jersey has been personally hand signed by Roddy White and authenticated by a top 3rd party authentication company. All autographed sports collectibles are limited! Order now to add this timeless piece of football memorabilia to your collection before it’s gone.</p><ul>
<li>Hand signed Football jersey autographed by Roddy White and authenticated by Beckett</li>
<li>Includes a <em>Witnessed Protection Program</em> tamper-proof authentication sticker from Beckett</li>
<li>90-day Satisfaction Guarantee: if you are not completely satisfied with your piece of memorabilia, return the item in its original condition and receive a full refund</li>
</ul>",RSA,,Autographed Football Jerseys,"10-31-RSA, BFCM24, Falcons, FB, inhouse, jersey, Jerseys, New Arrival, Season, V, year-end",true,Title,Default Title,,,,,,,,RSA-10366,907.1989147615625,shopify,78,deny,manual,46.00,69.99,true,true,,,,,,https://cdn.shopify.com/s/files/1/0642/7842/9930/files/r-white-falcons-white-autographed-stitched-football-jersey-back.jpg?v=1756763444,1,"",false,,,,,,,,oz,,25.00,true,,,active
roddy-white-signed-atlanta-white-football-jersey-beckett,,,,,,,,,,,,,,,,,,,,,,,,,,,,,,,,https://cdn.shopify.com/s/files/1/0642/7842/9930/files/r-white-falcons-white-autographed-stitched-football-jersey-signature.jpg?v=1756763444,2,"",,,,,,,,,,,,,,,
roddy-white-signed-atlanta-white-football-jersey-beckett,,,,,,,,,,,,,,,,,,,,,,,,,,,,,,,,https://cdn.shopify.com/s/files/1/0642/7842/9930/files/r-white-falcons-white-autographed-stitched-football-jersey-front.jpg?v=1756763444,3,"",,,,,,,,,,,,,,,
roddy-white-signed-atlanta-red-football-jersey-beckett,Roddy White Signed Atlanta Red Football Jersey (Beckett),"<p>This custom stitched football jersey has been personally hand signed by Roddy White and authenticated by a top 3rd party authentication company. All autographed sports collectibles are limited! Order now to add this timeless piece of football memorabilia to your collection before it’s gone.</p><ul>
<li>Hand signed Football jersey autographed by Roddy White and authenticated by Beckett</li>
<li>Includes a <em>Witnessed Protection Program</em> tamper-proof authentication sticker from Beckett</li>
<li>90-day Satisfaction Guarantee: if you are not completely satisfied with your piece of memorabilia, return the item in its original condition and receive a full refund</li>
</ul>",RSA,,Autographed Football Jerseys,"10-31-RSA, BFCM24, Falcons, FB, inhouse, jersey, Jerseys, New Arrival, Season, V, year-end",true,Title,Default Title,,,,,,,,RSA-10367,907.1989147615625,shopify,67,deny,manual,44.00,59.99,true,true,,,,,,https://cdn.shopify.com/s/files/1/0642/7842/9930/files/r-white-falcons-red-autographed-stitched-football-jersey-back.jpg?v=1756763445,1,"",false,,,,,,,,oz,,25.00,true,,,active
roddy-white-signed-atlanta-red-football-jersey-beckett,,,,,,,,,,,,,,,,,,,,,,,,,,,,,,,,https://cdn.shopify.com/s/files/1/0642/7842/9930/files/r-white-falcons-red-autographed-stitched-football-jersey-signature.jpg?v=1756763445,2,"",,,,,,,,,,,,,,,
roddy-white-signed-atlanta-red-football-jersey-beckett,,,,,,,,,,,,,,,,,,,,,,,,,,,,,,,,https://cdn.shopify.com/s/files/1/0642/7842/9930/files/r-white-falcons-red-autographed-stitched-football-jersey-front.jpg?v=1756763445,3,"",,,,,,,,,,,,,,,
roddy-white-signed-atlanta-black-football-jersey-beckett,Roddy White Signed Atlanta Black Football Jersey (Beckett),"<p>This custom stitched football jersey has been personally hand signed by Roddy White and authenticated by a top 3rd party authentication company. All autographed sports collectibles are limited! Order now to add this timeless piece of football memorabilia to your collection before it’s gone.</p><ul>
<li>Hand signed Football jersey autographed by Roddy White and authenticated by Beckett</li>
<li>Includes a <em>Witnessed Protection Program</em> tamper-proof authentication sticker from Beckett</li>
<li>90-day Satisfaction Guarantee: if you are not completely satisfied with your piece of memorabilia, return the item in its original condition and receive a full refund</li>
</ul>",RSA,,Autographed Football Jerseys,"10-31-RSA, BFCM24, Falcons, FB, inhouse, jersey, Jerseys, New Arrival, Season, V, year-end",true,Title,Default Title,,,,,,,,RSA-10365,907.1989147615625,shopify,71,deny,manual,44.00,59.99,true,true,,,,,,https://cdn.shopify.com/s/files/1/0642/7842/9930/files/r-white-falcons-black-autographed-stitched-football-jersey-back.jpg?v=1756763446,1,"",false,,,,,,,,oz,,25.00,true,,,active
roddy-white-signed-atlanta-black-football-jersey-beckett,,,,,,,,,,,,,,,,,,,,,,,,,,,,,,,,https://cdn.shopify.com/s/files/1/0642/7842/9930/files/r-white-falcons-black-autographed-stitched-football-jersey-signature.jpg?v=1756763446,2,"",,,,,,,,,,,,,,,
roddy-white-signed-atlanta-black-football-jersey-beckett,,,,,,,,,,,,,,,,,,,,,,,,,,,,,,,,https://cdn.shopify.com/s/files/1/0642/7842/9930/files/r-white-falcons-black-autographed-stitched-football-jersey-front.jpg?v=1756763446,3,"",,,,,,,,,,,,,,,
rocky-bleier-autographed-pro-style-football-jersey-black-beckett-4x-super-bowl-champ-inscription,Rocky Bleier Autographed Pro Style Football Jersey Black (Beckett) 4X Super Bowl Champ Inscription,<p>Rocky Bleier Autographed Pro Style Football Jersey Black (JSA) 4X Super Bowl Champ Inscription</p>,RSA,,Autographed Football Jerseys,"Categorized, FB, In-Stock, inhouse, jersey, Jerseys, MYS_product, MYS_Professional, MYS_run1-1, MYS_run2-1, NFL, RSA, RSA-products, V, Warehouse",true,Title,Default Title,,,,,,,,RSA-00876,907.18474,shopify,87,deny,manual,50.00,69.99,true,true,,,,,,https://cdn.shopify.com/s/files/1/0642/7842/9930/files/bleier-steelers-blk-1.png?v=1756763447,1,"",false,,,,,,,,lb,,30.00,true,,,active
rocky-bleier-autographed-pro-style-football-jersey-black-beckett-4x-super-bowl-champ-inscription,,,,,,,,,,,,,,,,,,,,,,,,,,,,,,,,https://cdn.shopify.com/s/files/1/0642/7842/9930/files/bleier-steelers-blk-2.png?v=1756763447,2,"",,,,,,,,,,,,,,,
rocky-bleier-autographed-pro-style-football-jersey-black-beckett-4x-super-bowl-champ-inscription,,,,,,,,,,,,,,,,,,,,,,,,,,,,,,,,https://cdn.shopify.com/s/files/1/0642/7842/9930/files/bleier-steelers-blk-3.png?v=1756763447,3,"",,,,,,,,,,,,,,,
rocket-ismail-signed-pro-white-football-jersey-jsa,Rocket Ismail Signed Las Vegas White Football Jersey (Beckett),"<p>This custom stitched football jersey has been personally hand signed by Rocket Ismail and authenticated by a top 3rd party authentication company. All autographed sports collectibles are limited! Order now to add this timeless piece of football memorabilia to your collection before it’s gone.</p>
<ul>
<li>Custom jersey autographed by Rocket Ismail and authenticated by Beckett </li>
<li>Includes a <em>Witnessed Protection Program</em> tamper-proof authentication sticker from Beckett </li>
<li>
<strong>90-day Satisfaction Guarantee:</strong> if you are not completely satisfied with your piece of memorabilia, return the item in its original condition and receive a full refund</li>
</ul>",RSA,,Autographed Football Jerseys,"02-06-RSA, 02-29-RSA, BFCM24, FB, In-Stock, inhouse, jersey, Jerseys, Raiders, V",true,Title,Default Title,,,,,,,,RSA-08287,907.1989147615625,shopify,34,deny,manual,43.00,59.99,true,true,,,,,,https://cdn.shopify.com/s/files/1/0642/7842/9930/files/ismail-raiders-white-autographed-stitched-football-jersey-back_6975a40d-7ad1-4d5d-9db4-ac447fd7b2a4.jpg?v=1761174084,1,"",false,,,,,,,,oz,,25.00,true,,,active
rocket-ismail-signed-pro-white-football-jersey-jsa,,,,,,,,,,,,,,,,,,,,,,,,,,,,,,,,https://cdn.shopify.com/s/files/1/0642/7842/9930/files/ismail-raiders-white-autographed-stitched-football-jersey-signature_5b907246-147d-4d8b-9a58-0c7e3d98bd08.jpg?v=1761174086,2,"",,,,,,,,,,,,,,,
rocket-ismail-signed-pro-white-football-jersey-jsa,,,,,,,,,,,,,,,,,,,,,,,,,,,,,,,,https://cdn.shopify.com/s/files/1/0642/7842/9930/files/ismail-raiders-white-autographed-stitched-football-jersey-front_dad14e5c-b962-457f-a037-885bbcfb45ea.jpg?v=1761174087,3,"",,,,,,,,,,,,,,,
rocket-ismail-pro-style-autographed-football-jersey-black-jsa,Rocket Ismail Signed Las Vegas Black Football Jersey (Beckett),"<p>This custom stitched football jersey has been personally hand signed by Rocket Ismail and authenticated by a top 3rd party authentication company. All autographed sports collectibles are limited! Order now to add this timeless piece of football memorabilia to your collection before it’s gone.</p><ul>
<li>Hand signed Football jersey autographed by Rocket Ismail and authenticated by Beckett</li>
<li>Includes a <em>Witnessed Protection Program</em> tamper-proof authentication sticker from Beckett</li>
<li>90-day Satisfaction Guarantee: if you are not completely satisfied with your piece of memorabilia, return the item in its original condition and receive a full refund</li>
</ul>",RSA,,Autographed Football Jerseys,"Categorized, FB, In-Stock, inhouse, jersey, Jerseys, MYS_Professional, NFL, Raiders, RSA-products, V, Warehouse",true,Title,Default Title,,,,,,,,RSA-00063,454.000603133,shopify,72,deny,manual,43.00,59.99,true,true,,,,,,https://cdn.shopify.com/s/files/1/0642/7842/9930/files/ismail-raiders-black-autographed-stitched-football-jersey-back.jpg?v=1756763450,1,"",false,,,,,,,,lb,,25.00,true,,,active
rocket-ismail-pro-style-autographed-football-jersey-black-jsa,,,,,,,,,,,,,,,,,,,,,,,,,,,,,,,,https://cdn.shopify.com/s/files/1/0642/7842/9930/files/ismail-raiders-black-autographed-stitched-football-jersey-signature.jpg?v=1756763450,2,"",,,,,,,,,,,,,,,
rocket-ismail-pro-style-autographed-football-jersey-black-jsa,,,,,,,,,,,,,,,,,,,,,,,,,,,,,,,,https://cdn.shopify.com/s/files/1/0642/7842/9930/files/ismail-raiders-black-autographed-stitched-football-jersey-front.jpg?v=1756763450,3,"",,,,,,,,,,,,,,,
robert-mathis-signed-indianapolis-pro-white-football-jersey-jsa,Robert Mathis Signed Indianapolis Pro White Football Jersey (JSA),"<ul>
<li>A professional style white custom replica football jersey autographed by Robert Mathis and authenticated by JSA</li>
<li>Includes a Certificate of Authenticity from JSA</li>
<li>Orders are generally shipped the same day if placed before 3pm and delivery only takes 3 to 5 days</li>
<li>
<strong>90-day Satisfaction Guarantee:</strong> if you are not completely satisfied with your piece of memorabilia, you have 90 days from when you receive it to return the item in its original condition and receive a full refund</li>
</ul>",RSA,,Autographed Football Jerseys,"Categorized, colts, FB, inhouse, jersey, Jerseys, MYS_Professional, RSA-products, Sold-Out, Warehouse, X",true,Title,Default Title,,,,,,,,RSA-03301,907.1989147615625,shopify,4,deny,manual,50.00,69.99,true,true,,,,,,https://cdn.shopify.com/s/files/1/0642/7842/9930/files/mathis-colts-white-autographed-stitched-football-jersey-back.jpg?v=1756763451,1,"",false,,,,,,,,oz,,25.00,true,,,active
robert-mathis-signed-indianapolis-pro-white-football-jersey-jsa,,,,,,,,,,,,,,,,,,,,,,,,,,,,,,,,https://cdn.shopify.com/s/files/1/0642/7842/9930/files/mathis-colts-white-autographed-stitched-football-jersey-signature.jpg?v=1756763451,2,"",,,,,,,,,,,,,,,
robert-mathis-signed-indianapolis-pro-white-football-jersey-jsa,,,,,,,,,,,,,,,,,,,,,,,,,,,,,,,,https://cdn.shopify.com/s/files/1/0642/7842/9930/files/mathis-colts-white-autographed-stitched-football-jersey-front.jpg?v=1756763451,3,"",,,,,,,,,,,,,,,
robert-mathis-signed-indianapolis-pro-blue-football-jersey-jsa,Robert Mathis Signed Indianapolis Pro Blue Football Jersey (JSA),"<ul>
<li>A professional style blue custom replica football jersey autographed by Robert Mathis and authenticated by JSA</li>
<li>Includes a Certificate of Authenticity from JSA</li>
<li>Orders are generally shipped the same day if placed before 3pm and delivery only takes 3 to 5 days</li>
<li>
<strong>90-day Satisfaction Guarantee:</strong> if you are not completely satisfied with your piece of memorabilia, you have 90 days from when you receive it to return the item in its original condition and receive a full refund</li>
</ul>",RSA,,Autographed Football Jerseys,"BFCM24, Categorized, colts, FB, inhouse, jersey, Jerseys, MYS_Professional, RSA, RSA-Mystery, RSA-products, Season, Sold-Out, Warehouse, X, year-end",true,Title,Default Title,,,,,,,,RSA-03203,907.1989147615625,shopify,113,deny,manual,50.00,69.99,true,true,,,,,,https://cdn.shopify.com/s/files/1/0642/7842/9930/files/mathis-colts-blue-autographed-stitched-football-jersey-back.jpg?v=1756763452,1,"",false,,,,,,,,oz,,25.00,true,,,active
robert-mathis-signed-indianapolis-pro-blue-football-jersey-jsa,,,,,,,,,,,,,,,,,,,,,,,,,,,,,,,,https://cdn.shopify.com/s/files/1/0642/7842/9930/files/mathis-colts-blue-autographed-stitched-football-jersey-signature.jpg?v=1756763452,2,"",,,,,,,,,,,,,,,
robert-mathis-signed-indianapolis-pro-blue-football-jersey-jsa,,,,,,,,,,,,,,,,,,,,,,,,,,,,,,,,https://cdn.shopify.com/s/files/1/0642/7842/9930/files/mathis-colts-blue-autographed-stitched-football-jersey-front.jpg?v=1756763452,3,"",,,,,,,,,,,,,,,
rico-dowdle-signed-dallas-white-football-jersey-beckett,Rico Dowdle Signed Dallas White Football Jersey (Beckett),"<p>This custom stitched football jersey has been personally hand signed by Rico Dowdle and authenticated by a top 3rd party authentication company. All autographed sports collectibles are limited! Order now to add this timeless piece of football memorabilia to your collection before it’s gone.</p><ul>
<li>Custom football jersey autographed by Rico Dowdle and authenticated by Beckett</li>
<li>Includes a <em>Witnessed Protection Program</em> tamper-proof authentication sticker from Beckett</li>
<li>
<strong>90-day Satisfaction Guarantee:</strong> if you are not completely satisfied with your piece of memorabilia, return the item in its original condition and receive a full refund</li>
</ul>",RSA,,Autographed Football Jerseys,"05-23-RSA, BFCM24, cowboys, FB, inhouse, jersey, Jerseys, V",true,Title,Default Title,,,,,,,,RSA-09186,907.1989147615625,shopify,52,deny,manual,35.00,49.99,true,true,,,,,,https://cdn.shopify.com/s/files/1/0642/7842/9930/files/dowdle-cowboys-white-autographed-stitched-football-jersey-back.jpg?v=1756763453,1,"",false,,,,,,,,oz,,30.00,true,,,active
rico-dowdle-signed-dallas-white-football-jersey-beckett,,,,,,,,,,,,,,,,,,,,,,,,,,,,,,,,https://cdn.shopify.com/s/files/1/0642/7842/9930/files/dowdle-cowboys-white-autographed-stitched-football-jersey-signature.jpg?v=1756763453,2,"",,,,,,,,,,,,,,,
rico-dowdle-signed-dallas-white-football-jersey-beckett,,,,,,,,,,,,,,,,,,,,,,,,,,,,,,,,https://cdn.shopify.com/s/files/1/0642/7842/9930/files/dowdle-cowboys-white-autographed-stitched-football-jersey-front.jpg?v=1756763453,3,"",,,,,,,,,,,,,,,
ricky-williams-signed-texas-college-white-football-jersey-jsa,Ricky Williams Signed Texas College White Football Jersey (JSA),"<ul>
<li>A collegiate style white custom replica football jersey autographed by Ricky Williams and authenticated by JSA</li>
<li>Includes a Certificate of Authenticity from JSA</li>
<li>Orders are generally shipped the same day if placed before 3pm and delivery only takes 3 to 5 days</li>
<li>
<strong>90-day Satisfaction Guarantee:</strong> if you are not completely satisfied with your piece of memorabilia, you have 90 days from when you receive it to return the item in its original condition and receive a full refund</li>
</ul>",RSA,,Autographed Football Jerseys,"49BF, Categorized, College, FB, inhouse, jersey, Jerseys, MYS_College, MYS_product, MYS_run2-2, RSA, RSA-products, Sold-Out, Warehouse, X",true,Title,Default Title,,,,,,,,RSA-03189,907.1989147615625,shopify,36,deny,manual,50.00,69.99,true,true,,,,,,https://cdn.shopify.com/s/files/1/0642/7842/9930/files/williams-longhorns-white-autographed-stitched-football-jersey-back_1a5c5992-241f-4e2d-be0c-f917cc78b119.jpg?v=1756763454,1,"",false,,,,,,,,oz,,32.00,true,,,active
ricky-williams-signed-texas-college-white-football-jersey-jsa,,,,,,,,,,,,,,,,,,,,,,,,,,,,,,,,https://cdn.shopify.com/s/files/1/0642/7842/9930/files/williams-longhorns-white-autographed-stitched-football-jersey-signature_25033c49-b3ce-49eb-b190-774bf78dfd0f.jpg?v=1756763454,2,"",,,,,,,,,,,,,,,
ricky-williams-signed-texas-college-white-football-jersey-jsa,,,,,,,,,,,,,,,,,,,,,,,,,,,,,,,,https://cdn.shopify.com/s/files/1/0642/7842/9930/files/williams-longhorns-white-autographed-stitched-football-jersey-front_27a9d46a-df9e-4b08-b784-2db8a1b963c3.jpg?v=1756763454,3,"",,,,,,,,,,,,,,,
ricky-williams-signed-puff-puff-run-smoke-weed-every-day-inscription-miami-pro-blue-football-jersey-jsa,Ricky Williams Signed Puff Puff Run Smoke Weed Every Day Inscription Miami Pro Blue Football Jersey (Beckett),"<ul>
<li>A professional style blue custom replica football jersey autographed by Ricky Williams with Puff Puff Run, Smoke Weed Every Day inscription and authenticated by Beckett</li>
<li>Includes a Witnessed Sticker of Authenticity from Beckett</li>
<li>Orders are generally shipped the same day if placed before 3pm and delivery only takes 3 to 5 days</li>
<li>
<strong>90-day Satisfaction Guarantee:</strong> if you are not completely satisfied with your piece of memorabilia, you have 90 days from when you receive it to return the item in its original condition and receive a full refund</li>
</ul>",RSA,,Autographed Football Jerseys,"100+, 3xHIT, BFCM24, Categorized, dolphins, duplicate, FB, inhouse, jersey, Jerseys, MYS_Professional, Premium, Premium-FB, RSA, RSA-Mystery, RSA-products, Season, Sold-Out, Warehouse, X, year-end",true,Title,Default Title,,,,,,,,RSA-02467,453.59237,shopify,71,deny,manual,85.00,129.99,true,true,,,,,,https://cdn.shopify.com/s/files/1/0642/7842/9930/files/williams-dolphins-420-puff-puff-run-blue-autographed-stitched-football-jersey-back.jpg?v=1756763456,1,"",false,,,,,,,,oz,,56.00,true,,,active
ricky-williams-signed-puff-puff-run-smoke-weed-every-day-inscription-miami-pro-blue-football-jersey-jsa,,,,,,,,,,,,,,,,,,,,,,,,,,,,,,,,https://cdn.shopify.com/s/files/1/0642/7842/9930/files/williams-dolphins-420-puff-puff-run-blue-autographed-stitched-football-jersey-signature.jpg?v=1756763456,2,"",,,,,,,,,,,,,,,
ricky-williams-signed-puff-puff-run-smoke-weed-every-day-inscription-miami-pro-blue-football-jersey-jsa,,,,,,,,,,,,,,,,,,,,,,,,,,,,,,,,https://cdn.shopify.com/s/files/1/0642/7842/9930/files/williams-dolphins-420-puff-puff-run-blue-autographed-stitched-football-jersey-front.jpg?v=1756763456,3,"",,,,,,,,,,,,,,,
ricky-williams-signed-miami-pro-teal-football-jersey-jsa,Ricky Williams Signed Miami Pro Teal Football Jersey (JSA ),"<ul>
<li>A professional style blue custom replica football jersey autographed by Ricky Williams and authenticated by JSA </li>
<li>Includes a Certificate of Authenticity from JSA </li>
<li>Orders are generally shipped the same day if placed before 3pm and delivery only takes 3 to 5 days</li>
<li>
<strong>90-day Satisfaction Guarantee:</strong> if you are not completely satisfied with your piece of memorabilia, you have 90 days from when you receive it to return the item in its original condition and receive a full refund</li>
</ul>",RSA,Uncategorized,Autographed Football Jerseys,"49BF, Categorized, dolphins, FB, inhouse, jersey, Jerseys, MYS_product, MYS_Professional, MYS_run1-1, RSA, RSA-products, Season, Sold-Out, Warehouse, X",true,Title,Default Title,,,,,,,,RSA-02469,850.48569375,shopify,72,deny,manual,50.00,69.99,true,true,,,,,,https://cdn.shopify.com/s/files/1/0642/7842/9930/files/williams-dolphins-teal-autographed-stitched-football-jersey-back.jpg?v=1756763457,1,"",false,,,,,,,,oz,,32.00,true,,,active
ricky-williams-signed-miami-pro-teal-football-jersey-jsa,,,,,,,,,,,,,,,,,,,,,,,,,,,,,,,,https://cdn.shopify.com/s/files/1/0642/7842/9930/files/williams-dolphins-teal-autographed-stitched-football-jersey-signature.jpg?v=1756763458,2,"",,,,,,,,,,,,,,,
ricky-williams-signed-miami-pro-teal-football-jersey-jsa,,,,,,,,,,,,,,,,,,,,,,,,,,,,,,,,https://cdn.shopify.com/s/files/1/0642/7842/9930/files/williams-dolphins-teal-autographed-stitched-football-jersey-front.jpg?v=1756763458,3,"",,,,,,,,,,,,,,,
ricky-williams-signed-miami-pro-orange-football-jersey-jsa,Ricky Williams Signed Miami Pro Orange Football Jersey (JSA),"<ul>
<li>A professional style orange custom replica football jersey autographed by Ricky Williams and authenticated by JSA</li>
<li>Includes a Certificate of Authenticity from JSA</li>
<li>Orders are generally shipped the same day if placed before 3pm and delivery only takes 3 to 5 days</li>
<li>
<strong>90-day Satisfaction Guarantee:</strong> if you are not completely satisfied with your piece of memorabilia, you have 90 days from when you receive it to return the item in its original condition and receive a full refund</li>
</ul>",RSA,,Autographed Football Jerseys,"49BF, Categorized, dolphins, FB, inhouse, jersey, Jerseys, MYS_product, MYS_Professional, MYS_run2-2, RSA, RSA-Mystery, RSA-products, Season, Sold-Out, Warehouse, X",true,Title,Default Title,,,,,,,,RSA-02470,453.59237,shopify,50,deny,manual,50.00,69.99,true,true,,,,,,https://cdn.shopify.com/s/files/1/0642/7842/9930/files/williams-dolphins-orange-autographed-stitched-football-jersey-back.jpg?v=1756763458,1,"",false,,,,,,,,oz,,32.00,true,,,active
ricky-williams-signed-miami-pro-orange-football-jersey-jsa,,,,,,,,,,,,,,,,,,,,,,,,,,,,,,,,https://cdn.shopify.com/s/files/1/0642/7842/9930/files/williams-dolphins-orange-autographed-stitched-football-jersey-signature.jpg?v=1756763458,2,"",,,,,,,,,,,,,,,
ricky-williams-signed-miami-pro-orange-football-jersey-jsa,,,,,,,,,,,,,,,,,,,,,,,,,,,,,,,,https://cdn.shopify.com/s/files/1/0642/7842/9930/files/williams-dolphins-orange-autographed-stitched-football-jersey-front.jpg?v=1756763459,3,"",,,,,,,,,,,,,,,
ray-ray-mccloud-signed-san-francisco-white-football-jersey-jsa,Ray-Ray McCloud Signed San Francisco White Football Jersey (JSA),"<p>This custom stitched football jersey has been personally hand signed by Ray-Ray McCloud and authenticated by a top 3rd party authentication company. All autographed sports collectibles are limited! Order now to add this timeless piece of football memorabilia to your collection before it’s gone.</p><ul>
<li>Custom football jersey autographed by Ray-Ray McCloud and authenticated by JSA</li>
<li>Includes a <em>Witnessed Protection Program</em> tamper-proof authentication sticker from JSA</li>
<li>
<strong>90-day Satisfaction Guarantee:</strong> if you are not completely satisfied with your piece of memorabilia, return the item in its original condition and receive a full refund</li>
</ul>",RSA,,Autographed Football Jerseys,"49ers, BFCM24, FB, inhouse, jersey, Jerseys, Season, V, year-end",true,Title,Default Title,,,,,,,,RSA-08377,907.1989147615625,shopify,49,deny,manual,35.00,49.99,true,true,,,,,,https://cdn.shopify.com/s/files/1/0642/7842/9930/files/mccloud-49ers-white-autographed-stitched-football-jersey-back.jpg?v=1756763460,1,"",false,,,,,,,,oz,,25.00,true,,,active
ray-ray-mccloud-signed-san-francisco-white-football-jersey-jsa,,,,,,,,,,,,,,,,,,,,,,,,,,,,,,,,https://cdn.shopify.com/s/files/1/0642/7842/9930/files/mccloud-49ers-white-autographed-stitched-football-jersey-signature.jpg?v=1756763460,2,"",,,,,,,,,,,,,,,
ray-ray-mccloud-signed-san-francisco-white-football-jersey-jsa,,,,,,,,,,,,,,,,,,,,,,,,,,,,,,,,https://cdn.shopify.com/s/files/1/0642/7842/9930/files/mccloud-49ers-white-autographed-stitched-football-jersey-front.jpg?v=1756763460,3,"",,,,,,,,,,,,,,,
ray-ray-mccloud-signed-san-francisco-red-football-jersey-jsa,Ray-Ray McCloud Signed San Francisco Red Football Jersey (JSA),"<p>This custom stitched football jersey has been personally hand signed by Ray-Ray McCloud and authenticated by a top 3rd party authentication company. All autographed sports collectibles are limited! Order now to add this timeless piece of football memorabilia to your collection before it’s gone.</p><ul>
<li>Custom football jersey autographed by Ray-Ray McCloud and authenticated by JSA</li>
<li>Includes a <em>Witnessed Protection Program</em> tamper-proof authentication sticker from JSA</li>
<li>
<strong>90-day Satisfaction Guarantee:</strong> if you are not completely satisfied with your piece of memorabilia, return the item in its original condition and receive a full refund</li>
</ul>",RSA,,Autographed Football Jerseys,"49ers, BFCM24, FB, inhouse, jersey, Jerseys, Season, V, year-end",true,Title,Default Title,,,,,,,,RSA-08332,907.1989147615625,shopify,38,deny,manual,35.00,49.99,true,true,,,,,,https://cdn.shopify.com/s/files/1/0642/7842/9930/files/mccloud-49ers-red-autographed-stitched-football-jersey-back.jpg?v=1756763461,1,"",false,,,,,,,,oz,,25.00,true,,,active
ray-ray-mccloud-signed-san-francisco-red-football-jersey-jsa,,,,,,,,,,,,,,,,,,,,,,,,,,,,,,,,https://cdn.shopify.com/s/files/1/0642/7842/9930/files/mccloud-49ers-red-autographed-stitched-football-jersey-signature.jpg?v=1756763461,2,"",,,,,,,,,,,,,,,
ray-ray-mccloud-signed-san-francisco-red-football-jersey-jsa,,,,,,,,,,,,,,,,,,,,,,,,,,,,,,,,https://cdn.shopify.com/s/files/1/0642/7842/9930/files/mccloud-49ers-red-autographed-stitched-football-jersey-front.jpg?v=1756763461,3,"",,,,,,,,,,,,,,,
ray-ray-mccloud-signed-san-francisco-black-football-jersey-jsa,Ray-Ray McCloud Signed San Francisco Black Football Jersey (JSA),"<p>This custom stitched football jersey has been personally hand signed by Ray-Ray McCloud and authenticated by a top 3rd party authentication company. All autographed sports collectibles are limited! Order now to add this timeless piece of football memorabilia to your collection before it’s gone.</p><ul>
<li>Custom football jersey autographed by Ray-Ray McCloud and authenticated by JSA</li>
<li>Includes a <em>Witnessed Protection Program</em> tamper-proof authentication sticker from JSA</li>
<li>
<strong>90-day Satisfaction Guarantee:</strong> if you are not completely satisfied with your piece of memorabilia, return the item in its original condition and receive a full refund</li>
</ul>",RSA,,Autographed Football Jerseys,"08-26-RSA, 49ers, BFCM24, FB, inhouse, jersey, Jerseys, Season, V, year-end",true,Title,Default Title,,,,,,,,RSA-08392,907.1989147615625,shopify,44,deny,manual,35.00,49.99,true,true,,,,,,https://cdn.shopify.com/s/files/1/0642/7842/9930/files/mcloud-III-49ers-black-autographed-stitched-football-jersey-back.jpg?v=1756763462,1,"",false,,,,,,,,oz,,25.00,true,,,active
ray-ray-mccloud-signed-san-francisco-black-football-jersey-jsa,,,,,,,,,,,,,,,,,,,,,,,,,,,,,,,,https://cdn.shopify.com/s/files/1/0642/7842/9930/files/mcloud-III-49ers-black-autographed-stitched-football-jersey-signature.jpg?v=1756763462,2,"",,,,,,,,,,,,,,,
ray-ray-mccloud-signed-san-francisco-black-football-jersey-jsa,,,,,,,,,,,,,,,,,,,,,,,,,,,,,,,,https://cdn.shopify.com/s/files/1/0642/7842/9930/files/mcloud-III-49ers-black-autographed-stitched-football-jersey-front.jpg?v=1756763462,3,"",,,,,,,,,,,,,,,
ray-lewis-signed-pro-edition-white-football-jersey-beckett,Ray Lewis Signed Pro-Edition White Football Jersey (Beckett),"<ul>
<li>A professional-style XL stitched football jersey autographed byRay Lewis and authenticated by Beckett</li>
<li>Includes a <em>Witness Protection Program </em>Sticker of Authenticity from Beckett</li>
<li>Orders are generally shipped the same day if placed before 3pm and delivery only takes 3 to 5 days</li>
<li>90-day Satisfaction Guarantee: if you are not completely satisfied with your piece of memorabilia, you have 90 days from when you receive it to return the item in its original condition and receive a full refund</li>
</ul>",RSA,,Autographed Football Jerseys,"Best-Seller, BFCM24, Categorized, FB, inhouse, jersey, Jerseys, MYS_HOF, MYS_Professional, Ravens, RSA-products, Season, Sold-Out, Warehouse, X",true,Title,Default Title,,,,,,,,RSA-01745,907.18474,shopify,4,deny,manual,120.00,159.99,true,true,,,,,,https://cdn.shopify.com/s/files/1/0642/7842/9930/files/lewis-ravens-white-autographed-stitched-football-jersey-back.jpg?v=1756763462,1,"",false,,,,,,,,lb,,95.00,true,,,active
ray-lewis-signed-pro-edition-white-football-jersey-beckett,,,,,,,,,,,,,,,,,,,,,,,,,,,,,,,,https://cdn.shopify.com/s/files/1/0642/7842/9930/files/lewis-ravens-white-autographed-stitched-football-jersey-signature.jpg?v=1756763463,2,"",,,,,,,,,,,,,,,
ray-lewis-signed-pro-edition-white-football-jersey-beckett,,,,,,,,,,,,,,,,,,,,,,,,,,,,,,,,https://cdn.shopify.com/s/files/1/0642/7842/9930/files/lewis-ravens-white-autographed-stitched-football-jersey-front.jpg?v=1756763463,3,"",,,,,,,,,,,,,,,
ray-lewis-signed-baltimore-purple-football-jersey-beckett,Ray Lewis Signed Baltimore Purple Football Jersey (Beckett),"<ul>
<li>A professional-style purple custom replica football jersey autographed by Ray Lewis and authenticated by JSA</li>
<li>Includes a <em>Witness Protection Program </em>Certificate of Authenticity from JSA</li>
<li>Orders are generally shipped the same day if placed before 3pm and delivery only takes 3 to 5 days</li>
<li>
<strong>90-day Satisfaction Guarantee:</strong> if you are not completely satisfied with your piece of memorabilia, you have 90 days from when you receive it to return the item in its original condition and receive a full refund</li>
</ul>",RSA,,Autographed Football Jerseys,"Best-Seller, BFCM24, Categorized, duplicate, FB, In-Stock, inhouse, jersey, Jerseys, MYS_HOF, MYS_Professional, Ravens, RSA-products, V, Warehouse",true,Title,Default Title,,,,,,,,RSA-01697,907.18474,shopify,4,deny,manual,120.00,159.99,true,true,,,,,,https://cdn.shopify.com/s/files/1/0642/7842/9930/files/lewis-ravens-purple-autographed-stitched-football-jersey-back.jpg?v=1756763463,1,"",false,,,,,,,,lb,,95.00,true,,,active
ray-lewis-signed-baltimore-purple-football-jersey-beckett,,,,,,,,,,,,,,,,,,,,,,,,,,,,,,,,https://cdn.shopify.com/s/files/1/0642/7842/9930/files/lewis-ravens-purple-autographed-stitched-football-jersey-signature.jpg?v=1756763463,2,"",,,,,,,,,,,,,,,
ray-lewis-signed-baltimore-purple-football-jersey-beckett,,,,,,,,,,,,,,,,,,,,,,,,,,,,,,,,https://cdn.shopify.com/s/files/1/0642/7842/9930/files/lewis-ravens-purple-autographed-stitched-football-jersey-front.jpg?v=1756763464,3,"",,,,,,,,,,,,,,,
rashee-rice-signed-kansas-city-yellow-football-jersey-jsa,Rashee Rice Signed Kansas City Yellow Football Jersey (JSA),"<ul>
<li>A professional style yellow custom replica football jersey autographed by Rashee Rice and authenticated by JSA</li>
<li>Includes a Certificate of Authenticity from JSA</li>
<li>Orders are generally shipped the same or next day and delivery only takes 3 to 5 days</li>
<li>
<strong>90-day Satisfaction Guarantee:</strong> if you are not completely satisfied with your piece of memorabilia, you have 90 days from when you receive it to return the item in its original condition and receive a full refund</li>
</ul>",RSA,,Autographed Football Jerseys,"11-09-RSA, chiefs, current, Current Star, FB, inhouse, jersey, Jerseys, New Arrival, Sold-Out, X",true,Title,Default Title,,,,,,,,RSA-08030,907.1989147615625,shopify,34,deny,manual,90.00,119.99,true,true,,,,,,https://cdn.shopify.com/s/files/1/0642/7842/9930/files/rice-chiefs-gold-autographed-stitched-football-jersey-back.jpg?v=1731088528,1,"",false,,,,,,,,oz,,65.00,true,,,active
rashee-rice-signed-kansas-city-yellow-football-jersey-jsa,,,,,,,,,,,,,,,,,,,,,,,,,,,,,,,,https://cdn.shopify.com/s/files/1/0642/7842/9930/files/rice-chiefs-gold-autographed-stitched-football-jersey-signature.jpg?v=1731088531,2,"",,,,,,,,,,,,,,,
rashee-rice-signed-kansas-city-yellow-football-jersey-jsa,,,,,,,,,,,,,,,,,,,,,,,,,,,,,,,,https://cdn.shopify.com/s/files/1/0642/7842/9930/files/rice-chiefs-gold-autographed-stitched-football-jersey-front.jpg?v=1731088533,3,"",,,,,,,,,,,,,,,
rashee-rice-signed-kansas-city-white-football-jersey-jsa,Rashee Rice Signed Kansas City White Football Jersey (JSA),"<p>
 <strong>Product Information:</strong></p>
 <p>
 Decorate your man cave, office or bedroom with a signed Rashee Rice football jersey that supports your favorite player and team. This Kansas City white football jersey has been autographed by Rashee Rice. It features the road white colors with red and gold accents but does not include any NFL or Chiefs logos. Choosing a custom-stitched Rashee Rice jersey offers a more affordable way to represent those you cheer on every Sunday.</p>
 <p>
 This Chiefs Rice jersey is an authentic piece of sports memorabilia, which makes it highly collectible. It comes with a certificate of authenticity from JSA (James Spence Authentication), ensuring the signature is genuine and the jersey is an original product. Rashee Rice's number ""4"" and name are prominently displayed, and the autograph of Rashee Rice is visible on the number on the back of the jersey. A tamper-proof authentication sticker is below the signature.</p>
 <p>
 At RSA, we offer the best prices and a 90-day satisfaction guarantee on every signed jersey we sell. Add the Rashee Rice jersey to your collection or make it a gift with fast shipping.</p>
 <p><strong>Top Three Reasons You Will Love a Rashee Rice Signed Jersey:</strong></p><p>
 1. <strong>Sports Memorabilia Collection:</strong> This signed jersey would be an excellent addition to any sports memorabilia collection. Autographed items are always sought after by collectors, and this jersey signed by Rashee Rice would be no exception.</p><p>
 2. <strong>Fans of Rashee Rice or Kansas City:</strong> If you're a fan of Rashee Rice or the Kansas City football team, we're sure you'll be interested in owning this signed jersey. It's a great way to show support for a favorite player or team.</p><p>
 3. <strong>A Lasting Investment:</strong> Autographed sports memorabilia often increases in value over time, especially items signed by notable players like Rashee Rice. This makes the signed jersey not just a piece of fan merchandise but also a potential investment.</p>
<ul>
<li>
<strong>90-day Satisfaction Guarantee:</strong> if you are not completely satisfied with your piece of memorabilia, return the item in its original condition and receive a full refund</li>
</ul>",RSA,,Autographed Football Jerseys,"11-25-RSA, chiefs, current, Current Star, FB, inhouse, jersey, Jerseys, New Arrival, Sold-Out, X",true,Title,Default Title,,,,,,,,RSA-08131,907.1989147615625,shopify,65,deny,manual,90.00,119.99,true,true,,,,,,https://cdn.shopify.com/s/files/1/0642/7842/9930/files/rice-chiefs-white-autographed-stitched-football-jersey-back.jpg?v=1731088521,1,"",false,,,,,,,,oz,,65.00,true,,,active
rashee-rice-signed-kansas-city-white-football-jersey-jsa,,,,,,,,,,,,,,,,,,,,,,,,,,,,,,,,https://cdn.shopify.com/s/files/1/0642/7842/9930/files/rice-chiefs-white-autographed-stitched-football-jersey-signature.jpg?v=1731088523,2,"",,,,,,,,,,,,,,,
rashee-rice-signed-kansas-city-white-football-jersey-jsa,,,,,,,,,,,,,,,,,,,,,,,,,,,,,,,,https://cdn.shopify.com/s/files/1/0642/7842/9930/files/rice-chiefs-white-autographed-stitched-football-jersey-front.jpg?v=1731088524,3,"",,,,,,,,,,,,,,,
rashee-rice-signed-kansas-city-black-football-jersey-jsa,Rashee Rice Signed Kansas City Black Football Jersey (JSA),"<li>This custom stitched football jersey has been personally hand signed by Rashee Rice and authenticated by a top 3rd party authentication company. All autographed sports collectibles are limited! Order now to add this timeless piece of football memorabilia to your collection before it’s gone.</li><ul>
<li> mini NFL football helmet autographed by Rashee Riceand authenticated by JSA</li>
<li>Includes a tamper-proof authentication sticker from JSA</li>
<li>
<strong>90-day Satisfaction Guarantee:</strong> if you are not completely satisfied with your piece of memorabilia, return the item in its original condition and receive a full refund</li>
</ul>",RSA,,Autographed Football Jerseys,"11-25-RSA, chiefs, current, Current Star, FB, inhouse, jersey, Jerseys, New Arrival, Sold-Out, X",true,Title,Default Title,,,,,,,,RSA-08130,907.1989147615625,shopify,38,deny,manual,90.00,119.99,true,true,,,,,,https://cdn.shopify.com/s/files/1/0642/7842/9930/files/rice-chiefs-black-autographed-stitched-football-jersey-back.jpg?v=1731088506,1,"",false,,,,,,,,oz,,65.00,true,,,active
rashee-rice-signed-kansas-city-black-football-jersey-jsa,,,,,,,,,,,,,,,,,,,,,,,,,,,,,,,,https://cdn.shopify.com/s/files/1/0642/7842/9930/files/rice-chiefs-black-autographed-stitched-football-jersey-front.jpg?v=1731088507,2,"",,,,,,,,,,,,,,,
rashee-rice-signed-kansas-city-black-football-jersey-jsa,,,,,,,,,,,,,,,,,,,,,,,,,,,,,,,,https://cdn.shopify.com/s/files/1/0642/7842/9930/files/rice-chiefs-black-autographed-stitched-football-jersey-signature.jpg?v=1731088509,3,"",,,,,,,,,,,,,,,
randy-white-signed-hof-94-inscription-dallas-pro-white-football-jersey-jsa,Randy White Signed HOF 94 Inscription Dallas Pro White Football Jersey (JSA),"<p>If you're a Dallas Cowboys fan of a certain age, you can say without question: The Randy White years were the team's best, hands down.</p>
<p>There's no debate. But if one begins, you can direct all detractors to your Cowboys memorabilia collection - complete with this signed and authenticated jersey.</p>
<p>After playing for the University of Maryland Terrapins, White was drafted by the Cowboys in 1975 as a first-round pick. He served as a backup for his first couple of years on the field, before recognition started to build in 1976. That year, he earned a spot on an All-Pro team, an appearance at a Pro Bowl, and a co-MVP award following Super Bowl XII. By 1978, the NFC named him Defensive Player of the Year.</p>
<p>White continued playing into the 1988 season. In total, he played 14 seasons and 209 games - the second-longest streak at that time for anyone who signed with Dallas.</p>
<p>Because no Dallas Cowboys memorabilia collection is complete without a mention of Randy White, this autographed jersey features his player number and a third-party authenticated signature.</p>
<ul>
<li>A professional-style white custom replica football jersey autographed by Randy White with HOF 94 inscription and authenticated by JSA</li>
<li>Includes a Certificate of Authenticity from JSA</li>
<li>Orders are generally shipped the same day if placed before 3 p.m. and delivery only takes 3 to 5 days</li>
<li>
<strong>90-day Satisfaction Guarantee:</strong> if you are not completely satisfied with your piece of memorabilia, you have 90 days from when you receive it to return the item in its original condition and receive a full refund</li>
</ul>",RSA,,Autographed Football Jerseys,"BFCM24, Categorized, cowboys, duplicate, FB, In-Stock, inhouse, jersey, Jerseys, MYS_HOF, MYS_product, MYS_Professional, MYS_pulled, MYS_run2-2, Popular, RSA, RSA-Mystery, RSA-products, Season, V, Warehouse",true,Title,Default Title,,,,,,,,RSA-02456,907.18474,shopify,4,deny,manual,48.00,69.99,true,true,,,,,,https://cdn.shopify.com/s/files/1/0642/7842/9930/files/white-cowboys-hof-94-white-autographed-stitched-football-jersey-back.jpg?v=1756763465,1,"",false,,,,,,,,lb,,30.00,true,,,active
randy-white-signed-hof-94-inscription-dallas-pro-white-football-jersey-jsa,,,,,,,,,,,,,,,,,,,,,,,,,,,,,,,,https://cdn.shopify.com/s/files/1/0642/7842/9930/files/white-cowboys-hof-94-white-autographed-stitched-football-jersey-signature.jpg?v=1756763465,2,"",,,,,,,,,,,,,,,
randy-white-signed-hof-94-inscription-dallas-pro-white-football-jersey-jsa,,,,,,,,,,,,,,,,,,,,,,,,,,,,,,,,https://cdn.shopify.com/s/files/1/0642/7842/9930/files/white-cowboys-hof-94-white-autographed-stitched-football-jersey-front.jpg?v=1756763465,3,"",,,,,,,,,,,,,,,
randy-white-signed-hof-94-inscription-dallas-pro-thanksgiving-football-jersey-jsa,Randy White Signed HOF 94 Inscription Dallas Pro Thanksgiving Football Jersey (JSA),"<ul>
<li>A professional style thanksgiving custom replica football jersey autographed by Randy White with HOF 94 inscription and authenticated by JSA</li>
<li>Includes a Certificate of Authenticity from JSA</li>
<li>Orders are generally shipped the same day if placed before 3pm and delivery only takes 3 to 5 days</li>
<li>
<strong>90-day Satisfaction Guarantee:</strong> if you are not completely satisfied with your piece of memorabilia, you have 90 days from when you receive it to return the item in its original condition and receive a full refund</li>
</ul>",RSA,,Autographed Football Jerseys,"Categorized, cowboys, FB, In-Stock, inhouse, jersey, Jerseys, MYS_HOF, MYS_product, MYS_Professional, MYS_run2-2, RSA, RSA-Mystery, RSA-products, V, Warehouse",false,Title,Default Title,,,,,,,,RSA-02458,453.59237,shopify,19,deny,manual,50.00,69.99,true,true,,,,,,https://cdn.shopify.com/s/files/1/0642/7842/9930/files/white-cowboys-thanksgiving-autographed-stitched-football-jersey-back.jpg?v=1731088470,1,"",false,,,,,,,,oz,,30.00,true,,,draft
randy-white-signed-hof-94-inscription-dallas-pro-thanksgiving-football-jersey-jsa,,,,,,,,,,,,,,,,,,,,,,,,,,,,,,,,https://cdn.shopify.com/s/files/1/0642/7842/9930/files/white-cowboys-thanksgiving-autographed-stitched-football-jersey-signature.jpg?v=1731088472,2,"",,,,,,,,,,,,,,,
randy-white-signed-hof-94-inscription-dallas-pro-thanksgiving-football-jersey-jsa,,,,,,,,,,,,,,,,,,,,,,,,,,,,,,,,https://cdn.shopify.com/s/files/1/0642/7842/9930/files/white-cowboys-thanksgiving-autographed-stitched-football-jersey-front.jpg?v=1731088474,3,"",,,,,,,,,,,,,,,
randy-white-signed-hof-94-inscription-dallas-pro-blue-football-jersey-white-numbers-jsa,Randy White Signed HOF 94 Inscription Dallas Pro Navy Football Jersey - White Numbers (JSA),"<ul>
<li>A professional style blue custom replica football jersey autographed by Randy White with HOF 94 inscription and authenticated by JSA</li>
<li>Includes a Certificate of Authenticity from JSA</li>
<li>Orders are generally shipped the same day if placed before 3pm and delivery only takes 3 to 5 days</li>
<li>
<strong>90-day Satisfaction Guarantee:</strong> if you are not completely satisfied with your piece of memorabilia, you have 90 days from when you receive it to return the item in its original condition and receive a full refund</li>
</ul>",RSA,,Autographed Football Jerseys,"BFCM24, Categorized, cowboys, FB, In-Stock, inhouse, jersey, Jerseys, MYS_HOF, MYS_Professional, RSA, RSA-Mystery, RSA-products, V, Warehouse",true,Title,Default Title,,,,,,,,RSA-02457,907.18474,shopify,24,deny,manual,48.00,69.99,true,true,,,,,,https://cdn.shopify.com/s/files/1/0642/7842/9930/files/white-cowboys-hof-94-blue-white-numbers-autographed-stitched-football-jersey-back.jpg?v=1731088462,1,"",false,,,,,,,,lb,,30.00,true,,,active
randy-white-signed-hof-94-inscription-dallas-pro-blue-football-jersey-white-numbers-jsa,,,,,,,,,,,,,,,,,,,,,,,,,,,,,,,,https://cdn.shopify.com/s/files/1/0642/7842/9930/files/white-cowboys-hof-94-blue-white-numbers-autographed-stitched-football-jersey-signature.jpg?v=1731088464,2,"",,,,,,,,,,,,,,,
randy-white-signed-hof-94-inscription-dallas-pro-blue-football-jersey-white-numbers-jsa,,,,,,,,,,,,,,,,,,,,,,,,,,,,,,,,https://cdn.shopify.com/s/files/1/0642/7842/9930/files/white-cowboys-hof-94-blue-white-numbers-autographed-stitched-football-jersey-front.jpg?v=1731088465,3,"",,,,,,,,,,,,,,,
randy-moss-signed-new-england-blue-football-jersey-jsa,Randy Moss Signed New England Blue Football Jersey (BECKETT ),"<ul>
<li>A professional style blue custom replica football jersey autographed by Randy Moss and authenticated by BECKETT</li>
<li>Includes a Certificate of Authenticity from BECKETT </li>
<li>Orders are generally shipped the same day if placed before 3pm and delivery only takes 3 to 5 days</li>
<li>
<strong>90-day Satisfaction Guarantee:</strong> if you are not completely satisfied with your piece of memorabilia, you have 90 days from when you receive it to return the item in its original condition and receive a full refund</li>
</ul>",RSA,,Autographed Football Jerseys,"11-27-RSA, FB, inhouse, jersey, Jerseys, MYS_HOF, MYS_Professional, New Arrival, Patriots, RSA-products, Sold-Out, Warehouse, X",true,Title,Default Title,,,,,,,,RSA-04936,907.1989147615625,shopify,8,deny,manual,265.00,349.99,true,true,,,,,,https://cdn.shopify.com/s/files/1/0642/7842/9930/files/moss-patriots-blue-autographed-stitched-football-jersey-back.jpg?v=1756763466,1,"",false,,,,,,,,oz,,215.00,true,,,active
randy-moss-signed-new-england-blue-football-jersey-jsa,,,,,,,,,,,,,,,,,,,,,,,,,,,,,,,,https://cdn.shopify.com/s/files/1/0642/7842/9930/files/moss-patriots-blue-autographed-stitched-football-jersey-signature.jpg?v=1756763467,2,"",,,,,,,,,,,,,,,
randy-moss-signed-new-england-blue-football-jersey-jsa,,,,,,,,,,,,,,,,,,,,,,,,,,,,,,,,https://cdn.shopify.com/s/files/1/0642/7842/9930/files/moss-patriots-blue-autographed-stitched-football-jersey-front.jpg?v=1756763467,3,"",,,,,,,,,,,,,,,
pierre-thomas-signed-new-orleans-white-football-jersey-jsa,Pierre Thomas Signed New Orleans White Football Jersey (JSA),"<ul>
<li>A professional style white custom replica football jersey autographed by Pierre Thomas and authenticated by JSA</li>
<li>Includes a Certificate of Authenticity from JSA</li>
<li>Orders are generally shipped the same day if placed before 3pm and delivery only takes 3 to 5 days</li>
<li>
<strong>90-day Satisfaction Guarantee:</strong> if you are not completely satisfied with your piece of memorabilia, you have 90 days from when you receive it to return the item in its original condition and receive a full refund</li>
</ul>",RSA,,Autographed Football Jerseys,"04-30-RSA, FB, inhouse, jersey, jerseys, MYS_product, MYS_Professional, MYS_run2-2, New Arrival, RSA, RSA-products, Saints, Sold-Out, Warehouse, X",true,Title,Default Title,,,,,,,,RSA-05270,907.1989147615625,shopify,3,deny,manual,45.00,59.99,true,true,,,,,,https://cdn.shopify.com/s/files/1/0642/7842/9930/files/20220722_130232copy.jpg?v=1731086462,1,"",false,,,,,,,,oz,,,true,,,active
pierre-thomas-signed-new-orleans-white-football-jersey-jsa,,,,,,,,,,,,,,,,,,,,,,,,,,,,,,,,https://cdn.shopify.com/s/files/1/0642/7842/9930/files/20220722_130257copy.jpg?v=1731086463,2,"",,,,,,,,,,,,,,,
ozzie-newsome-signed-hof-99-inscription-cleveland-brown-football-jersey-jsa,Ozzie Newsome Signed HOF 99 Inscription Cleveland Brown Football Jersey (JSA),"<ul>
<li>A professional style brown custom replica football jersey autographed by Ozzie Newsome with HOF 99 inscription and authenticated by JSA</li>
<li>Includes a Certificate of Authenticity from JSA</li>
<li>Orders are generally shipped the same day if placed before 3pm and delivery only takes 3 to 5 days</li>
<li>
<strong>90-day Satisfaction Guarantee:</strong> if you are not completely satisfied with your piece of memorabilia, you have 90 days from when you receive it to return the item in its original condition and receive a full refund</li>
</ul>",RSA,,Autographed Football Jerseys,"03-09, 03-14, browns, FB, In-Stock, inhouse, jersey, Jerseys, MYS_HOF, New Arrival, RSA-products, V",true,Title,Default Title,,,,,,,,RSA-06251,907.1989147615625,shopify,85,deny,manual,52.00,69.99,true,true,,,,,,https://cdn.shopify.com/s/files/1/0642/7842/9930/files/newsome-browns-hof-99-brown-autographed-stitched-football-jersey-back.jpg?v=1731083063,1,"",false,,,,,,,,oz,,27.00,true,,,active
ozzie-newsome-signed-hof-99-inscription-cleveland-brown-football-jersey-jsa,,,,,,,,,,,,,,,,,,,,,,,,,,,,,,,,https://cdn.shopify.com/s/files/1/0642/7842/9930/files/newsome-browns-hof-99-brown-autographed-stitched-football-jersey-signature.jpg?v=1731083065,2,"",,,,,,,,,,,,,,,
ozzie-newsome-signed-hof-99-inscription-cleveland-brown-football-jersey-jsa,,,,,,,,,,,,,,,,,,,,,,,,,,,,,,,,https://cdn.shopify.com/s/files/1/0642/7842/9930/files/newsome-browns-hof-99-brown-autographed-stitched-football-jersey-front.jpg?v=1731083067,3,"",,,,,,,,,,,,,,,
orlando-pace-signed-st-louis-pro-white-football-jersey-jsa,Orlando Pace Signed St. Louis Pro White Football Jersey (BECKETT ),"<ul>
<li>A professional style white custom replica football jersey autographed by Orlando Pace with HOF 16 inscription and authenticated by BECKETT </li>
<li>Includes a Certificate of Authenticity from BECKETT </li>
<li>Orders are generally shipped the same day if placed before 3pm and delivery only takes 3 to 5 days</li>
<li>
<strong>90-day Satisfaction Guarantee:</strong> if you are not completely satisfied with your piece of memorabilia, you have 90 days from when you receive it to return the item in its original condition and receive a full refund</li>
</ul>",RSA,Uncategorized,Autographed Football Jerseys,"Categorized, FB, inhouse, jersey, Jerseys, MYS_HOF, MYS_Professional, Rams, RSA-products, Sold-Out, Warehouse, X",true,Title,Default Title,,,,,,,,RSA-02523,908.001206266,shopify,12,deny,manual,46.00,64.99,true,true,,,,,,https://cdn.shopify.com/s/files/1/0642/7842/9930/files/pace-rams-white-autographed-stitched-football-jersey-back.jpg?v=1756763468,1,"",false,,,,,,,,oz,,27.00,true,,,active
orlando-pace-signed-st-louis-pro-white-football-jersey-jsa,,,,,,,,,,,,,,,,,,,,,,,,,,,,,,,,https://cdn.shopify.com/s/files/1/0642/7842/9930/files/pace-rams-white-autographed-stitched-football-jersey-signature.jpg?v=1756763468,2,"",,,,,,,,,,,,,,,
orlando-pace-signed-st-louis-pro-white-football-jersey-jsa,,,,,,,,,,,,,,,,,,,,,,,,,,,,,,,,https://cdn.shopify.com/s/files/1/0642/7842/9930/files/pace-rams-white-autographed-stitched-football-jersey-front.jpg?v=1756763468,3,"",,,,,,,,,,,,,,,
odell-beckham-jr-signed-miami-white-football-jersey-beckett,Odell Beckham Jr Signed Miami White Football Jersey (Beckett),"<p>Some call it a stunt. And others call it skill. Fresh off a strong career for the LSU Tigers and weeks into his first season with the New York Giants, Odell Beckham Jr. fell backward during a game against the Dallas Cowboys yet still managed to make a one-handed touchdown.</p>
<p>The moment has been dubbed the greatest football catch made to date. The move, plus 10 touchdowns and 75 receptions, also helped earn OBJ the 2014 Offensive Rookie of the Year award.</p>
<p>After a few years with the Giants - including one ending in an 11-5 record - plus appearances at the Pro Bowl, Beckham made his rounds through the NFL. Of these, he spent time with the Cleveland Browns, took the Los Angeles Rams to a Super Bowl win, and briefly did time with the Baltimore Ravens in 2023 and the Miami Dolphins in 2024.</p>
<p>This custom-stitched football jersey, personally hand-signed by Odell Beckham Jr., reflects the latter part of his career and is a must-own for collectors of OBJ and Miami Dolphins memorabilia. It's been authenticated by Beckett, a top third-party authentication company, to ensure it features Beckham Jr.'s handwriting.</p>
<ul>
<li>Hand-signed football jersey autographed by Odell Beckham Jr and authenticated by Beckett</li>
<li>Includes a <em>Witnessed Protection Program</em> tamper-proof authentication sticker from Beckett</li>
<li>Orders are generally shipped the same day if placed before 3 p.m. and delivery only takes 3 to 5 days</li>
<li>
<strong>90-day Satisfaction Guarantee:</strong> if you are not completely satisfied with your piece of memorabilia, you have 90 days from when you receive it to return the item in its original condition and receive a full refund</li>
<li>All autographed sports collectibles are limited! Order now to add this timeless piece of football memorabilia to your collection before it's gone.</li>
</ul>",RSA,,Autographed Football Jerseys,"07-09-RSA, BFCM24, dolphins, FB, inhouse, jersey, Jerseys, New Arrival, V",true,Title,Default Title,,,,,,,,RSA-09795,907.1989147615625,shopify,4,deny,manual,75.00,99.99,true,true,,,,,,https://cdn.shopify.com/s/files/1/0642/7842/9930/files/beckham-jr-dolphins-white-autographed-stitched-football-jersey-back_c0b0ce01-bb91-4605-bb44-a284501007b7.jpg?v=1756763469,1,"",false,,,,,,,,oz,,65.00,true,,,active
odell-beckham-jr-signed-miami-white-football-jersey-beckett,,,,,,,,,,,,,,,,,,,,,,,,,,,,,,,,https://cdn.shopify.com/s/files/1/0642/7842/9930/files/beckham-jr-dolphins-white-autographed-stitched-football-jersey-signature_3e5faf9e-6dd2-49b4-9b0c-706ee8e173ad.jpg?v=1756763469,2,"",,,,,,,,,,,,,,,
odell-beckham-jr-signed-miami-white-football-jersey-beckett,,,,,,,,,,,,,,,,,,,,,,,,,,,,,,,,https://cdn.shopify.com/s/files/1/0642/7842/9930/files/beckham-jr-dolphins-white-autographed-stitched-football-jersey-front_6d52b087-8b02-41c7-9001-b92e0d4674ec.jpg?v=1756763469,3,"",,,,,,,,,,,,,,,
odell-beckham-jr-signed-miami-teal-football-jersey-beckett,Odell Beckham Jr Signed Miami Teal Football Jersey (Beckett),"<p>This custom stitched football jersey has been personally hand signed by Odell  Beckham Jr and authenticated by a top 3rd party authentication company. All autographed sports collectibles are limited! Order now to add this timeless piece of football memorabilia to your collection before it’s gone.</p><ul>
<li>Hand signed Football jersey autographed by Odell  Beckham Jr and authenticated by Beckett</li>
<li>Includes a <em>Witnessed Protection Program</em> tamper-proof authentication sticker from Beckett</li>
<li>90-day Satisfaction Guarantee: if you are not completely satisfied with your piece of memorabilia, return the item in its original condition and receive a full refund</li>
</ul>",RSA,,Autographed Football Jerseys,"07-09-RSA, BFCM24, dolphins, FB, inhouse, jersey, Jerseys, New Arrival, V",true,Title,Default Title,,,,,,,,RSA-09794,907.1989147615625,shopify,11,deny,manual,75.00,99.99,true,true,,,,,,https://cdn.shopify.com/s/files/1/0642/7842/9930/files/beckham-jr-dolphins-teal-autographed-stitched-football-jersey-back_92d9b9a9-a1a7-4853-9d99-e756d13c805b.jpg?v=1756763470,1,"",false,,,,,,,,oz,,65.00,true,,,active
odell-beckham-jr-signed-miami-teal-football-jersey-beckett,,,,,,,,,,,,,,,,,,,,,,,,,,,,,,,,https://cdn.shopify.com/s/files/1/0642/7842/9930/files/beckham-jr-dolphins-teal-autographed-stitched-football-jersey-signature_dd67c6f6-cbbc-4bf5-84b2-b4b295b628d7.jpg?v=1756763470,2,"",,,,,,,,,,,,,,,
odell-beckham-jr-signed-miami-teal-football-jersey-beckett,,,,,,,,,,,,,,,,,,,,,,,,,,,,,,,,https://cdn.shopify.com/s/files/1/0642/7842/9930/files/beckham-jr-dolphins-teal-autographed-stitched-football-jersey-front_2b675b1a-376c-4b98-aaaf-33d3b604a801.jpg?v=1756763470,3,"",,,,,,,,,,,,,,,
odell-beckham-jr-signed-lsu-college-purple-football-jersey-beckett,Odell Beckham Jr Signed LSU College Purple Football Jersey (Beckett),"<ul>
<li>A collegiate style purple custom replica football jersey autographed by Odell Beckham Jr and authenticated by Beckett</li>
<li>Includes a Certificate of Authenticity from Beckett</li>
<li>Orders are generally shipped the same day if placed before 3pm and delivery only takes 3 to 5 days</li>
<li>
<strong>90-day Satisfaction Guarantee:</strong> if you are not completely satisfied with your piece of memorabilia, you have 90 days from when you receive it to return the item in its original condition and receive a full refund</li>
</ul>",RSA,,Autographed Football Jerseys,"11-27-RSA, FB, inhouse, jersey, Jerseys, MYS_College, New Arrival, Premium, Premium-FB, RSA-products, Season, Sold-Out, Warehouse, X",true,Title,Default Title,,,,,,,,RSA-04918,907.1989147615625,shopify,28,deny,manual,87.00,129.99,true,true,,,,,,https://cdn.shopify.com/s/files/1/0642/7842/9930/files/beckham-jr-tigers-purple-autographed-stitched-football-jersey-back.jpg?v=1756763470,1,"",false,,,,,,,,oz,,65.00,true,,,active
odell-beckham-jr-signed-lsu-college-purple-football-jersey-beckett,,,,,,,,,,,,,,,,,,,,,,,,,,,,,,,,https://cdn.shopify.com/s/files/1/0642/7842/9930/files/beckham-jr-tigers-purple-autographed-stitched-football-jersey-signature.jpg?v=1756763471,2,"",,,,,,,,,,,,,,,
odell-beckham-jr-signed-lsu-college-purple-football-jersey-beckett,,,,,,,,,,,,,,,,,,,,,,,,,,,,,,,,https://cdn.shopify.com/s/files/1/0642/7842/9930/files/beckham-jr-tigers-purple-autographed-stitched-football-jersey-front.jpg?v=1756763471,3,"",,,,,,,,,,,,,,,
odell-beckham-jr-lsu-tigers-college-autographed-football-jersey-white-beckett,Odell Beckham Jr LSU Tigers College Autographed Football Jersey White (Beckett),<p>Odell Beckham Jr LSU Tigers College Autographed Football Jersey White (Beckett)</p>,RSA,,Autographed Football Jerseys,"Categorized, College, FB, inhouse, Jersey, Jerseys, MYS_College, RSA-products, Season, Sold-Out, Warehouse, X",true,Title,Default Title,,,,,,,,RSA-00092,907.18474,shopify,10,deny,manual,87.00,129.99,true,true,,,,,,https://cdn.shopify.com/s/files/1/0642/7842/9930/files/beckhamJr-LSU-wht-1.png?v=1756763471,1,"",false,,,,,,,,lb,,65.00,true,,,active
odell-beckham-jr-lsu-tigers-college-autographed-football-jersey-white-beckett,,,,,,,,,,,,,,,,,,,,,,,,,,,,,,,,https://cdn.shopify.com/s/files/1/0642/7842/9930/files/beckhamJr-LSU-wht-2.png?v=1756763471,2,"",,,,,,,,,,,,,,,
odell-beckham-jr-lsu-tigers-college-autographed-football-jersey-white-beckett,,,,,,,,,,,,,,,,,,,,,,,,,,,,,,,,https://cdn.shopify.com/s/files/1/0642/7842/9930/files/beckhamJr-LSU-wht-3.png?v=1756763471,3,"",,,,,,,,,,,,,,,
odell-beckham-jr-lsu-tigers-college-autographed-football-jersey-white-beckett,,,,,,,,,,,,,,,,,,,,,,,,,,,,,,,,https://cdn.shopify.com/s/files/1/0642/7842/9930/files/COA_650_a5dcb2b0-8ee6-446b-99a7-f3fbc235ee36.jpg?v=1756763472,4,"",,,,,,,,,,,,,,,
odell-beckham-jr-autographed-new-york-football-jersey-white-beckett,Odell Beckham Jr Autographed New York Football Jersey White (Beckett),<p>Odell Beckham Jr Autographed Football Jersey White (Beckett)</p>,RSA,,Autographed Football Jerseys,"Categorized, FB, giants, inhouse, Jersey, Jerseys, MYS_Professional, NFL, RSA-products, Sold-Out, Warehouse, wrong team, X",true,Title,Default Title,,,,,,,,RSA-00078,454.000603133,shopify,55,deny,manual,75.00,99.99,true,true,,,,,,https://cdn.shopify.com/s/files/1/0642/7842/9930/files/beckhamJr-giants-wht-1.png?v=1731080952,1,"",false,,,,,,,,lb,,65.00,true,,,active
odell-beckham-jr-autographed-new-york-football-jersey-white-beckett,,,,,,,,,,,,,,,,,,,,,,,,,,,,,,,,https://cdn.shopify.com/s/files/1/0642/7842/9930/files/beckhamJr-giants-wht-2.png?v=1731080954,2,"",,,,,,,,,,,,,,,
odell-beckham-jr-autographed-new-york-football-jersey-white-beckett,,,,,,,,,,,,,,,,,,,,,,,,,,,,,,,,https://cdn.shopify.com/s/files/1/0642/7842/9930/files/beckhamJr-giants-wht-3.png?v=1731080955,3,"",,,,,,,,,,,,,,,
odell-beckham-jr-autographed-new-york-football-jersey-white-beckett,,,,,,,,,,,,,,,,,,,,,,,,,,,,,,,,https://cdn.shopify.com/s/files/1/0642/7842/9930/files/COA_650_3bbf5f9c-c54d-4387-8728-bf66e820a108.jpg?v=1731080958,4,"",,,,,,,,,,,,,,,
nolan-cromwell-rams-autographed-football-jersey-royal-blue-jsa,Nolan Cromwell St. Louis Autographed Football Jersey Royal Blue (JSA),"<p>This custom stitched football jersey has been personally hand signed by Nolan Cromwell and authenticated by a top 3rd party authentication company. All autographed sports collectibles are limited! Order now to add this timeless piece of football memorabilia to your collection before it’s gone.</p><ul>
<li>Hand signed Football jersey autographed by Nolan Cromwell and authenticated by JSA</li>
<li>Includes a tamper-proof authentication sticker from JSA</li>
<li>90-day Satisfaction Guarantee: if you are not completely satisfied with your piece of memorabilia, return the item in its original condition and receive a full refund</li>
</ul>",RSA,,Autographed Football Jerseys,"BFCM24, Categorized, FB, In-Stock, inhouse, jersey, Jerseys, MYS_Professional, RSA-products, Season, V, Warehouse, year-end",true,Title,Default Title,,,,,,,,RSA-00008,454.000603133,shopify,94,deny,manual,42.00,59.99,true,true,,,,,,https://cdn.shopify.com/s/files/1/0642/7842/9930/files/cromwell-rams-blue-autographed-stitched-football-jersey-back.jpg?v=1759532519,1,"",false,,,,,,,,lb,,23.00,true,,,active
nolan-cromwell-rams-autographed-football-jersey-royal-blue-jsa,,,,,,,,,,,,,,,,,,,,,,,,,,,,,,,,https://cdn.shopify.com/s/files/1/0642/7842/9930/files/cromwell-rams-blue-autographed-stitched-football-jersey-signature.jpg?v=1759532521,2,"",,,,,,,,,,,,,,,
nolan-cromwell-rams-autographed-football-jersey-royal-blue-jsa,,,,,,,,,,,,,,,,,,,,,,,,,,,,,,,,https://cdn.shopify.com/s/files/1/0642/7842/9930/files/cromwell-rams-blue-autographed-stitched-football-jersey-front.jpg?v=1759532522,3,"",,,,,,,,,,,,,,,
zach-wilson-signed-new-york-green-football-jersey-jsa,Zach Wilson Signed New York Green Football Jersey (JSA),"<ul>
<li>A professional style green custom replica football jersey autographed by Zach Wilson and authenticated by JSA</li>
<li>Includes a Certificate of Authenticity from JSA</li>
<li>Orders are generally shipped the same day if placed before 3pm and delivery only takes 3 to 5 days</li>
<li>
<strong>90-day Satisfaction Guarantee:</strong> if you are not completely satisfied with your piece of memorabilia, you have 90 days from when you receive it to return the item in its original condition and receive a full refund</li>
</ul>",RSA,,Autographed Football Jerseys,"09-29-RSA, current, FB, inhouse, jersey, Jerseys, Jets, New Arrival, RSA-products, Sold-Out, Warehouse, X",true,Title,Default Title,,,,,,,,RSA-05964,907.1989147615625,shopify,7,deny,manual,40.00,49.99,true,true,,,,,,https://cdn.shopify.com/s/files/1/0642/7842/9930/files/zach-wilson-jets-green-autographed-stitched-football-jersey-back.jpg?v=1730999344,1,"",false,,,,,,,,oz,,50.00,true,,,active
zach-wilson-signed-new-york-green-football-jersey-jsa,,,,,,,,,,,,,,,,,,,,,,,,,,,,,,,,https://cdn.shopify.com/s/files/1/0642/7842/9930/files/zach-wilson-jets-green-autographed-stitched-football-jersey-signature.jpg?v=1730999345,2,"",,,,,,,,,,,,,,,
zach-wilson-signed-new-york-green-football-jersey-jsa,,,,,,,,,,,,,,,,,,,,,,,,,,,,,,,,https://cdn.shopify.com/s/files/1/0642/7842/9930/files/zach-wilson-jets-green-autographed-stitched-football-jersey-front.jpg?v=1730999348,3,"",,,,,,,,,,,,,,,
zach-evans-signed-ole-miss-college-white-football-jersey-jsa,Zach Evans Signed Ole Miss College White Football Jersey (JSA),"<ul>
<li>A collegiate style white custom replica football jersey autographed by Zach Evans and authenticated by JSA</li>
<li>Includes a Certificate of Authenticity from JSA</li>
<li>Orders are generally shipped the same day if placed before 3pm and delivery only takes 3 to 5 days</li>
<li>
<strong>90-day Satisfaction Guarantee:</strong> if you are not completely satisfied with your piece of memorabilia, you have 90 days from when you receive it to return the item in its original condition and receive a full refund</li>
</ul>",RSA,,Autographed Football Jerseys,"03-09, 03-14, BFCM24, FB, GoogleClearance, inhouse, jersey, Jerseys, New Arrival, RSA-products, Season, V, year-end",true,Title,Default Title,,,,,,,,RSA-06277,907.1989147615625,shopify,36,deny,manual,20.00,39.99,true,true,,,,,,https://cdn.shopify.com/s/files/1/0642/7842/9930/files/evans-rebels-white-autographed-stitched-football-jersey-back.jpg?v=1756763474,1,"",false,,,,,,,,oz,,22.00,true,,,active
zach-evans-signed-ole-miss-college-white-football-jersey-jsa,,,,,,,,,,,,,,,,,,,,,,,,,,,,,,,,https://cdn.shopify.com/s/files/1/0642/7842/9930/files/evans-rebels-white-autographed-stitched-football-jersey-signature.jpg?v=1756763474,2,"",,,,,,,,,,,,,,,
zach-evans-signed-ole-miss-college-white-football-jersey-jsa,,,,,,,,,,,,,,,,,,,,,,,,,,,,,,,,https://cdn.shopify.com/s/files/1/0642/7842/9930/files/evans-rebels-white-autographed-stitched-football-jersey-front.jpg?v=1756763474,3,"",,,,,,,,,,,,,,,
zach-evans-signed-ole-miss-college-red-football-jersey-jsa,Zach Evans Signed Ole Miss College Red Football Jersey (JSA),"<ul>
<li>A collegiate style red custom replica football jersey autographed by Zach Evans and authenticated by JSA</li>
<li>Includes a Certificate of Authenticity from JSA</li>
<li>Orders are generally shipped the same day if placed before 3pm and delivery only takes 3 to 5 days</li>
<li>
<strong>90-day Satisfaction Guarantee:</strong> if you are not completely satisfied with your piece of memorabilia, you have 90 days from when you receive it to return the item in its original condition and receive a full refund</li>
</ul>",RSA,,Autographed Football Jerseys,"03-09, 03-14, BFCM24, FB, GoogleClearance, inhouse, jersey, Jerseys, New Arrival, RSA-products, Season, V, year-end",true,Title,Default Title,,,,,,,,RSA-06278,907.1989147615625,shopify,70,deny,manual,20.00,39.99,true,true,,,,,,https://cdn.shopify.com/s/files/1/0642/7842/9930/files/evans-rebels-red-autographed-stitched-football-jersey-back.jpg?v=1756763474,1,"",false,,,,,,,,oz,,22.00,true,,,active
zach-evans-signed-ole-miss-college-red-football-jersey-jsa,,,,,,,,,,,,,,,,,,,,,,,,,,,,,,,,https://cdn.shopify.com/s/files/1/0642/7842/9930/files/evans-rebels-red-autographed-stitched-football-jersey-signature.jpg?v=1756763475,2,"",,,,,,,,,,,,,,,
zach-evans-signed-ole-miss-college-red-football-jersey-jsa,,,,,,,,,,,,,,,,,,,,,,,,,,,,,,,,https://cdn.shopify.com/s/files/1/0642/7842/9930/files/evans-rebels-red-autographed-stitched-football-jersey-front.jpg?v=1756763475,3,"",,,,,,,,,,,,,,,
zach-evans-signed-ole-miss-college-navy-football-jersey-jsa,Zach Evans Signed Ole Miss College Navy Football Jersey (JSA),"<ul>
<li>A collegiate style blue custom replica football jersey autographed by Zach Evans and authenticated by JSA</li>
<li>Includes a Certificate of Authenticity from JSA</li>
<li>Orders are generally shipped the same day if placed before 3pm and delivery only takes 3 to 5 days</li>
<li>
<strong>90-day Satisfaction Guarantee:</strong> if you are not completely satisfied with your piece of memorabilia, you have 90 days from when you receive it to return the item in its original condition and receive a full refund</li>
</ul>",RSA,,Autographed Football Jerseys,"03-09, 03-14, BFCM24, FB, GoogleClearance, inhouse, jersey, Jerseys, New Arrival, RSA-products, Season, V, year-end",true,Title,Default Title,,,,,,,,RSA-06276,907.1989147615625,shopify,33,deny,manual,20.00,39.99,true,true,,,,,,https://cdn.shopify.com/s/files/1/0642/7842/9930/files/evans-rebels-blue-autographed-stitched-football-jersey-back.jpg?v=1756763475,1,"",false,,,,,,,,oz,,22.00,true,,,active
zach-evans-signed-ole-miss-college-navy-football-jersey-jsa,,,,,,,,,,,,,,,,,,,,,,,,,,,,,,,,https://cdn.shopify.com/s/files/1/0642/7842/9930/files/evans-rebels-blue-autographed-stitched-football-jersey-signature.jpg?v=1756763475,2,"",,,,,,,,,,,,,,,
zach-evans-signed-ole-miss-college-navy-football-jersey-jsa,,,,,,,,,,,,,,,,,,,,,,,,,,,,,,,,https://cdn.shopify.com/s/files/1/0642/7842/9930/files/evans-rebels-blue-autographed-stitched-football-jersey-front.jpg?v=1756763475,3,"",,,,,,,,,,,,,,,
zach-evans-signed-ole-miss-college-light-blue-football-jersey-jsa,Zach Evans Signed Ole Miss College Light Blue Football Jersey (JSA),"<ul>
<li>A collegiate style light blue custom replica football jersey autographed by Zach Evans and authenticated by JSA</li>
<li>Includes a Certificate of Authenticity from JSA</li>
<li>Orders are generally shipped the same day if placed before 3pm and delivery only takes 3 to 5 days</li>
<li>
<strong>90-day Satisfaction Guarantee:</strong> if you are not completely satisfied with your piece of memorabilia, you have 90 days from when you receive it to return the item in its original condition and receive a full refund</li>
</ul>",RSA,,Autographed Football Jerseys,"03-09, 03-14, BFCM24, FB, GoogleClearance, inhouse, jersey, Jerseys, New Arrival, RSA-products, Season, V, year-end",true,Title,Default Title,,,,,,,,RSA-06275,907.1989147615625,shopify,46,deny,manual,20.00,39.99,true,true,,,,,,https://cdn.shopify.com/s/files/1/0642/7842/9930/files/evans-rebels-light-blue-autographed-stitched-football-jersey-back.jpg?v=1756763476,1,"",false,,,,,,,,oz,,22.00,true,,,active
zach-evans-signed-ole-miss-college-light-blue-football-jersey-jsa,,,,,,,,,,,,,,,,,,,,,,,,,,,,,,,,https://cdn.shopify.com/s/files/1/0642/7842/9930/files/evans-rebels-light-blue-autographed-stitched-football-jersey-signature.jpg?v=1756763476,2,"",,,,,,,,,,,,,,,
zach-evans-signed-ole-miss-college-light-blue-football-jersey-jsa,,,,,,,,,,,,,,,,,,,,,,,,,,,,,,,,https://cdn.shopify.com/s/files/1/0642/7842/9930/files/evans-rebels-light-blue-autographed-stitched-football-jersey-front.jpg?v=1756763476,3,"",,,,,,,,,,,,,,,
willis-mcgahee-autographed-pro-style-football-purple-jersey-jsa,Willis McGahee Signed Baltimore Purple Football Jersey (BECKETT),<p>Rare Willis McGahee Autographed Pro Style Football Purple Jersey (BECKETT)</p>,RSA,,Autographed Football Jerseys,"Categorized, FB, inhouse, jersey, Jerseys, MYS_Professional, RSA-products, Sold-Out, Warehouse, X",true,Title,Default Title,,,,,,,,RSA-00623,454.000603133,shopify,18,deny,manual,40.00,59.99,true,true,,,,,,https://cdn.shopify.com/s/files/1/0642/7842/9930/files/mcgahee-ravens-purple-autographed-stitched-football-jersey-back.jpg?v=1730997619,1,"",false,,,,,,,,lb,,21.00,true,,,active
willis-mcgahee-autographed-pro-style-football-purple-jersey-jsa,,,,,,,,,,,,,,,,,,,,,,,,,,,,,,,,https://cdn.shopify.com/s/files/1/0642/7842/9930/files/mcgahee-ravens-purple-autographed-stitched-football-jersey-signature.jpg?v=1730997621,2,"",,,,,,,,,,,,,,,
willis-mcgahee-autographed-pro-style-football-purple-jersey-jsa,,,,,,,,,,,,,,,,,,,,,,,,,,,,,,,,https://cdn.shopify.com/s/files/1/0642/7842/9930/files/mcgahee-ravens-purple-autographed-stitched-football-jersey-front.jpg?v=1730997623,3,"",,,,,,,,,,,,,,,
willis-mcgahee-autographed-pro-style-football-black-jersey-jsa,Willis McGahee Signed Baltimore Black Football Jersey (BECKETT),<p>Rare Willis McGahee Autographed Pro Style Football Black Jersey authenticated by BECKETT.</p>,RSA,,Autographed Football Jerseys,"39BF, Categorized, FB, inhouse, jersey, Jerseys, MYS_Professional, RSA-products, Sold-Out, Warehouse, X",true,Title,Default Title,,,,,,,,RSA-00618,454.000603133,shopify,60,deny,manual,40.00,59.99,true,true,,,,,,https://cdn.shopify.com/s/files/1/0642/7842/9930/files/mcgahee-ravens-blk-1.png?v=1756763480,1,"",false,,,,,,,,lb,,21.00,true,,,active
willis-mcgahee-autographed-pro-style-football-black-jersey-jsa,,,,,,,,,,,,,,,,,,,,,,,,,,,,,,,,https://cdn.shopify.com/s/files/1/0642/7842/9930/files/mcgahee-ravens-blk-2.png?v=1756763480,2,"",,,,,,,,,,,,,,,
willis-mcgahee-autographed-pro-style-football-black-jersey-jsa,,,,,,,,,,,,,,,,,,,,,,,,,,,,,,,,https://cdn.shopify.com/s/files/1/0642/7842/9930/files/mcgahee-ravens-blk-3.png?v=1756763480,3,"",,,,,,,,,,,,,,,
willis-mcgahee-autographed-pro-style-football-black-jersey-jsa,,,,,,,,,,,,,,,,,,,,,,,,,,,,,,,,https://cdn.shopify.com/s/files/1/0642/7842/9930/files/jsa-coa-sample_ed1bef4e-b9ed-42c4-9a63-4bc571aa6b89.png?v=1756763480,4,"",,,,,,,,,,,,,,,
willie-roaf-signed-hof-2012-new-orleans-pro-black-football-jersey-jsa,Willie Roaf Signed HOF 2012 New Orleans Pro Black Football Jersey (JSA),"<ul>
<li>A professional style black custom replica football jersey autographed by Willie Roaf and authenticated by JSA</li>
<li>Includes a Certificate of Authenticity from JSA</li>
<li>Orders are generally shipped the same day if placed before 3pm and delivery only takes 3 to 5 days</li>
<li>
<strong>90-day Satisfaction Guarantee:</strong> if you are not completely satisfied with your piece of memorabilia, you have 90 days from when you receive it to return the item in its original condition and receive a full refund</li>
</ul>",RSA,,Autographed Football Jerseys,"49BF, Categorized, FB, GoogleClearance, inhouse, jersey, Jerseys, MYS_HOF, MYS_Professional, Photograph, RSA, rsa-check, RSA-products, Saints, V, Warehouse",true,Title,Default Title,,,,,,,,RSA-03878,907.1989147615625,shopify,2,deny,manual,42.00,59.99,true,true,,,,,,https://cdn.shopify.com/s/files/1/0642/7842/9930/files/roaf-saints-hof-12-black-autographed-stitched-football-jersey-back.jpg?v=1756763481,1,"",false,,,,,,,,oz,,25.00,true,,,active
willie-roaf-signed-hof-2012-new-orleans-pro-black-football-jersey-jsa,,,,,,,,,,,,,,,,,,,,,,,,,,,,,,,,https://cdn.shopify.com/s/files/1/0642/7842/9930/files/roaf-saints-hof-12-black-autographed-stitched-football-jersey-signature.jpg?v=1756763481,2,"",,,,,,,,,,,,,,,
willie-roaf-signed-hof-2012-new-orleans-pro-black-football-jersey-jsa,,,,,,,,,,,,,,,,,,,,,,,,,,,,,,,,https://cdn.shopify.com/s/files/1/0642/7842/9930/files/roaf-saints-hof-12-black-autographed-stitched-football-jersey-front.jpg?v=1756763481,3,"",,,,,,,,,,,,,,,
willie-roaf-signed-hof-12-inscription-new-orleans-pro-white-football-jersey-beckett,Willie Roaf Signed HOF 12 Inscription New Orleans Pro White Football Jersey (Beckett),"<ul>
<li>A professional style white custom replica football jersey autographed by Willie Roaf and authenticated by Beckett</li>
<li>Includes a Certificate of Authenticity from Beckett </li>
<li>Orders are generally shipped the same day if placed before 3pm and delivery only takes 3 to 5 days</li>
<li>
<strong>90-day Satisfaction Guarantee:</strong> if you are not completely satisfied with your piece of memorabilia, you have 90 days from when you receive it to return the item in its original condition and receive a full refund</li>
</ul>",RSA,,Autographed Football Jerseys,"49BF, BFCM24, Categorized, FB, GoogleClearance, In-Stock, inhouse, jersey, Jerseys, MYS_HOF, MYS_Professional, Photograph, RSA, rsa-check, RSA-products, Saints, V, Warehouse",true,Title,Default Title,,,,,,,,RSA-03879,907.1989147615625,shopify,2,deny,manual,42.00,59.99,true,true,,,,,,https://cdn.shopify.com/s/files/1/0642/7842/9930/files/roaf-saints-hof-12-white-autographed-stitched-football-jersey-back.jpg?v=1756763481,1,"",false,,,,,,,,oz,,25.00,true,,,active
willie-roaf-signed-hof-12-inscription-new-orleans-pro-white-football-jersey-beckett,,,,,,,,,,,,,,,,,,,,,,,,,,,,,,,,https://cdn.shopify.com/s/files/1/0642/7842/9930/files/roaf-saints-hof-12-white-autographed-stitched-football-jersey-signature.jpg?v=1756763481,2,"",,,,,,,,,,,,,,,
willie-roaf-signed-hof-12-inscription-new-orleans-pro-white-football-jersey-beckett,,,,,,,,,,,,,,,,,,,,,,,,,,,,,,,,https://cdn.shopify.com/s/files/1/0642/7842/9930/files/roaf-saints-hof-12-white-autographed-stitched-football-jersey-front.jpg?v=1756763481,3,"",,,,,,,,,,,,,,,
willie-roaf-signed-hof-12-inscription-new-orleans-pro-color-rush-football-jersey-jsa,Willie Roaf Signed HOF 12 Inscription New Orleans Pro Color Rush Football Jersey (JSA),"<ul>
<li>A professional style color rush custom replica football jersey autographed by Willie Roaf with HOF 12 inscription and authenticated by JSA</li>
<li>Includes a Certificate of Authenticity from JSA</li>
<li>Orders are generally shipped the same day if placed before 3pm and delivery only takes 3 to 5 days</li>
<li>
<strong>90-day Satisfaction Guarantee:</strong> if you are not completely satisfied with your piece of memorabilia, you have 90 days from when you receive it to return the item in its original condition and receive a full refund</li>
</ul>",RSA,,Autographed Football Jerseys,"Categorized, FB, inhouse, jersey, Jerseys, MYS_HOF, MYS_product, MYS_Professional, MYS_run1-1, RSA, RSA-Mystery, RSA-products, Saints, Sold-Out, Warehouse, X",true,Title,Default Title,,,,,,,,RSA-02788,907.0004680996875,shopify,27,deny,manual,42.00,59.99,true,true,,,,,,https://cdn.shopify.com/s/files/1/0642/7842/9930/files/roaf-saints-hof-12-color-rush-autographed-stitched-football-jersey-back.jpg?v=1756763482,1,"",false,,,,,,,,oz,,25.00,true,,,active
willie-roaf-signed-hof-12-inscription-new-orleans-pro-color-rush-football-jersey-jsa,,,,,,,,,,,,,,,,,,,,,,,,,,,,,,,,https://cdn.shopify.com/s/files/1/0642/7842/9930/files/roaf-saints-hof-12-color-rush-autographed-stitched-football-jersey-signature.jpg?v=1756763482,2,"",,,,,,,,,,,,,,,
willie-roaf-signed-hof-12-inscription-new-orleans-pro-color-rush-football-jersey-jsa,,,,,,,,,,,,,,,,,,,,,,,,,,,,,,,,https://cdn.shopify.com/s/files/1/0642/7842/9930/files/roaf-saints-hof-12-color-rush-autographed-stitched-football-jersey-front.jpg?v=1756763482,3,"",,,,,,,,,,,,,,,
willie-gault-signed-pro-edition-blue-football-jersey-jsa,Willie Gault Signed Pro Edition Blue Football Jersey (JSA),"<p>A professional-style football jersey autographed by Willie Gault and authenticated by JSA.<br> This autographed piece of memorabilia comes with an official Witnessed Protection Program Certificate of Authenticity from James Spence Authentication LLC that guarantees the authenticity of the autograph.<br> You can read more about all the qualified companies that we use to ensure the authenticity of all our autographs and their different types of certifications on our Authentication Services and Certificates page. <br> All orders begin processing and fulfillment immediately upon payment approval and are guaranteed to ship from our warehouse within 24-48 hours. <br> The typical delivery time ranges from 3-7 business days in the Continental U.S. from our warehouse in Nashville, TN. For deliveries to HI, AK, and U.S. Territories, please allow for 7-14 business days. If you have any questions about our shipping policies, visit our Frequently Asked Questions page.<br> We back our products with a 90-day Satisfaction Guarantee: if you are not completely satisfied with your piece of memorabilia, you have 90 days from the recorded delivery date to return the item and receive a full refund.</p>",RSA,,Autographed Football Jerseys,"Categorized, FB, inhouse, jersey, Jerseys, MYS_Professional, RSA-products, Sold-Out, Warehouse, X",true,Title,Default Title,,,,,,,,RSA-01377,424.999040976125,shopify,55,deny,manual,45.00,59.99,true,true,,,,,,https://cdn.shopify.com/s/files/1/0642/7842/9930/files/gault-bears-blu-1.png?v=1730997076,1,"",false,,,,,,,,oz,,25.00,true,,,active
willie-gault-signed-pro-edition-blue-football-jersey-jsa,,,,,,,,,,,,,,,,,,,,,,,,,,,,,,,,https://cdn.shopify.com/s/files/1/0642/7842/9930/files/gault-bears-blu-2.png?v=1730997077,2,"",,,,,,,,,,,,,,,
willie-gault-signed-pro-edition-blue-football-jersey-jsa,,,,,,,,,,,,,,,,,,,,,,,,,,,,,,,,https://cdn.shopify.com/s/files/1/0642/7842/9930/files/gault-bears-blu-3.png?v=1730997079,3,"",,,,,,,,,,,,,,,
willie-gault-signed-pro-edition-blue-football-jersey-jsa,,,,,,,,,,,,,,,,,,,,,,,,,,,,,,,,https://cdn.shopify.com/s/files/1/0642/7842/9930/files/z_jsa-coa-sample_7c157a4b-b177-4b12-94cf-364c7c9c6e44.png?v=1730997081,4,"",,,,,,,,,,,,,,,
william-perry-signed-chicago-white-football-jersey-jsa,William Perry Signed Chicago White Football Jersey (JSA),"<ul>
<li>A professional style white custom replica football jersey autographed by William Perry and authenticated by JSA</li>
<li>Includes a Certificate of Authenticity from JSA</li>
<li>Orders are generally shipped the same day if placed before 3pm and delivery only takes 3 to 5 days</li>
<li>
<strong>90-day Satisfaction Guarantee:</strong> if you are not completely satisfied with your piece of memorabilia, you have 90 days from when you receive it to return the item in its original condition and receive a full refund</li>
</ul>",RSA,,Autographed Football Jerseys,"Bears, FB, inhouse, jersey, jerseys, MYS_product, MYS_Professional, MYS_run1-1, RSA, RSA-products, Sold-Out, Warehouse, X",true,Title,Default Title,,,,,,,,RSA-05185,907.1989147615625,shopify,19,deny,manual,58.00,79.99,true,true,,,,,,https://cdn.shopify.com/s/files/1/0642/7842/9930/files/perry-bears-white-autographed-stitched-football-jersey-back.jpg?v=1730997020,1,"",false,,,,,,,,oz,,40.00,true,,,active
william-perry-signed-chicago-white-football-jersey-jsa,,,,,,,,,,,,,,,,,,,,,,,,,,,,,,,,https://cdn.shopify.com/s/files/1/0642/7842/9930/files/perry-bears-white-autographed-stitched-football-jersey-signature.jpg?v=1730997022,2,"",,,,,,,,,,,,,,,
william-perry-signed-chicago-white-football-jersey-jsa,,,,,,,,,,,,,,,,,,,,,,,,,,,,,,,,https://cdn.shopify.com/s/files/1/0642/7842/9930/files/perry-bears-white-autographed-stitched-football-jersey-front.jpg?v=1730997024,3,"",,,,,,,,,,,,,,,
william-perry-signed-chicago-blue-football-jersey-jsa,William Perry Signed Chicago Blue Football Jersey (JSA),"<ul>
<li>A professional style blue custom replica football jersey autographed by William Perry and authenticated by JSA</li>
<li>Includes a Certificate of Authenticity from JSA</li>
<li>Orders are generally shipped the same day if placed before 3pm and delivery only takes 3 to 5 days</li>
<li>
<strong>90-day Satisfaction Guarantee:</strong> if you are not completely satisfied with your piece of memorabilia, you have 90 days from when you receive it to return the item in its original condition and receive a full refund</li>
</ul>",RSA,,Autographed Football Jerseys,"Bears, FB, In-Stock, inhouse, jersey, jerseys, MYS_product, MYS_Professional, MYS_run2-2, New Arrival, RSA, RSA-products, V, Warehouse",true,Title,Default Title,,,,,,,,RSA-05186,907.1989147615625,shopify,32,deny,manual,60.00,79.99,true,true,,,,,,https://cdn.shopify.com/s/files/1/0642/7842/9930/files/perry-bears-blue-autographed-stitched-football-jersey-back.jpg?v=1730997004,1,"",false,,,,,,,,oz,,40.00,true,,,active
william-perry-signed-chicago-blue-football-jersey-jsa,,,,,,,,,,,,,,,,,,,,,,,,,,,,,,,,https://cdn.shopify.com/s/files/1/0642/7842/9930/files/perry-bears-blue-autographed-stitched-football-jersey-signature.jpg?v=1730997006,2,"",,,,,,,,,,,,,,,
william-perry-signed-chicago-blue-football-jersey-jsa,,,,,,,,,,,,,,,,,,,,,,,,,,,,,,,,https://cdn.shopify.com/s/files/1/0642/7842/9930/files/perry-bears-blue-autographed-stitched-football-jersey-front.jpg?v=1730997008,3,"",,,,,,,,,,,,,,,
will-fries-signed-indianapolis-blue-football-jersey-beckett,Will Fries Signed Indianapolis Blue Football Jersey (Beckett),"<p>This custom stitched football jersey has been personally hand signed by Will Fries and authenticated by a top 3rd party authentication company. All autographed sports collectibles are limited! Order now to add this timeless piece of football memorabilia to your collection before it’s gone.</p><ul>
<li>Hand signed Football jersey autographed by Will Fries and authenticated by Beckett</li>
<li>Includes a <em>Witnessed Protection Program</em> tamper-proof authentication sticker from Beckett</li>
<li>90-day Satisfaction Guarantee: if you are not completely satisfied with your piece of memorabilia, return the item in its original condition and receive a full refund</li>
</ul>",RSA,,Autographed Football Jerseys,"10-18-RSA, BFCM24, colts, current, FB, inhouse, jersey, Jerseys, New Arrival, Season, V, year-end",true,Title,Default Title,,,,,,,,RSA-10445,907.1989147615625,shopify,20,deny,manual,34.00,49.99,true,true,,,,,,https://cdn.shopify.com/s/files/1/0642/7842/9930/files/fries-colts-blue-autographed-stitched-football-jersey-back.jpg?v=1756763484,1,"",false,,,,,,,,oz,,25.00,true,,,active
will-fries-signed-indianapolis-blue-football-jersey-beckett,,,,,,,,,,,,,,,,,,,,,,,,,,,,,,,,https://cdn.shopify.com/s/files/1/0642/7842/9930/files/fries-colts-blue-autographed-stitched-football-jersey-signature.jpg?v=1756763484,2,"",,,,,,,,,,,,,,,
will-fries-signed-indianapolis-blue-football-jersey-beckett,,,,,,,,,,,,,,,,,,,,,,,,,,,,,,,,https://cdn.shopify.com/s/files/1/0642/7842/9930/files/fries-colts-blue-autographed-stitched-football-jersey-front.jpg?v=1756763484,3,"",,,,,,,,,,,,,,,
wilbert-montgomery-signed-philadelphia-green-football-jersey-jsa,Wilbert Montgomery Signed Philadelphia Green Football Jersey (JSA),"<ul>
<li>A professional style green custom replica football jersey autographed by Wilbert Montgomery and authenticated by JSA</li>
<li>Includes a Certificate of Authenticity from JSA</li>
<li>Orders are generally shipped the same day if placed before 3pm and delivery only takes 3 to 5 days</li>
<li>
<strong>90-day Satisfaction Guarantee:</strong> if you are not completely satisfied with your piece of memorabilia, you have 90 days from when you receive it to return the item in its original condition and receive a full refund</li>
</ul>",RSA,,Autographed Football Jerseys,"49BF, BFCM24, Categorized, eagles, FB, inhouse, jersey, Jerseys, MYS_Professional, RSA, RSA-products, SE, Sold-Out, Warehouse, X",true,Title,Default Title,,,,,,,,RSA-04153,907.1989147615625,shopify,53,deny,manual,41.00,59.99,true,true,,,,,,https://cdn.shopify.com/s/files/1/0642/7842/9930/files/montgomery-eagles-green-autographed-stitched-football-jersey-back.jpg?v=1756763484,1,"",false,,,,,,,,oz,,23.00,true,,,active
wilbert-montgomery-signed-philadelphia-green-football-jersey-jsa,,,,,,,,,,,,,,,,,,,,,,,,,,,,,,,,https://cdn.shopify.com/s/files/1/0642/7842/9930/files/montgomery-eagles-green-autographed-stitched-football-jersey-signature.jpg?v=1756763484,2,"",,,,,,,,,,,,,,,
wilbert-montgomery-signed-philadelphia-green-football-jersey-jsa,,,,,,,,,,,,,,,,,,,,,,,,,,,,,,,,https://cdn.shopify.com/s/files/1/0642/7842/9930/files/montgomery-eagles-green-autographed-stitched-football-jersey-front.jpg?v=1756763485,3,"",,,,,,,,,,,,,,,
wayne-chrebet-signed-new-york-pro-green-football-jersey-jsa,Wayne Chrebet Signed New York Pro Green Football Jersey (JSA),"<ul>
<li>A professional style green custom replica football jersey autographed by Wayne Chrebet and authenticated by JSA</li>
<li>Includes a Certificate of Authenticity from JSA</li>
<li>Orders are generally shipped the same day if placed before 3pm and delivery only takes 3 to 5 days</li>
<li>
<strong>90-day Satisfaction Guarantee:</strong> if you are not completely satisfied with your piece of memorabilia, you have 90 days from when you receive it to return the item in its original condition and receive a full refund</li>
</ul>",RSA,,Autographed Football Jerseys,"Categorized, FB, inhouse, jersey, Jerseys, Jets, MYS_Professional, RSA-products, Sold-Out, Warehouse, X",true,Title,Default Title,,,,,,,,RSA-02793,907.0004680996875,shopify,66,deny,manual,45.00,69.99,true,true,,,,,,https://cdn.shopify.com/s/files/1/0642/7842/9930/files/chrebet-jets-green-autographed-stitched-football-jersey-back.jpg?v=1730996606,1,"",false,,,,,,,,oz,,28.00,true,,,active
wayne-chrebet-signed-new-york-pro-green-football-jersey-jsa,,,,,,,,,,,,,,,,,,,,,,,,,,,,,,,,https://cdn.shopify.com/s/files/1/0642/7842/9930/files/chrebet-jets-green-autographed-stitched-football-jersey-signature.jpg?v=1730996608,2,"",,,,,,,,,,,,,,,
wayne-chrebet-signed-new-york-pro-green-football-jersey-jsa,,,,,,,,,,,,,,,,,,,,,,,,,,,,,,,,https://cdn.shopify.com/s/files/1/0642/7842/9930/files/chrebet-jets-green-autographed-stitched-football-jersey-front.jpg?v=1730996610,3,"",,,,,,,,,,,,,,,
warren-moon-signed-hof-06-inscription-white-pro-edition-jersey-jsa,Warren Moon Signed HOF 06 Inscription Houston White Pro-Edition Jersey (JSA),"<ul>
 <li>A professional-style XL stitched football jersey autographed by Warren Moon with HOF 06 inscription and authenticated by JSA</li>
 <li>Includes a<em> Witnessed Protection Program </em>Certificate of Authenticity from JSA</li>
 <li>Orders are generally shipped the same day if placed before 3pm and delivery only takes 3 to 5 days</li>
 <li>90-day Satisfaction Guarantee: if you are not completely satisfied with your piece of memorabilia, you have 90 days from when you receive it to return the item in its original condition and receive a full refund</li>
 </ul>",RSA,,Autographed Football Jerseys,"3X FBJ, Categorized, FB, In-Stock, inhouse, jersey, Jerseys, MYS_HOF, MYS_Professional, NFL, RSA-products, V, Warehouse",true,Title,Default Title,,,,,,,,RSA-01481,907.003303052,shopify,12,deny,manual,59.00,89.99,true,true,,,,,,https://cdn.shopify.com/s/files/1/0642/7842/9930/files/moon-oilers-hof06-white-autographed-football-jersey-back.png?v=1756763487,1,"",false,,,,,,,,lb,,40.00,true,,,active
warren-moon-signed-hof-06-inscription-white-pro-edition-jersey-jsa,,,,,,,,,,,,,,,,,,,,,,,,,,,,,,,,https://cdn.shopify.com/s/files/1/0642/7842/9930/files/moon-oilers-hof06-white-autographed-football-jersey-close-up.png?v=1756763487,2,"",,,,,,,,,,,,,,,
warren-moon-signed-hof-06-inscription-white-pro-edition-jersey-jsa,,,,,,,,,,,,,,,,,,,,,,,,,,,,,,,,https://cdn.shopify.com/s/files/1/0642/7842/9930/files/moon-oilers-hof06-white-autographed-football-jersey-front.png?v=1756763487,3,"",,,,,,,,,,,,,,,
warren-moon-signed-hof-06-inscription-white-pro-edition-jersey-jsa,,,,,,,,,,,,,,,,,,,,,,,,,,,,,,,,https://cdn.shopify.com/s/files/1/0642/7842/9930/files/z_jsa-coa-sample_4e7ec913-bbb9-4a17-aa8f-7dadcc1e6382.png?v=1756763487,4,"",,,,,,,,,,,,,,,
warren-moon-signed-hof-06-inscription-purple-pro-edition-jersey-jsa,Warren Moon Signed HOF 06 Inscription Purple Pro-Edition Jersey (JSA),"<ul>
 <li>A professional-style XL stitched football jersey autographed by Warren Moon with HOF 06 inscription and authenticated by JSA</li>
 <li>Includes a<em> Witnessed Protection Program </em>Certificate of Authenticity from JSA</li>
 <li>Orders are generally shipped the same day if placed before 3pm and delivery only takes 3 to 5 days</li>
 <li>90-day Satisfaction Guarantee: if you are not completely satisfied with your piece of memorabilia, you have 90 days from when you receive it to return the item in its original condition and receive a full refund</li>
 </ul>",RSA,,Autographed Football Jerseys,"3X FBJ, Categorized, FB, inhouse, jersey, Jerseys, MYS_HOF, MYS_Professional, NFL, RSA-products, Sold-Out, Warehouse, X",true,Title,Default Title,,,,,,,,RSA-01503,907.003303052,shopify,17,deny,manual,60.00,89.99,true,true,,,,,,https://cdn.shopify.com/s/files/1/0642/7842/9930/files/moon-vikings-hof06-purple-autographed-football-jersey-back.jpg?v=1756763488,1,"",false,,,,,,,,lb,,40.00,true,,,active
warren-moon-signed-hof-06-inscription-purple-pro-edition-jersey-jsa,,,,,,,,,,,,,,,,,,,,,,,,,,,,,,,,https://cdn.shopify.com/s/files/1/0642/7842/9930/files/moon-vikings-hof06-purple-autographed-football-jersey-close-up.jpg?v=1756763488,2,"",,,,,,,,,,,,,,,
warren-moon-signed-hof-06-inscription-purple-pro-edition-jersey-jsa,,,,,,,,,,,,,,,,,,,,,,,,,,,,,,,,https://cdn.shopify.com/s/files/1/0642/7842/9930/files/moon-vikings-hof06-purple-autographed-football-jersey-front.jpg?v=1756763488,3,"",,,,,,,,,,,,,,,
warren-moon-signed-hof-06-inscription-blue-pro-edition-jersey-jsa,Warren Moon Signed HOF 06 Inscription Blue Pro-Edition Jersey (JSA),"<ul>
 <li>A professional-style XL stitched football jersey autographed by Warren Moon with HOF 06 inscription and authenticated by JSA</li>
 <li>Includes a<em> Witnessed Protection Program </em>Certificate of Authenticity from JSA</li>
 <li>Orders are generally shipped the same day if placed before 3pm and delivery only takes 3 to 5 days</li>
 <li>90-day Satisfaction Guarantee: if you are not completely satisfied with your piece of memorabilia, you have 90 days from when you receive it to return the item in its original condition and receive a full refund</li>
 </ul>",RSA,,Autographed Football Jerseys,"100+, 3X FBJ, Categorized, FB, inhouse, jersey, Jerseys, MYS_HOF, MYS_Professional, NFL, RSA, RSA-products, Sold-Out, Warehouse, X",true,Title,Default Title,,,,,,,,RSA-01505,907.003303052,shopify,16,deny,manual,59.00,89.99,true,true,,,,,,https://cdn.shopify.com/s/files/1/0642/7842/9930/files/moon-seahawks-hof06-blue-autographed-football-jersey-back.jpg?v=1756763489,1,"",false,,,,,,,,lb,,40.00,true,,,active
warren-moon-signed-hof-06-inscription-blue-pro-edition-jersey-jsa,,,,,,,,,,,,,,,,,,,,,,,,,,,,,,,,https://cdn.shopify.com/s/files/1/0642/7842/9930/files/moon-seahawks-hof06-blue-autographed-football-jersey-close-up.jpg?v=1756763489,2,"",,,,,,,,,,,,,,,
warren-moon-signed-hof-06-inscription-blue-pro-edition-jersey-jsa,,,,,,,,,,,,,,,,,,,,,,,,,,,,,,,,https://cdn.shopify.com/s/files/1/0642/7842/9930/files/moon-seahawks-hof06-blue-autographed-football-jersey-front.jpg?v=1756763489,3,"",,,,,,,,,,,,,,,
warren-moon-signed-chof-06-inscription-green-pro-edition-jersey-jsa,Warren Moon Signed CHOF 06 Inscription Green Pro-Edition Jersey (JSA),"<ul>
 <li>A professional-style XL stitched football jersey autographed by Warren Moon with HOF 06 inscription and authenticated by JSA</li>
 <li>Includes a<em> Witnessed Protection Program </em>Certificate of Authenticity from JSA</li>
 <li>Orders are generally shipped the same day if placed before 3pm and delivery only takes 3 to 5 days</li>
 <li>90-day Satisfaction Guarantee: if you are not completely satisfied with your piece of memorabilia, you have 90 days from when you receive it to return the item in its original condition and receive a full refund</li>
 </ul>",RSA,,Autographed Football Jerseys,"BFCM24, Categorized, FB, In-Stock, inhouse, jersey, Jerseys, MYS_HOF, MYS_Professional, NFL, RSA-products, Season, V, Warehouse, year-end",true,Title,Default Title,,,,,,,,RSA-01504,907.003303052,shopify,3,deny,manual,59.00,89.99,true,true,,,,,,https://cdn.shopify.com/s/files/1/0642/7842/9930/files/moon-eskimos-hof06-green-autographed-football-jersey-back.jpg?v=1756763490,1,"",false,,,,,,,,lb,,40.00,true,,,active
warren-moon-signed-chof-06-inscription-green-pro-edition-jersey-jsa,,,,,,,,,,,,,,,,,,,,,,,,,,,,,,,,https://cdn.shopify.com/s/files/1/0642/7842/9930/files/moon-eskimos-hof06-green-autographed-football-jersey-close-up.jpg?v=1756763490,2,"",,,,,,,,,,,,,,,
warren-moon-signed-chof-06-inscription-green-pro-edition-jersey-jsa,,,,,,,,,,,,,,,,,,,,,,,,,,,,,,,,https://cdn.shopify.com/s/files/1/0642/7842/9930/files/moon-eskimos-hof06-green-autographed-football-jersey-front.jpg?v=1756763490,3,"",,,,,,,,,,,,,,,
warren-moon-autographed-pro-style-football-jersey-light-blue-hof-06-beckett,Warren Moon Autographed Houston Pro Style Football Jersey Light Blue HOF '06 (JSA),<p>Warren Moon Autographed Pro Style Football Jersey Light Blue(JSA)</p>,RSA,,Autographed Football Jerseys,"100+, 3X FBJ, BFCM24, Categorized, FB, In-Stock, inhouse, jersey, Jerseys, MYS_HOF, MYS_Professional, Popular, RSA, RSA-Mystery, RSA-products, V, Warehouse",true,Title,Default Title,,,,,,,,RSA-00834,907.18474,shopify,20,deny,manual,59.00,89.99,true,true,,,,,,https://cdn.shopify.com/s/files/1/0642/7842/9930/files/moon-blu-1.png?v=1756763490,1,"",false,,,,,,,,lb,,40.00,true,,,active
warren-moon-autographed-pro-style-football-jersey-light-blue-hof-06-beckett,,,,,,,,,,,,,,,,,,,,,,,,,,,,,,,,https://cdn.shopify.com/s/files/1/0642/7842/9930/files/moon-blu-2.png?v=1756763490,2,"",,,,,,,,,,,,,,,
warren-moon-autographed-pro-style-football-jersey-light-blue-hof-06-beckett,,,,,,,,,,,,,,,,,,,,,,,,,,,,,,,,https://cdn.shopify.com/s/files/1/0642/7842/9930/files/moon-blu-3.png?v=1756763490,3,"",,,,,,,,,,,,,,,
warren-moon-autographed-pro-style-football-jersey-light-blue-hof-06-beckett,,,,,,,,,,,,,,,,,,,,,,,,,,,,,,,,https://cdn.shopify.com/s/files/1/0642/7842/9930/files/chris_hogan_autographed_patriots_jersey_jsa_authentic_super_bowl_champion_li_wide_receiver_c_p1000005542923_b4ac95c9-3bff-4454-8c87-0fb884e07487.jpg?v=1756763491,4,"",,,,,,,,,,,,,,,
vinny-testaverde-signed-new-york-pro-green-football-jersey-beckett,Vinny Testaverde Signed New York Green Football Jersey (Beckett),"<ul>
<li>A professional style green custom replica football jersey autographed by Vinny Testaverde and authenticated by JSA</li>
<li>Includes a Certificate of Authenticity from JSA</li>
<li>Orders are generally shipped the same day if placed before 3pm and delivery only takes 3 to 5 days</li>
<li>
<strong>90-day Satisfaction Guarantee:</strong> if you are not completely satisfied with your piece of memorabilia, you have 90 days from when you receive it to return the item in its original condition and receive a full refund</li>
</ul>",RSA,,Autographed Football Jerseys,"49BF, Categorized, FB, inhouse, jersey, Jerseys, Jets, MYS_Professional, RSA, RSA-products, Sold-Out, Warehouse, X",true,Title,Default Title,,,,,,,,RSA-02448,908.001206266,shopify,63,deny,manual,58.00,79.99,true,true,,,,,,https://cdn.shopify.com/s/files/1/0642/7842/9930/files/testaverde-jets-green-autographed-stitched-football-jersey-back.jpg?v=1730994234,1,"",false,,,,,,,,oz,,40.00,true,,,active
vinny-testaverde-signed-new-york-pro-green-football-jersey-beckett,,,,,,,,,,,,,,,,,,,,,,,,,,,,,,,,https://cdn.shopify.com/s/files/1/0642/7842/9930/files/testaverde-jets-green-autographed-stitched-football-jersey-signature.jpg?v=1730994235,2,"",,,,,,,,,,,,,,,
vinny-testaverde-signed-new-york-pro-green-football-jersey-beckett,,,,,,,,,,,,,,,,,,,,,,,,,,,,,,,,https://cdn.shopify.com/s/files/1/0642/7842/9930/files/testaverde-jets-green-autographed-stitched-football-jersey-front.jpg?v=1730994237,3,"",,,,,,,,,,,,,,,
vinny-testaverde-signed-college-edition-orange-football-jersey-jsa,Vinny Testaverde Signed College-Edition Orange Football Jersey (JSA),"<ul>
<li>A college-style XL stitched football jersey autographed by Vinny Testaverde and authenticated by JSA</li>
<li>Includes a<em> Witness Protection Program </em>Certificate of Authenticity from JSA</li>
<li>Orders are generally shipped the same day if placed before 3pm and delivery only takes 3 to 5 days</li>
<li>90-day Satisfaction Guarantee: if you are not completely satisfied with your piece of memorabilia, you have 90 days from when you receive it to return the item in its original condition and receive a full refund</li>
</ul>",RSA,,Autographed Football Jerseys,"49BF, Categorized, College, FB, HD, inhouse, jersey, Jerseys, MYS_College, MYS_product, MYS_run2-2, RSA, RSA-Mystery, RSA-products, Sold-Out, Warehouse, X",true,Title,Default Title,,,,,,,,RSA-02002,907.18474,shopify,11,deny,manual,58.00,79.99,true,true,,,,,,https://cdn.shopify.com/s/files/1/0642/7842/9930/files/testaverdehurricanesorangeautographedstitchedfootballjerseyback.jpg?v=1730994211,1,"",false,,,,,,,,lb,,40.00,true,,,active
vinny-testaverde-signed-college-edition-orange-football-jersey-jsa,,,,,,,,,,,,,,,,,,,,,,,,,,,,,,,,https://cdn.shopify.com/s/files/1/0642/7842/9930/files/testaverdehurricanesorangeautographedstitchedfootballjerseysignature.jpg?v=1730994213,2,"",,,,,,,,,,,,,,,
vinny-testaverde-signed-college-edition-orange-football-jersey-jsa,,,,,,,,,,,,,,,,,,,,,,,,,,,,,,,,https://cdn.shopify.com/s/files/1/0642/7842/9930/files/testaverdehurricanesorangeautographedstitchedfootballjerseyfront.jpg?v=1730994215,3,"",,,,,,,,,,,,,,,
vinny-testaverde-signed-college-edition-green-football-jersey-jsa,Vinny Testaverde Signed College-Edition Green Football Jersey (JSA),"<ul>
<li>A college-style XL stitched football jersey autographed by Vinny Testaverde and authenticated by JSA</li>
<li>Includes a <em></em>Certificate of Authenticity from JSA</li>
<li>Orders are generally shipped the same day if placed before 3pm and delivery only takes 3 to 5 days</li>
<li>90-day Satisfaction Guarantee: if you are not completely satisfied with your piece of memorabilia, you have 90 days from when you receive it to return the item in its original condition and receive a full refund</li>
</ul>",RSA,,Autographed Football Jerseys,"Categorized, FB, HD, inhouse, jersey, Jerseys, MYS_College, RSA-products, Sold-Out, Warehouse, X",true,Title,Default Title,,,,,,,,RSA-02003,453.59237,shopify,7,deny,manual,58.00,79.99,true,true,,,,,,https://cdn.shopify.com/s/files/1/0642/7842/9930/files/testaverdedolphinsgreenautographedstitchedfootballjerseyback.jpg?v=1730994203,1,"",false,,,,,,,,lb,,40.00,true,,,active
vinny-testaverde-signed-college-edition-green-football-jersey-jsa,,,,,,,,,,,,,,,,,,,,,,,,,,,,,,,,https://cdn.shopify.com/s/files/1/0642/7842/9930/files/testaverdedolphinsgreenautographedstitchedfootballjerseysignature.jpg?v=1730994205,2,"",,,,,,,,,,,,,,,
vinny-testaverde-signed-college-edition-green-football-jersey-jsa,,,,,,,,,,,,,,,,,,,,,,,,,,,,,,,,https://cdn.shopify.com/s/files/1/0642/7842/9930/files/testaverdedolphinsgreenautographedstitchedfootballjerseyfront.jpg?v=1730994208,3,"",,,,,,,,,,,,,,,
vince-papale-signed-philadelphia-white-football-jersey-jsa,Vince Papale Signed Philadelphia White Football Jersey (JSA),"<p>This custom stitched football jersey has been personally hand signed by Vince Papale and authenticated by a top 3rd party authentication company. All autographed sports collectibles are limited! Order now to add this timeless piece of football memorabilia to your collection before it’s gone.</p><ul>
<li>Custom football jersey autographed by Vince Papale and authenticated by JSA</li>
<li>Includes a <em>Witnessed Protection Program</em> tamper-proof authentication sticker from JSA</li>
<li>
<strong>90-day Satisfaction Guarantee:</strong> if you are not completely satisfied with your piece of memorabilia, return the item in its original condition and receive a full refund</li>
</ul>",RSA,,Autographed Football Jerseys,"04-22-RSA, BFCM24, eagles, FB, GoogleClearance, inhouse, jersey, Jerseys, Season, V, year-end",true,Title,Default Title,,,,,,,,RSA-08886,907.1989147615625,shopify,4,deny,manual,40.00,54.99,true,true,,,,,,https://cdn.shopify.com/s/files/1/0642/7842/9930/files/papale-eagles-white-autographed-stitched-football-jersey-back.jpg?v=1756763491,1,"",false,,,,,,,,oz,,20.00,true,,,active
vince-papale-signed-philadelphia-white-football-jersey-jsa,,,,,,,,,,,,,,,,,,,,,,,,,,,,,,,,https://cdn.shopify.com/s/files/1/0642/7842/9930/files/papale-eagles-white-autographed-stitched-football-jersey-signature.jpg?v=1756763491,2,"",,,,,,,,,,,,,,,
vince-papale-signed-philadelphia-white-football-jersey-jsa,,,,,,,,,,,,,,,,,,,,,,,,,,,,,,,,https://cdn.shopify.com/s/files/1/0642/7842/9930/files/papale-eagles-white-autographed-stitched-football-jersey-front.jpg?v=1756763491,3,"",,,,,,,,,,,,,,,
vince-papale-signed-invincible-inscription-philadelphia-white-football-jersey-silver-ink-tristar,Vince Papale Signed Invincible inscription Philadelphia White Football Jersey Silver Ink (Tristar),"<ul>
<li>A professional style white custom replica football jersey autographed by Vince Papale and authenticated by Tristar</li>
<li>Includes a Certificate of Authenticity from Tristar</li>
<li>Orders are generally shipped the same day if placed before 3pm and delivery only takes 3 to 5 days</li>
<li>
<strong>90-day Satisfaction Guarantee:</strong> if you are not completely satisfied with your piece of memorabilia, you have 90 days from when you receive it to return the item in its original condition and receive a full refund</li>
</ul>",RSA,,Autographed Football Jerseys,"03-14, BFCM24, eagles, FB, inhouse, jersey, Jerseys, New Arrival, Sold-Out, X",true,Title,Default Title,,,,,,,,RSA-06527,907.1989147615625,shopify,19,deny,manual,43.00,59.99,true,true,,,,,,https://cdn.shopify.com/s/files/1/0642/7842/9930/files/papale-jets-invincible-white-autographed-stitched-football-jersey-back_ffa95be3-d9e1-45d8-b206-ee73b38fb13a.jpg?v=1756763492,1,"",false,,,,,,,,oz,,22.00,true,,,active
vince-papale-signed-invincible-inscription-philadelphia-white-football-jersey-silver-ink-tristar,,,,,,,,,,,,,,,,,,,,,,,,,,,,,,,,https://cdn.shopify.com/s/files/1/0642/7842/9930/files/papale-jets-invincible-white-autographed-stitched-football-jersey-signature_4e5a899e-a89d-47ae-8f5a-59a1e2f28a75.jpg?v=1756763492,2,"",,,,,,,,,,,,,,,
vince-papale-signed-invincible-inscription-philadelphia-white-football-jersey-silver-ink-tristar,,,,,,,,,,,,,,,,,,,,,,,,,,,,,,,,https://cdn.shopify.com/s/files/1/0642/7842/9930/files/papale-jets-invincible-white-autographed-stitched-football-jersey-front_f4f87bda-463b-467b-970d-cf5ab28ffe66.jpg?v=1756763492,3,"",,,,,,,,,,,,,,,
tyreek-hill-signed-miami-white-football-jersey-beckett,Tyreek Hill Signed Miami White Football Jersey (Beckett),"<ul>
<li>A professional style white custom replica football jersey autographed by Tyreek Hill and authenticated by Beckett</li>
<li>Includes a Certificate of Authenticity from Beckett</li>
<li>Orders are generally shipped the same day if placed before 3pm and delivery only takes 3 to 5 days</li>
<li>
<strong>90-day Satisfaction Guarantee:</strong> if you are not completely satisfied with your piece of memorabilia, you have 90 days from when you receive it to return the item in its original condition and receive a full refund</li>
</ul>",RSA,,Autographed Football Jerseys,"02-06, Best-Seller, BFCM24, current, dolphins, FB, In-Stock, inhouse, jersey, Jerseys, New Arrival, RSA-products, V",true,Title,Default Title,,,,,,,,RSA-06303,907.1989147615625,shopify,35,deny,manual,85.00,119.99,true,true,,,,,,https://cdn.shopify.com/s/files/1/0642/7842/9930/files/hill-dolphins-white-autographed-stitched-football-jersey-back.jpg?v=1756763493,1,"",false,,,,,,,,oz,,60.00,true,,,active
tyreek-hill-signed-miami-white-football-jersey-beckett,,,,,,,,,,,,,,,,,,,,,,,,,,,,,,,,https://cdn.shopify.com/s/files/1/0642/7842/9930/files/hill-dolphins-white-autographed-stitched-football-jersey-signature.jpg?v=1756763493,2,"",,,,,,,,,,,,,,,
tyreek-hill-signed-miami-white-football-jersey-beckett,,,,,,,,,,,,,,,,,,,,,,,,,,,,,,,,https://cdn.shopify.com/s/files/1/0642/7842/9930/files/hill-dolphins-white-autographed-stitched-football-jersey-front.jpg?v=1756763493,3,"",,,,,,,,,,,,,,,
tyreek-hill-signed-miami-teal-football-jersey-beckett,Tyreek Hill Signed Miami Teal Football Jersey (Beckett),"<ul>
<li>A professional style teal custom replica football jersey autographed by Tyreek Hill and authenticated by Beckett</li>
<li>Includes a Certificate of Authenticity from Beckett</li>
<li>Orders are generally shipped the same day if placed before 3pm and delivery only takes 3 to 5 days</li>
<li>
<strong>90-day Satisfaction Guarantee:</strong> if you are not completely satisfied with your piece of memorabilia, you have 90 days from when you receive it to return the item in its original condition and receive a full refund</li>
</ul>",RSA,,Autographed Football Jerseys,"08-03, 3X FBJ, Best-Seller, BFCM24, current, Current Star, dolphins, FB, In-Stock, inhouse, jersey, Jerseys, New Arrival, RSA-products, Season, V, Warehouse, year-end",true,Title,Default Title,,,,,,,,RSA-05593,907.18474,shopify,79,deny,manual,85.00,119.99,true,true,,,,,,https://cdn.shopify.com/s/files/1/0642/7842/9930/files/hill-dolphins-teal-autographed-full-size-flash-speed-football-helmet-angle.jpg?v=1756763494,1,"",false,,,,,,,,oz,,60.00,true,,,active
tyreek-hill-signed-miami-teal-football-jersey-beckett,,,,,,,,,,,,,,,,,,,,,,,,,,,,,,,,https://cdn.shopify.com/s/files/1/0642/7842/9930/files/hill-dolphins-teal-autographed-full-size-flash-speed-football-helmet-side.jpg?v=1756763494,2,"",,,,,,,,,,,,,,,
tyreek-hill-signed-miami-teal-football-jersey-beckett,,,,,,,,,,,,,,,,,,,,,,,,,,,,,,,,https://cdn.shopify.com/s/files/1/0642/7842/9930/files/hill-dolphins-teal-autographed-full-size-flash-speed-football-helmet-signature.jpg?v=1756763494,3,"",,,,,,,,,,,,,,,
tyreek-hill-signed-miami-orange-football-jersey-beckett,Tyreek Hill Signed Miami Orange Football Jersey (Beckett),"<ul>
<li>A professional style orange custom replica football jersey autographed by Tyreek Hill and authenticated by Beckett</li>
  <li>Includes a Certificate of Authenticity from Beckett</li>
<li>Orders are generally shipped the same day if placed before 3pm and delivery only takes 3 to 5 days</li>
<li>
<strong>90-day Satisfaction Guarantee:</strong> if you are not completely satisfied with your piece of memorabilia, you have 90 days from when you receive it to return the item in its original condition and receive a full refund</li>
</ul>",RSA,,Autographed Football Jerseys,"09-29-RSA, 3X FBJ, Best-Seller, BFCM24, current, Current Star, dolphins, eBay Live, FB, In-Stock, inhouse, jersey, Jerseys, New Arrival, RSA-products, Season, V, Warehouse, year-end",true,Title,Default Title,,,,,,,,RSA-05737,907.1989147615625,shopify,78,deny,manual,85.00,119.99,true,true,,,,,,https://cdn.shopify.com/s/files/1/0642/7842/9930/files/hill-dolphins-orange-autographed-full-size-flash-speed-football-helmet-angle.jpg?v=1756763495,1,"",false,,,,,,,,oz,,60.00,true,,,active
tyreek-hill-signed-miami-orange-football-jersey-beckett,,,,,,,,,,,,,,,,,,,,,,,,,,,,,,,,https://cdn.shopify.com/s/files/1/0642/7842/9930/files/hill-dolphins-orange-autographed-full-size-flash-speed-football-helmet-side.jpg?v=1756763495,2,"",,,,,,,,,,,,,,,
tyreek-hill-signed-miami-orange-football-jersey-beckett,,,,,,,,,,,,,,,,,,,,,,,,,,,,,,,,https://cdn.shopify.com/s/files/1/0642/7842/9930/files/hill-dolphins-orange-autographed-full-size-flash-speed-football-helmet-signature.jpg?v=1756763495,3,"",,,,,,,,,,,,,,,
tyreek-hill-autographed-football-jersey-white-jsa,Tyreek Hill Signed Kansas City White Football Jersey  (JSA),"<ul>
<li>A professional style white custom replica football jersey autographed by Tyreek Hill and authenticated by JSA</li>
<li>Includes a Certificate of Authenticity from <meta charset=""utf-8"">JSA</li>

<li>
<strong>90-day Satisfaction Guarantee:</strong> if you are not completely satisfied with your piece of memorabilia, you have 90 days from when you receive it to return the item in its original condition and receive a full refund</li>
</ul>",RSA,,Autographed Football Jerseys,"Categorized, chiefs, current, FB, inhouse, jersey, Jerseys, MYS_product, MYS_Professional, MYS_run6-1, NFL, RSA, RSA-products, Sold-Out, Warehouse, X",false,Title,Default Title,,,,,,,,RSA-00025,454.000603133,shopify,87,deny,manual,50.00,69.99,true,true,,,,,,https://cdn.shopify.com/s/files/1/0642/7842/9930/files/hill-chiefs-white-autographed-stitched-football-jersey-back.jpg?v=1761174090,1,"",false,,,,,,,,lb,,55.00,true,,,active
tyreek-hill-autographed-football-jersey-white-jsa,,,,,,,,,,,,,,,,,,,,,,,,,,,,,,,,https://cdn.shopify.com/s/files/1/0642/7842/9930/files/hill-chiefs-white-autographed-stitched-football-jersey-signature.jpg?v=1761174092,2,"",,,,,,,,,,,,,,,
tyreek-hill-autographed-football-jersey-white-jsa,,,,,,,,,,,,,,,,,,,,,,,,,,,,,,,,https://cdn.shopify.com/s/files/1/0642/7842/9930/files/hill-chiefs-white-autographed-stitched-football-jersey-front.jpg?v=1761174093,3,"",,,,,,,,,,,,,,,
tyler-biadasz-signed-dallas-white-football-jersey-beckett,Tyler Biadasz Signed Dallas White Football Jersey (Beckett),"<p>This custom stitched football jersey has been personally hand signed by Tyler Biadasz and authenticated by a top 3rd party authentication company. All autographed sports collectibles are limited! Order now to add this timeless piece of football memorabilia to your collection before it’s gone.</p><ul>
<li>Hand signed Football jersey autographed by Tyler Biadasz and authenticated by Beckett</li>
<li>Includes a <em>Witnessed Protection Program</em> tamper-proof authentication sticker from Beckett</li>
<li>90-day Satisfaction Guarantee: if you are not completely satisfied with your piece of memorabilia, return the item in its original condition and receive a full refund</li>
</ul>",RSA,,Autographed Football Jerseys,"BFCM24, cowboys, FB, GoogleClearance, inhouse, jersey, Jerseys, New Arrival, Season, V, year-end",true,Title,Default Title,,,,,,,,RSA-09820,907.1989147615625,shopify,29,deny,manual,30.00,39.99,true,true,,,,,,https://cdn.shopify.com/s/files/1/0642/7842/9930/files/biadasz-cowboys-white-autographed-stitched-football-jersey-back.jpg?v=1756763495,1,"",false,,,,,,,,oz,,25.00,true,,,active
tyler-biadasz-signed-dallas-white-football-jersey-beckett,,,,,,,,,,,,,,,,,,,,,,,,,,,,,,,,https://cdn.shopify.com/s/files/1/0642/7842/9930/files/biadasz-cowboys-white-autographed-stitched-football-jersey-signature.jpg?v=1756763495,2,"",,,,,,,,,,,,,,,
tyler-biadasz-signed-dallas-white-football-jersey-beckett,,,,,,,,,,,,,,,,,,,,,,,,,,,,,,,,https://cdn.shopify.com/s/files/1/0642/7842/9930/files/biadasz-cowboys-white-autographed-stitched-football-jersey-front.jpg?v=1756763495,3,"",,,,,,,,,,,,,,,
tyler-biadasz-signed-dallas-thanksgiving-football-jersey-beckett,Tyler Biadasz Signed Dallas Thanksgiving Football Jersey (Beckett),"<p>This custom stitched football jersey has been personally hand signed by Tyler Biadasz and authenticated by a top 3rd party authentication company. All autographed sports collectibles are limited! Order now to add this timeless piece of football memorabilia to your collection before it’s gone.</p><ul>
<li>Custom football jersey autographed by Tyler Biadasz and authenticated by Beckett</li>
<li>Includes a <em>Witnessed Protection Program</em> tamper-proof authentication sticker from Beckett</li>
<li>
<strong>90-day Satisfaction Guarantee:</strong> if you are not completely satisfied with your piece of memorabilia, return the item in its original condition and receive a full refund</li>
</ul>",RSA,,Autographed Football Jerseys,"06-07-RSA, BFCM24, cowboys, FB, inhouse, jersey, Jerseys, Season, V",true,Title,Default Title,,,,,,,,RSA-09282,907.1989147615625,shopify,14,deny,manual,30.00,39.99,true,true,,,,,,https://cdn.shopify.com/s/files/1/0642/7842/9930/files/biadasz-cowboys-thanksgiving-autographed-stitched-football-jersey-back.jpg?v=1756763496,1,"",false,,,,,,,,oz,,25.00,true,,,active
tyler-biadasz-signed-dallas-thanksgiving-football-jersey-beckett,,,,,,,,,,,,,,,,,,,,,,,,,,,,,,,,https://cdn.shopify.com/s/files/1/0642/7842/9930/files/biadasz-cowboys-thanksgiving-autographed-stitched-football-jersey-signature.jpg?v=1756763496,2,"",,,,,,,,,,,,,,,
tyler-biadasz-signed-dallas-thanksgiving-football-jersey-beckett,,,,,,,,,,,,,,,,,,,,,,,,,,,,,,,,https://cdn.shopify.com/s/files/1/0642/7842/9930/files/biadasz-cowboys-thanksgiving-autographed-stitched-football-jersey-front.jpg?v=1756763496,3,"",,,,,,,,,,,,,,,
tyler-biadasz-signed-dallas-navy-football-jersey-beckett,Tyler Biadasz Signed Dallas Navy Football Jersey (Beckett),"<p>This custom stitched football jersey has been personally hand signed by Tyler Biadasz and authenticated by a top 3rd party authentication company. All autographed sports collectibles are limited! Order now to add this timeless piece of football memorabilia to your collection before it’s gone.</p><ul>
<li>Custom football jersey autographed by Tyler Biadasz and authenticated by Beckett</li>
<li>Includes a <em>Witnessed Protection Program</em> tamper-proof authentication sticker from Beckett</li>
<li>
<strong>90-day Satisfaction Guarantee:</strong> if you are not completely satisfied with your piece of memorabilia, return the item in its original condition and receive a full refund</li>
</ul>",RSA,,Autographed Football Jerseys,"BFCM24, cowboys, FB, inhouse, jersey, Jerseys, New Arrival, Season, V",true,Title,Default Title,,,,,,,,RSA-09664,907.1989147615625,shopify,6,deny,manual,30.00,39.99,true,true,,,,,,https://cdn.shopify.com/s/files/1/0642/7842/9930/files/biadasz-cowboys-blue-autographed-stitched-football-jersey-back_364aaf52-a390-4825-840c-17df6caa8c53.jpg?v=1756763497,1,"",false,,,,,,,,oz,,25.00,true,,,active
tyler-biadasz-signed-dallas-navy-football-jersey-beckett,,,,,,,,,,,,,,,,,,,,,,,,,,,,,,,,https://cdn.shopify.com/s/files/1/0642/7842/9930/files/biadasz-cowboys-blue-autographed-stitched-football-jersey-front.jpg?v=1756763497,2,"",,,,,,,,,,,,,,,
tyler-biadasz-signed-dallas-navy-football-jersey-beckett,,,,,,,,,,,,,,,,,,,,,,,,,,,,,,,,https://cdn.shopify.com/s/files/1/0642/7842/9930/files/biadasz-cowboys-blue-autographed-stitched-football-jersey-signature.jpg?v=1756763497,3,"",,,,,,,,,,,,,,,
troy-smith-signed-06-heisman-inscription-ohio-state-college-white-football-jersey-jsa,Troy Smith Signed 06 Heisman Inscription Ohio State College White Football Jersey (JSA),"<ul>
<li>A collegiate style white custom replica football jersey autographed by Troy Smith with 06 Heisman inscription and authenticated by JSA</li>
<li>Includes a Certificate of Authenticity from JSA</li>
<li>Orders are generally shipped the same day if placed before 3pm and delivery only takes 3 to 5 days</li>
<li>
<strong>90-day Satisfaction Guarantee:</strong> if you are not completely satisfied with your piece of memorabilia, you have 90 days from when you receive it to return the item in its original condition and receive a full refund</li>
</ul>",RSA,,Autographed Football Jerseys,"Categorized, FB, In-Stock, inhouse, jersey, Jerseys, MYS_College, RSA, RSA-products, V, Warehouse",true,Title,Default Title,,,,,,,,RSA-03530,907.1989147615625,shopify,3,deny,manual,55.00,69.99,true,true,,,,,,https://cdn.shopify.com/s/files/1/0642/7842/9930/files/smith-buckeyes-06-heisman-white-autographed-stitched-football-jersey-back.jpg?v=1756763498,1,"",false,,,,,,,,oz,,35.00,true,,,active
troy-smith-signed-06-heisman-inscription-ohio-state-college-white-football-jersey-jsa,,,,,,,,,,,,,,,,,,,,,,,,,,,,,,,,https://cdn.shopify.com/s/files/1/0642/7842/9930/files/smith-buckeyes-06-heisman-white-autographed-stitched-football-jersey-signature.jpg?v=1756763498,2,"",,,,,,,,,,,,,,,
troy-smith-signed-06-heisman-inscription-ohio-state-college-white-football-jersey-jsa,,,,,,,,,,,,,,,,,,,,,,,,,,,,,,,,https://cdn.shopify.com/s/files/1/0642/7842/9930/files/smith-buckeyes-06-heisman-white-autographed-stitched-football-jersey-front.jpg?v=1756763498,3,"",,,,,,,,,,,,,,,
troy-polamalu-signed-pro-edition-black-football-jersey-beckett,Troy Polamalu Signed Pro-Edition Black Football Jersey (Beckett),"<ul>
<li>A professional-style XL stitched football jersey autographed by Troy Polamaluand authenticated by Beckett</li>
<li>Includes a <em></em>Sticker of Authenticity from Beckett</li>
<li>Orders are generally shipped the same day if placed before 3pm and delivery only takes 3 to 5 days</li>
<li>90-day Satisfaction Guarantee: if you are not completely satisfied with your piece of memorabilia, you have 90 days from when you receive it to return the item in its original condition and receive a full refund</li>
</ul>",RSA,,Autographed Football Jerseys,"Best-Seller, BFCM24, Categorized, duplicate, FB, HD, inhouse, jersey, Jerseys, MYS_HOF, MYS_Professional, RSA-products, Sold-Out, Warehouse, X",true,Title,Default Title,,,,,,,,RSA-01936,850.48569375,shopify,15,deny,manual,160.00,219.99,true,true,,,,,,https://cdn.shopify.com/s/files/1/0642/7842/9930/files/polamalu-steelers-black-autographed-stitched-football-jersey-back.jpg?v=1756763500,1,"",false,,,,,,,,oz,,125.00,true,,,active
troy-polamalu-signed-pro-edition-black-football-jersey-beckett,,,,,,,,,,,,,,,,,,,,,,,,,,,,,,,,https://cdn.shopify.com/s/files/1/0642/7842/9930/files/polamalu-steelers-black-autographed-stitched-football-jersey-signature.jpg?v=1756763500,2,"",,,,,,,,,,,,,,,
troy-polamalu-signed-pro-edition-black-football-jersey-beckett,,,,,,,,,,,,,,,,,,,,,,,,,,,,,,,,https://cdn.shopify.com/s/files/1/0642/7842/9930/files/polamalu-steelers-black-autographed-stitched-football-jersey-front_9a622c5f-61b5-4fb2-986d-cbe2d7da589b.jpg?v=1756763500,3,"",,,,,,,,,,,,,,,
troy-polamalu-signed-pittsburgh-white-football-jersey-beckett,Troy Polamalu Signed Pittsburgh White Football Jersey (Beckett),"<ul>
<li>A professional style white custom replica football jersey autographed by Troy Polamalu and authenticated by Beckett</li>
<li>Includes a Certificate of Authenticity from Beckett</li>
<li>Orders are generally shipped the same day if placed before 3pm and delivery only takes 3 to 5 days</li>
<li>
<strong>90-day Satisfaction Guarantee:</strong> if you are not completely satisfied with your piece of memorabilia, you have 90 days from when you receive it to return the item in its original condition and receive a full refund</li>
</ul>",RSA,,Autographed Football Jerseys,"03-14, Best-Seller, BFCM24, FB, inhouse, jersey, Jerseys, MYS_HOF, New Arrival, Sold-Out, Steelers, X",true,Title,Default Title,,,,,,,,RSA-06928,907.1989147615625,shopify,11,deny,manual,160.00,219.99,true,true,,,,,,https://cdn.shopify.com/s/files/1/0642/7842/9930/files/polamalu-signed-jersey.png?v=1756763501,1,"",false,,,,,,,,oz,,125.00,true,,,active
troy-polamalu-signed-pittsburgh-white-football-jersey-beckett,,,,,,,,,,,,,,,,,,,,,,,,,,,,,,,,https://cdn.shopify.com/s/files/1/0642/7842/9930/files/polamalu-steelers-white-autographed-stitched-football-jersey-signature.jpg?v=1756763501,2,"",,,,,,,,,,,,,,,
troy-polamalu-signed-pittsburgh-white-football-jersey-beckett,,,,,,,,,,,,,,,,,,,,,,,,,,,,,,,,https://cdn.shopify.com/s/files/1/0642/7842/9930/files/polamalu-steelers-white-autographed-stitched-football-jersey-front.jpg?v=1756763501,3,"",,,,,,,,,,,,,,,
trequan-smith-signed-pro-edition-white-football-jersey-jsa,Tre'Quan Smith Signed Pro Edition White Football Jersey (JSA),"<p>A professional-style football jersey autographed by Tre'Quan Smith and authenticated by JSA.</p>
 <p>This autographed piece of memorabilia comes with an official <em>Witnessed Protection Program </em>Certificate of Authenticity from James Spence Authentication LLC that guarantees the authenticity of the autograph.</p>
 <p>You can read more about all the qualified companies that we use to ensure the authenticity of all our autographs and their different types of certifications on our <strong><em>Authentication Services and Certificates </em></strong>page.</p>
 <p>All orders begin processing and fulfillment immediately upon payment approval and are guaranteed to ship from our warehouse within 24-48 hours.</p>
 <p>The typical delivery time ranges from 3-7 business days in the Continental U.S. from our warehouse in Nashville, TN. For deliveries to HI, AK, and U.S. Territories, please allow for 7-14 business days. If you have any questions about our shipping policies, visit our <strong><em>Frequently Asked Questions</em></strong> page.</p>
 <p>We back our products with a <strong><em>90-day Satisfaction Guarantee</em></strong>: if you aren't completely satisfied with your piece of memorabilia, you have 90 days from the recorded delivery date to return the item and receive a full refund.</p>",RSA,,Autographed Football Jerseys,"39BF, bfbox, Categorized, current, FB, inhouse, jersey, Jerseys, MYS_product, MYS_Professional, MYS_run2-2, RSA, RSA-products, Sold-Out, Warehouse, X",true,Title,Default Title,,,,,,,,RSA-01356,907.18474,shopify,34,deny,manual,30.00,39.99,true,true,,,,,,https://cdn.shopify.com/s/files/1/0642/7842/9930/files/smith-saints-wht-1.png?v=1730989184,1,"",false,,,,,,,,lb,,25.00,true,,,active
trequan-smith-signed-pro-edition-white-football-jersey-jsa,,,,,,,,,,,,,,,,,,,,,,,,,,,,,,,,https://cdn.shopify.com/s/files/1/0642/7842/9930/files/smith-saints-wht-3.png?v=1730989188,2,"",,,,,,,,,,,,,,,
trequan-smith-signed-pro-edition-white-football-jersey-jsa,,,,,,,,,,,,,,,,,,,,,,,,,,,,,,,,https://cdn.shopify.com/s/files/1/0642/7842/9930/files/smith-saints-wht-2.png?v=1730989190,3,"",,,,,,,,,,,,,,,
trequan-smith-signed-pro-edition-white-football-jersey-jsa,,,,,,,,,,,,,,,,,,,,,,,,,,,,,,,,https://cdn.shopify.com/s/files/1/0642/7842/9930/files/z_jsa-coa-sample_d75551d3-a6b7-406f-991e-7cc8b65196ba.png?v=1730989191,4,"",,,,,,,,,,,,,,,
trequan-smith-autographed-pro-style-football-jersey-black-jsa,Tre'Quan Smith Autographed Pro Style Football Jersey Black (JSA),<p>Tre'Quan Smith Autographed Pro Style Football Jersey Black (JSA)</p>,RSA,,Autographed Football Jerseys,"39BF, bfbox, Categorized, current, FB, inhouse, jersey, Jerseys, MYS_product, MYS_Professional, MYS_run2-2, RSA, RSA-products, Sold-Out, Warehouse, X",true,Title,Default Title,,,,,,,,RSA-00161,454.000603133,shopify,49,deny,manual,30.00,39.99,true,true,,,,,,https://cdn.shopify.com/s/files/1/0642/7842/9930/files/smith-saints-blk-1.png?v=1730989143,1,"",false,,,,,,,,lb,,25.00,true,,,active
trequan-smith-autographed-pro-style-football-jersey-black-jsa,,,,,,,,,,,,,,,,,,,,,,,,,,,,,,,,https://cdn.shopify.com/s/files/1/0642/7842/9930/files/smith-saints-blk-2.png?v=1730989144,2,"",,,,,,,,,,,,,,,
trequan-smith-autographed-pro-style-football-jersey-black-jsa,,,,,,,,,,,,,,,,,,,,,,,,,,,,,,,,https://cdn.shopify.com/s/files/1/0642/7842/9930/files/smith-saints-blk-3.png?v=1730989147,3,"",,,,,,,,,,,,,,,
trequan-smith-autographed-pro-style-football-jersey-black-jsa,,,,,,,,,,,,,,,,,,,,,,,,,,,,,,,,https://cdn.shopify.com/s/files/1/0642/7842/9930/files/jsa-coa-sample_3e53ed54-a5c1-47a8-a517-be8ed8fcb795.png?v=1730989149,4,"",,,,,,,,,,,,,,,
travis-etienne-signed-jacksonville-white-football-jersey-beckett,Travis Etienne Signed Jacksonville White Football Jersey (Beckett),"<p>This custom stitched football jersey has been personally hand signed by Travis Etienne and authenticated by a top 3rd party authentication company. All autographed sports collectibles are limited! Order now to add this timeless piece of football memorabilia to your collection before it’s gone.</p><ul>
<li>Custom football jersey autographed by Travis Etienne and authenticated by Beckett</li>
<li>Includes a <em>Witnessed Protection Program</em> tamper-proof authentication sticker from Beckett</li>
<li>
<strong>90-day Satisfaction Guarantee:</strong> if you are not completely satisfied with your piece of memorabilia, return the item in its original condition and receive a full refund</li>
</ul>",RSA,,Autographed Football Jerseys,"05-23-RSA, BFCM24, Current Star, FB, inhouse, Jaguars, jersey, Jerseys, Season, V, year-end",true,Title,Default Title,,,,,,,,RSA-09180,907.1989147615625,shopify,16,deny,manual,62.00,99.99,true,true,,,,,,https://cdn.shopify.com/s/files/1/0642/7842/9930/files/etienne-jaguars-white-autographed-stitched-football-jersey-back.jpg?v=1756763504,1,"",false,,,,,,,,oz,,42.00,true,,,active
travis-etienne-signed-jacksonville-white-football-jersey-beckett,,,,,,,,,,,,,,,,,,,,,,,,,,,,,,,,https://cdn.shopify.com/s/files/1/0642/7842/9930/files/etienne-jaguars-white-autographed-stitched-football-jersey-signature.jpg?v=1756763504,2,"",,,,,,,,,,,,,,,
travis-etienne-signed-jacksonville-white-football-jersey-beckett,,,,,,,,,,,,,,,,,,,,,,,,,,,,,,,,https://cdn.shopify.com/s/files/1/0642/7842/9930/files/etienne-jaguars-white-autographed-stitched-football-jersey-front.jpg?v=1756763504,3,"",,,,,,,,,,,,,,,
travis-etienne-signed-jacksonville-teal-football-jersey-beckett,Travis Etienne Signed Jacksonville Teal Football Jersey (Beckett),"<p>This custom stitched football jersey has been personally hand signed by Travis Etienne and authenticated by a top 3rd party authentication company. All autographed sports collectibles are limited! Order now to add this timeless piece of football memorabilia to your collection before it’s gone.</p><ul>
<li>Custom football jersey autographed by Travis Etienne and authenticated by Beckett</li>
<li>Includes a <em>Witnessed Protection Program</em> tamper-proof authentication sticker from Beckett</li>
<li>
<strong>90-day Satisfaction Guarantee:</strong> if you are not completely satisfied with your piece of memorabilia, return the item in its original condition and receive a full refund</li>
</ul>",RSA,,Autographed Football Jerseys,"05-23-RSA, BFCM24, Current Star, FB, inhouse, Jaguars, jersey, Jerseys, Season, V, year-end",true,Title,Default Title,,,,,,,,RSA-09181,907.1989147615625,shopify,11,deny,manual,62.00,99.99,true,true,,,,,,https://cdn.shopify.com/s/files/1/0642/7842/9930/files/etienne-jaguars-teal-autographed-stitched-football-jersey-back.jpg?v=1756763505,1,"",false,,,,,,,,oz,,42.00,true,,,active
travis-etienne-signed-jacksonville-teal-football-jersey-beckett,,,,,,,,,,,,,,,,,,,,,,,,,,,,,,,,https://cdn.shopify.com/s/files/1/0642/7842/9930/files/etienne-jaguars-teal-autographed-stitched-football-jersey-signature.jpg?v=1756763505,2,"",,,,,,,,,,,,,,,
travis-etienne-signed-jacksonville-teal-football-jersey-beckett,,,,,,,,,,,,,,,,,,,,,,,,,,,,,,,,https://cdn.shopify.com/s/files/1/0642/7842/9930/files/etienne-jaguars-teal-autographed-stitched-football-jersey-front.jpg?v=1756763505,3,"",,,,,,,,,,,,,,,
travis-etienne-signed-jacksonville-gold-football-jersey-beckett,Travis Etienne Signed Jacksonville Gold Football Jersey (Beckett),"<p>This custom stitched football jersey has been personally hand signed by Travis Etienne and authenticated by a top 3rd party authentication company. All autographed sports collectibles are limited! Order now to add this timeless piece of football memorabilia to your collection before it’s gone.</p><ul>
<li>Custom football jersey autographed by Travis Etienne and authenticated by Beckett</li>
<li>Includes a <em>Witnessed Protection Program</em> tamper-proof authentication sticker from Beckett</li>
<li>
<strong>90-day Satisfaction Guarantee:</strong> if you are not completely satisfied with your piece of memorabilia, return the item in its original condition and receive a full refund</li>
</ul>",RSA,,Autographed Football Jerseys,"05-23-RSA, BFCM24, Current Star, FB, inhouse, Jaguars, jersey, Jerseys, Season, V, year-end",true,Title,Default Title,,,,,,,,RSA-09182,907.1989147615625,shopify,25,deny,manual,62.00,99.99,true,true,,,,,,https://cdn.shopify.com/s/files/1/0642/7842/9930/files/etienne-jaguars-gold-autographed-stitched-football-jersey-back.jpg?v=1756763505,1,"",false,,,,,,,,oz,,42.00,true,,,active
travis-etienne-signed-jacksonville-gold-football-jersey-beckett,,,,,,,,,,,,,,,,,,,,,,,,,,,,,,,,https://cdn.shopify.com/s/files/1/0642/7842/9930/files/etienne-jaguars-gold-autographed-stitched-football-jersey-signature.jpg?v=1756763505,2,"",,,,,,,,,,,,,,,
travis-etienne-signed-jacksonville-gold-football-jersey-beckett,,,,,,,,,,,,,,,,,,,,,,,,,,,,,,,,https://cdn.shopify.com/s/files/1/0642/7842/9930/files/etienne-jaguars-gold-autographed-stitched-football-jersey-front.jpg?v=1756763505,3,"",,,,,,,,,,,,,,,
travis-etienne-signed-jacksonville-black-football-jersey-beckett,Travis Etienne Signed Jacksonville Black Football Jersey (Beckett),"<p>This custom stitched football jersey has been personally hand signed by Travis Etienne and authenticated by a top 3rd party authentication company. All autographed sports collectibles are limited! Order now to add this timeless piece of football memorabilia to your collection before it’s gone.</p><ul>
<li> Custom football jersey autographed by Travis Etienne and authenticated by Beckett</li>
<li>Includes a <em>Witnessed Protection Program</em> tamper-proof authentication sticker from Beckett</li>
<li>
<strong>90-day Satisfaction Guarantee:</strong> if you are not completely satisfied with your piece of memorabilia, return the item in its original condition and receive a full refund</li>
</ul>",RSA,,Autographed Football Jerseys,"02-06-RSA, 02-29-RSA, BFCM24, FB, In-Stock, inhouse, Jaguars, jersey, Jerseys, Season, V, year-end",true,Title,Default Title,,,,,,,,RSA-08497,907.1989147615625,shopify,28,deny,manual,62.00,99.99,true,true,,,,,,https://cdn.shopify.com/s/files/1/0642/7842/9930/files/etienne-jaguars-black-autographed-stitched-football-jersey-back.jpg?v=1756763506,1,"",false,,,,,,,,oz,,42.00,true,,,active
travis-etienne-signed-jacksonville-black-football-jersey-beckett,,,,,,,,,,,,,,,,,,,,,,,,,,,,,,,,https://cdn.shopify.com/s/files/1/0642/7842/9930/files/etienne-jaguars-black-autographed-stitched-football-jersey-signature.jpg?v=1756763506,2,"",,,,,,,,,,,,,,,
travis-etienne-signed-jacksonville-black-football-jersey-beckett,,,,,,,,,,,,,,,,,,,,,,,,,,,,,,,,https://cdn.shopify.com/s/files/1/0642/7842/9930/files/etienne-jaguars-black-autographed-stitched-football-jersey-front.jpg?v=1756763506,3,"",,,,,,,,,,,,,,,
tony-richardson-signed-kansas-city-yellow-football-jersey-jsa,Tony Richardson Signed Kansas City Yellow Football Jersey (JSA),"<ul>
<li>A professional style yellow custom replica football jersey autographed by Tony Richardson and authenticated by JSA</li>
<li>Includes a Certificate of Authenticity from JSA</li>
<li>Orders are generally shipped the same day if placed before 3pm and delivery only takes 3 to 5 days</li>
<li>
<strong>90-day Satisfaction Guarantee:</strong> if you are not completely satisfied with your piece of memorabilia, you have 90 days from when you receive it to return the item in its original condition and receive a full refund</li>
</ul>",RSA,,Autographed Football Jerseys,"04-26-RSA, BFCM24, chiefs, FB, GoogleClearance, inhouse, jersey, Jerseys, New Arrival, SBLVIII, Season, V, year-end",true,Title,Default Title,,,,,,,,RSA-07015,907.1989147615625,shopify,16,deny,manual,40.00,59.99,true,true,,,,,,https://cdn.shopify.com/s/files/1/0642/7842/9930/files/richardson-chiefs-yellow-autographed-stitched-football-jersey-back.jpg?v=1756763507,1,"",false,,,,,,,,oz,,21.00,true,,,active
tony-richardson-signed-kansas-city-yellow-football-jersey-jsa,,,,,,,,,,,,,,,,,,,,,,,,,,,,,,,,https://cdn.shopify.com/s/files/1/0642/7842/9930/files/richardson-chiefs-yellow-autographed-stitched-football-jersey-signature.jpg?v=1756763507,2,"",,,,,,,,,,,,,,,
tony-richardson-signed-kansas-city-yellow-football-jersey-jsa,,,,,,,,,,,,,,,,,,,,,,,,,,,,,,,,https://cdn.shopify.com/s/files/1/0642/7842/9930/files/richardson-chiefs-yellow-autographed-stitched-football-jersey-front.jpg?v=1756763507,3,"",,,,,,,,,,,,,,,
tony-richardson-signed-kansas-city-white-football-jersey-jsa,Tony Richardson Signed Kansas City White Football Jersey (JSA),"<ul>
<li>A professional style white custom replica football jersey autographed by Tony Richardson and authenticated by JSA</li>
<li>Includes a Certificate of Authenticity from JSA</li>
<li>Orders are generally shipped the same day if placed before 3pm and delivery only takes 3 to 5 days</li>
<li>
<strong>90-day Satisfaction Guarantee:</strong> if you are not completely satisfied with your piece of memorabilia, you have 90 days from when you receive it to return the item in its original condition and receive a full refund</li>
</ul>",RSA,,Autographed Football Jerseys,"05-25-RSA, 06-06-RSA, BFCM24, chiefs, FB, GoogleClearance, inhouse, jersey, Jerseys, New Arrival, SBLVIII, Season, V, year-end",true,Title,Default Title,,,,,,,,RSA-07013,907.1989147615625,shopify,20,deny,manual,40.00,59.99,true,true,,,,,,https://cdn.shopify.com/s/files/1/0642/7842/9930/files/richardson-chiefs-white-autographed-stitched-football-jersey-back.jpg?v=1756763508,1,"",false,,,,,,,,oz,,21.00,true,,,active
tony-richardson-signed-kansas-city-white-football-jersey-jsa,,,,,,,,,,,,,,,,,,,,,,,,,,,,,,,,https://cdn.shopify.com/s/files/1/0642/7842/9930/files/richardson-chiefs-white-autographed-stitched-football-jersey-signature.jpg?v=1756763508,2,"",,,,,,,,,,,,,,,
tony-richardson-signed-kansas-city-white-football-jersey-jsa,,,,,,,,,,,,,,,,,,,,,,,,,,,,,,,,https://cdn.shopify.com/s/files/1/0642/7842/9930/files/richardson-chiefs-white-autographed-stitched-football-jersey-front.jpg?v=1756763508,3,"",,,,,,,,,,,,,,,
tony-richardson-signed-kansas-city-red-football-jersey-jsa,Tony Richardson Signed Kansas City Red Football Jersey (JSA),"<ul>
<li>A professional style red custom replica football jersey autographed by Tony Richardson and authenticated by JSA</li>
<li>Includes a Certificate of Authenticity from JSA</li>
<li>Orders are generally shipped the same day if placed before 3pm and delivery only takes 3 to 5 days</li>
<li>
<strong>90-day Satisfaction Guarantee:</strong> if you are not completely satisfied with your piece of memorabilia, you have 90 days from when you receive it to return the item in its original condition and receive a full refund</li>
</ul>",RSA,,Autographed Football Jerseys,"05-25-RSA, 06-06-RSA, BFCM24, chiefs, FB, GoogleClearance, inhouse, jersey, Jerseys, New Arrival, SBLVIII, Season, V, year-end",true,Title,Default Title,,,,,,,,RSA-07012,907.1989147615625,shopify,91,deny,manual,40.00,59.99,true,true,,,,,,https://cdn.shopify.com/s/files/1/0642/7842/9930/files/richardson-chiefs-red-autographed-stitched-football-jersey-back.jpg?v=1756763509,1,"",false,,,,,,,,oz,,21.00,true,,,active
tony-richardson-signed-kansas-city-red-football-jersey-jsa,,,,,,,,,,,,,,,,,,,,,,,,,,,,,,,,https://cdn.shopify.com/s/files/1/0642/7842/9930/files/richardson-chiefs-red-autographed-stitched-football-jersey-signature.jpg?v=1756763509,2,"",,,,,,,,,,,,,,,
tony-richardson-signed-kansas-city-red-football-jersey-jsa,,,,,,,,,,,,,,,,,,,,,,,,,,,,,,,,https://cdn.shopify.com/s/files/1/0642/7842/9930/files/richardson-chiefs-red-autographed-stitched-football-jersey-front.jpg?v=1756763509,3,"",,,,,,,,,,,,,,,
tony-richardson-signed-kansas-city-black-football-jersey-jsa,Tony Richardson Signed Kansas City Black Football Jersey (JSA),"<ul>
<li>A professional style black custom replica football jersey autographed by Tony Richardson and authenticated by JSA</li>
<li>Includes a Certificate of Authenticity from JSA</li>
<li>Orders are generally shipped the same day if placed before 3pm and delivery only takes 3 to 5 days</li>
<li>
<strong>90-day Satisfaction Guarantee:</strong> if you are not completely satisfied with your piece of memorabilia, you have 90 days from when you receive it to return the item in its original condition and receive a full refund</li>
</ul>",RSA,,Autographed Football Jerseys,"05-25-RSA, 06-06-RSA, BFCM24, chiefs, FB, inhouse, jersey, Jerseys, New Arrival, Season, V, year-end",true,Title,Default Title,,,,,,,,RSA-07014,907.1989147615625,shopify,56,deny,manual,40.00,59.99,true,true,,,,,,https://cdn.shopify.com/s/files/1/0642/7842/9930/files/richardson-chiefs-black-autographed-stitched-football-jersey-back.jpg?v=1756763509,1,"",false,,,,,,,,oz,,21.00,true,,,active
tony-richardson-signed-kansas-city-black-football-jersey-jsa,,,,,,,,,,,,,,,,,,,,,,,,,,,,,,,,https://cdn.shopify.com/s/files/1/0642/7842/9930/files/richardson-chiefs-black-autographed-stitched-football-jersey-signature.jpg?v=1756763510,2,"",,,,,,,,,,,,,,,
tony-richardson-signed-kansas-city-black-football-jersey-jsa,,,,,,,,,,,,,,,,,,,,,,,,,,,,,,,,https://cdn.shopify.com/s/files/1/0642/7842/9930/files/richardson-chiefs-black-autographed-stitched-football-jersey-front.jpg?v=1756763510,3,"",,,,,,,,,,,,,,,
tony-boselli-signed-hof-22-inscription-jacksonville-white-football-jersey-jsa,Tony Boselli Signed HOF 22 Inscription Jacksonville White Football Jersey (JSA),"<ul>
<li>A professional style white custom replica football jersey autographed by Tony Boselli with HOF 22 inscription and authenticated by JSA</li>
<li>Includes a Certificate of Authenticity from JSA</li>
<li>Orders are generally shipped the same day if placed before 3pm and delivery only takes 3 to 5 days</li>
<li>
<strong>90-day Satisfaction Guarantee:</strong> if you are not completely satisfied with your piece of memorabilia, you have 90 days from when you receive it to return the item in its original condition and receive a full refund</li>
</ul>",RSA,,Autographed Football Jerseys,"03-09, 03-14, BFCM24, FB, inhouse, Jaguars, jersey, Jerseys, MYS_HOF, New Arrival, RSA-products, Season, Sold-Out, X, year-end",true,Title,Default Title,,,,,,,,RSA-06279,907.1989147615625,shopify,76,deny,manual,45.00,69.99,true,true,,,,,,https://cdn.shopify.com/s/files/1/0642/7842/9930/files/boselli-jaguars-white-autographed-stitched-football-jersey-back.jpg?v=1756763514,1,"",false,,,,,,,,oz,,27.00,true,,,active
tony-boselli-signed-hof-22-inscription-jacksonville-white-football-jersey-jsa,,,,,,,,,,,,,,,,,,,,,,,,,,,,,,,,https://cdn.shopify.com/s/files/1/0642/7842/9930/files/boselli-jaguars-white-autographed-stitched-football-jersey-signature.jpg?v=1756763514,2,"",,,,,,,,,,,,,,,
tony-boselli-signed-hof-22-inscription-jacksonville-white-football-jersey-jsa,,,,,,,,,,,,,,,,,,,,,,,,,,,,,,,,https://cdn.shopify.com/s/files/1/0642/7842/9930/files/boselli-jaguars-white-autographed-stitched-football-jersey-front.jpg?v=1756763514,3,"",,,,,,,,,,,,,,,
tony-boselli-signed-hof-22-inscription-jacksonville-teal-football-jersey-jsa,Tony Boselli Signed HOF 22 Inscription Jacksonville Teal Football Jersey (JSA),"<ul>
<li>A professional style teal custom replica football jersey autographed by Tony Boselli with HOF 22 inscription and authenticated by JSA</li>
<li>Includes a Certificate of Authenticity from JSA</li>
<li>Orders are generally shipped the same day if placed before 3pm and delivery only takes 3 to 5 days</li>
<li>
<strong>90-day Satisfaction Guarantee:</strong> if you are not completely satisfied with your piece of memorabilia, you have 90 days from when you receive it to return the item in its original condition and receive a full refund</li>
</ul>",RSA,,Autographed Football Jerseys,"03-09, 03-14, BFCM24, FB, inhouse, Jaguars, jersey, Jerseys, MYS_HOF, New Arrival, RSA-products, Season, Sold-Out, X, year-end",true,Title,Default Title,,,,,,,,RSA-06281,907.1989147615625,shopify,59,deny,manual,45.00,69.99,true,true,,,,,,https://cdn.shopify.com/s/files/1/0642/7842/9930/files/boselli-jaguars-blue-autographed-stitched-football-jersey-back.jpg?v=1756763515,1,"",false,,,,,,,,oz,,27.00,true,,,active
tony-boselli-signed-hof-22-inscription-jacksonville-teal-football-jersey-jsa,,,,,,,,,,,,,,,,,,,,,,,,,,,,,,,,https://cdn.shopify.com/s/files/1/0642/7842/9930/files/boselli-jaguars-blue-autographed-stitched-football-jersey-signature.jpg?v=1756763515,2,"",,,,,,,,,,,,,,,
tony-boselli-signed-hof-22-inscription-jacksonville-teal-football-jersey-jsa,,,,,,,,,,,,,,,,,,,,,,,,,,,,,,,,https://cdn.shopify.com/s/files/1/0642/7842/9930/files/boselli-jaguars-blue-autographed-stitched-football-jersey-front.jpg?v=1756763515,3,"",,,,,,,,,,,,,,,
tony-boselli-signed-hof-22-inscription-jacksonville-black-football-jersey-jsa,Tony Boselli Signed HOF 22 Inscription Jacksonville Black Football Jersey (JSA),"<ul>
<li>A professional style black custom replica football jersey autographed by Tony Boselli with HOF 22 inscription and authenticated by JSA</li>
<li>Includes a Certificate of Authenticity from JSA</li>
<li>Orders are generally shipped the same day if placed before 3pm and delivery only takes 3 to 5 days</li>
<li>
<strong>90-day Satisfaction Guarantee:</strong> if you are not completely satisfied with your piece of memorabilia, you have 90 days from when you receive it to return the item in its original condition and receive a full refund</li>
</ul>",RSA,,Autographed Football Jerseys,"03-09, 03-14, BFCM24, FB, inhouse, Jaguars, jersey, Jerseys, MYS_HOF, New Arrival, RSA-products, Season, Sold-Out, X, year-end",true,Title,Default Title,,,,,,,,RSA-06280,907.1989147615625,shopify,60,deny,manual,45.00,69.99,true,true,,,,,,https://cdn.shopify.com/s/files/1/0642/7842/9930/files/boselli-jaguars-black-autographed-stitched-football-jersey-back.jpg?v=1756763515,1,"",false,,,,,,,,oz,,27.00,true,,,active
tony-boselli-signed-hof-22-inscription-jacksonville-black-football-jersey-jsa,,,,,,,,,,,,,,,,,,,,,,,,,,,,,,,,https://cdn.shopify.com/s/files/1/0642/7842/9930/files/boselli-jaguars-black-autographed-stitched-football-jersey-signature.jpg?v=1756763515,2,"",,,,,,,,,,,,,,,
tony-boselli-signed-hof-22-inscription-jacksonville-black-football-jersey-jsa,,,,,,,,,,,,,,,,,,,,,,,,,,,,,,,,https://cdn.shopify.com/s/files/1/0642/7842/9930/files/boselli-jaguars-black-autographed-stitched-football-jersey-front.jpg?v=1756763515,3,"",,,,,,,,,,,,,,,
jay-schroeder-signed-washington-white-football-jersey-jsa,Jay Schroeder Signed Washington White Football Jersey (JSA),"<ul>
<li>A professional style white custom replica football jersey autographed by Jay Schroeder and authenticated by JSA</li>
<li>Includes a Certificate of Authenticity from JSA</li>
<li>Orders are generally shipped the same day if placed before 3pm and delivery only takes 3 to 5 days</li>
<li>
<strong>90-day Satisfaction Guarantee:</strong> if you are not completely satisfied with your piece of memorabilia, you have 90 days from when you receive it to return the item in its original condition and receive a full refund</li>
</ul>",RSA,,Autographed Football Jerseys,"49BF, Categorized, Commanders, FB, inhouse, jersey, Jerseys, MYS_Professional, Photograph, Redskins, RSA, RSA-products, Sold-Out, Warehouse, X",true,Title,Default Title,,,,,,,,RSA-04328,907.1989147615625,shopify,4,deny,manual,40.00,59.99,true,true,,,,,,https://cdn.shopify.com/s/files/1/0642/7842/9930/files/schroeder-redskins-white-autographed-stitched-football-jersey-back.jpg?v=1730810627,1,"",false,,,,,,,,oz,,22.00,true,,,active
jay-schroeder-signed-washington-white-football-jersey-jsa,,,,,,,,,,,,,,,,,,,,,,,,,,,,,,,,https://cdn.shopify.com/s/files/1/0642/7842/9930/files/schroeder-redskins-white-autographed-stitched-football-jersey-signature.jpg?v=1730810629,2,"",,,,,,,,,,,,,,,
jay-schroeder-signed-washington-white-football-jersey-jsa,,,,,,,,,,,,,,,,,,,,,,,,,,,,,,,,https://cdn.shopify.com/s/files/1/0642/7842/9930/files/schroeder-redskins-white-autographed-stitched-football-jersey-front.jpg?v=1730810631,3,"",,,,,,,,,,,,,,,
jay-novacek-signed-dallas-thanksgiving-football-jersey-jsa,Jay Novacek Signed Dallas Thanksgiving Football Jersey (JSA),"<ul>
<li>A professional style thanksgiving custom replica football jersey autographed by Jay Novacek and authenticated by JSA</li>
<li>Includes a Certificate of Authenticity from JSA</li>
<li>Orders are generally shipped the same day if placed before 3pm and delivery only takes 3 to 5 days</li>
<li>
<strong>90-day Satisfaction Guarantee:</strong> if you are not completely satisfied with your piece of memorabilia, you have 90 days from when you receive it to return the item in its original condition and receive a full refund</li>
</ul>",RSA,,Autographed Football Jerseys,"BFCM24, cowboys, FB, inhouse, jersey, Jerseys, MYS_product, MYS_Professional, MYS_run2-2, New Arrival, Photograph-Final, RSA, RSA-products, Season, V, Warehouse, year-end",true,Title,Default Title,,,,,,,,RSA-05027,907.1989147615625,shopify,20,deny,manual,43.00,59.99,true,true,,,,,,https://cdn.shopify.com/s/files/1/0642/7842/9930/files/20220721_141925copy.jpg?v=1756763517,1,"",false,,,,,,,,oz,,24.00,true,,,active
jay-novacek-signed-dallas-thanksgiving-football-jersey-jsa,,,,,,,,,,,,,,,,,,,,,,,,,,,,,,,,https://cdn.shopify.com/s/files/1/0642/7842/9930/files/20220721_142101copy.jpg?v=1756763517,2,"",,,,,,,,,,,,,,,
jay-novacek-signed-dallas-thanksgiving-football-jersey-jsa,,,,,,,,,,,,,,,,,,,,,,,,,,,,,,,,https://cdn.shopify.com/s/files/1/0642/7842/9930/files/IMG_5216.jpg?v=1756763517,3,"",,,,,,,,,,,,,,,
jay-novacek-signed-dallas-pro-white-football-jersey-jsa,Jay Novacek Signed Dallas Pro White Football Jersey (JSA),"<ul>
<li>A professional style white custom replica football jersey autographed by Jay Novacek and authenticated by JSA</li>
<li>Includes a Certificate of Authenticity from JSA</li>
<li>Orders are generally shipped the same day if placed before 3pm and delivery only takes 3 to 5 days</li>
<li>
<strong>90-day Satisfaction Guarantee:</strong> if you are not completely satisfied with your piece of memorabilia, you have 90 days from when you receive it to return the item in its original condition and receive a full refund</li>
</ul>",RSA,,Autographed Football Jerseys,"BFCM24, Categorized, cowboys, FB, In-Stock, inhouse, jersey, Jerseys, MYS_product, MYS_Professional, MYS_run1-1, RSA, rsa-check, RSA-Mystery, RSA-products, Season, V, Warehouse, year-end",true,Title,Default Title,,,,,,,,RSA-03823,907.1989147615625,shopify,31,deny,manual,43.00,59.99,true,true,,,,,,https://cdn.shopify.com/s/files/1/0642/7842/9930/files/novacek-cowboys-white-autographed-stitched-football-jersey-back.jpg?v=1756763518,1,"",false,,,,,,,,oz,,24.00,true,,,active
jay-novacek-signed-dallas-pro-white-football-jersey-jsa,,,,,,,,,,,,,,,,,,,,,,,,,,,,,,,,https://cdn.shopify.com/s/files/1/0642/7842/9930/files/novacek-cowboys-white-autographed-stitched-football-jersey-signature.jpg?v=1756763518,2,"",,,,,,,,,,,,,,,
jay-novacek-signed-dallas-pro-white-football-jersey-jsa,,,,,,,,,,,,,,,,,,,,,,,,,,,,,,,,https://cdn.shopify.com/s/files/1/0642/7842/9930/files/novacek-cowboys-white-autographed-stitched-football-jersey-front.jpg?v=1756763518,3,"",,,,,,,,,,,,,,,
jay-novacek-signed-dallas-blue-football-jersey-jsa,Jay Novacek Signed Dallas Navy Football Jersey (JSA),"<p>This custom stitched football jersey has been personally hand signed by Jay Novacek and authenticated by a top 3rd party authentication company. All autographed sports collectibles are limited! Order now to add this timeless piece of football memorabilia to your collection before it’s gone.</p><ul>
<li>Custom football jersey autographed by Jay Novacek and authenticated by JSA</li>
<li>Includes a <em>Witnessed Protection Program</em> tamper-proof authentication sticker from JSA</li>
<li>
<strong>90-day Satisfaction Guarantee:</strong> if you are not completely satisfied with your piece of memorabilia, return the item in its original condition and receive a full refund</li>
</ul>",RSA,,Autographed Football Jerseys,"BFCM24, cowboys, FB, inhouse, jersey, Jerseys, MYS_product, MYS_Professional, MYS_run2-2, New Arrival, RSA, RSA-products, Season, V, Warehouse, year-end",true,Title,Default Title,,,,,,,,RSA-05028,907.1989147615625,shopify,30,deny,manual,43.00,59.99,true,true,,,,,,https://cdn.shopify.com/s/files/1/0642/7842/9930/files/novacek-cowboys-blue-autographed-stitched-football-jersey-back.jpg?v=1756763519,1,"",false,,,,,,,,oz,,24.00,true,,,active
jay-novacek-signed-dallas-blue-football-jersey-jsa,,,,,,,,,,,,,,,,,,,,,,,,,,,,,,,,https://cdn.shopify.com/s/files/1/0642/7842/9930/files/novacek-cowboys-blue-autographed-stitched-football-jersey-signature.jpg?v=1756763519,2,"",,,,,,,,,,,,,,,
jay-novacek-signed-dallas-blue-football-jersey-jsa,,,,,,,,,,,,,,,,,,,,,,,,,,,,,,,,https://cdn.shopify.com/s/files/1/0642/7842/9930/files/novacek-cowboys-blue-autographed-stitched-football-jersey-front.jpg?v=1756763519,3,"",,,,,,,,,,,,,,,
jason-witten-signed-pro-edition-white-football-jersey-beckett,Jason Witten Signed Dallas Pro Edition White Football Jersey (Beckett),"<meta charset=""utf-8"">
 <p>A professional-style football jersey autographed by Jason Witten and authenticated by Beckett.</p>
 <p>This autographed piece of memorabilia comes with an official<em> </em>Certificate of Authenticity from Beckett Collectibles LLC that guarantees the authenticity of the autograph.</p>
 <p>You can read more about all the qualified companies that we use to ensure the authenticity of all our autographs and their different types of certifications on our <strong><em>Authentication Services and Certificates </em></strong>page.</p>
 <p>All orders begin processing and fulfillment immediately upon payment approval and are guaranteed to ship from our warehouse within 24-48 hours.</p>
 <p>The typical delivery time ranges from 3-7 business days in the Continental U.S. from our warehouse in Nashville, TN. For deliveries to HI, AK, and U.S. Territories, please allow for 7-14 business days. If you have any questions about our shipping policies, visit our <strong><em>Frequently Asked Questions</em></strong> page.</p>
 <p>We back our products with a <strong><em>90-day Satisfaction Guarantee</em></strong>: if you are not completely satisfied with your piece of memorabilia, you have 90 days from the recorded delivery date to return the item and receive a full refund.</p>",RSA,,Autographed Football Jerseys,"100+, 2-15, 3X FBJ, 3xHIT, BFCM24, Categorized, Darkside, FB, feature, In-Stock, inhouse, jersey, Jerseys, MYS_Professional, MYS_pulled, New Arrival, NFL, Premium, Premium-FB, RSA, RSA-Mystery, RSA-products, Season, V, Warehouse, year-end",true,Title,Default Title,,,,,,,,RSA-01219,907.18474,shopify,92,deny,manual,117.00,169.99,true,true,,,,,,https://cdn.shopify.com/s/files/1/0642/7842/9930/files/witten-cowboys-wht-1.png?v=1756763520,1,"",false,,,,,,,,lb,,85.00,true,,,active
jason-witten-signed-pro-edition-white-football-jersey-beckett,,,,,,,,,,,,,,,,,,,,,,,,,,,,,,,,https://cdn.shopify.com/s/files/1/0642/7842/9930/files/witten-cowboys-wht-2.png?v=1756763520,2,"",,,,,,,,,,,,,,,
jason-witten-signed-pro-edition-white-football-jersey-beckett,,,,,,,,,,,,,,,,,,,,,,,,,,,,,,,,https://cdn.shopify.com/s/files/1/0642/7842/9930/files/witten-cowboys-wht-3.png?v=1756763520,3,"",,,,,,,,,,,,,,,
jason-witten-signed-pro-edition-thanksgiving-football-jersey-beckett,Jason Witten Signed Pro Edition Thanksgiving Football Jersey (Beckett ),"<p>A professional-style football jersey autographed by Jason Witten and authenticated by Beckett.</p>
 <p>This autographed piece of memorabilia comes with an official<em> </em>Certificate of Authenticity from Beckett Collectibles LLC that guarantees the authenticity of the autograph.</p>
 <p>You can read more about all the qualified companies that we use to ensure the authenticity of all our autographs and their different types of certifications on our <strong><em>Authentication Services and Certificates </em></strong>page.</p>
 <p>All orders begin processing and fulfillment immediately upon payment approval and are guaranteed to ship from our warehouse within 24-48 hours.</p>
 <p>The typical delivery time ranges from 3-7 business days in the Continental U.S. from our warehouse in Nashville, TN. For deliveries to HI, AK, and U.S. Territories, please allow for 7-14 business days. If you have any questions about our shipping policies, visit our <strong><em>Frequently Asked Questions</em></strong> page.</p>
 <p>We back our products with a <strong><em>90-day Satisfaction Guarantee</em></strong>: if you are not completely satisfied with your piece of memorabilia, you have 90 days from the recorded delivery date to return the item and receive a full refund.</p>",RSA,,Autographed Football Jerseys,"100+, 2-15, 3xHIT, BFCM24, Categorized, Darkside, FB, feature, In-Stock, inhouse, jersey, Jerseys, MYS_Professional, NFL, Premium, Premium-FB, RSA, RSA-Mystery, RSA-products, Season, V, Warehouse",true,Title,Default Title,,,,,,,,RSA-01220,907.18474,shopify,3,deny,manual,117.00,169.99,true,true,,,,,,https://cdn.shopify.com/s/files/1/0642/7842/9930/files/witten-cowboys-tg-1.png?v=1756763521,1,"",false,,,,,,,,lb,,85.00,true,,,active
jason-witten-signed-pro-edition-thanksgiving-football-jersey-beckett,,,,,,,,,,,,,,,,,,,,,,,,,,,,,,,,https://cdn.shopify.com/s/files/1/0642/7842/9930/files/witten-cowboys-tg-3.png?v=1756763521,2,"",,,,,,,,,,,,,,,
jason-witten-signed-pro-edition-thanksgiving-football-jersey-beckett,,,,,,,,,,,,,,,,,,,,,,,,,,,,,,,,https://cdn.shopify.com/s/files/1/0642/7842/9930/files/witten-cowboys-tg-2.png?v=1756763521,3,"",,,,,,,,,,,,,,,
jason-witten-signed-pro-edition-thanksgiving-football-jersey-beckett,,,,,,,,,,,,,,,,,,,,,,,,,,,,,,,,https://cdn.shopify.com/s/files/1/0642/7842/9930/files/z_beckett-coa-sample_7071ce94-d4c2-4af3-ab1f-53d1eaef3e50.png?v=1756763521,4,"",,,,,,,,,,,,,,,
jason-taylor-signed-pro-edition-teal-football-jersey-jsa,Jason Taylor Signed Miami Teal Football Jersey (JSA),"<ul>
<li>A professional-style XL stitched football jersey autographed by Jason Taylor and authenticated by JSA</li>
<li>Includes a<em> Witness Protection Program </em>Certificate of Authenticity from JSA</li>
<li>Orders are generally shipped the same day if placed before 3pm and delivery only takes 3 to 5 days</li>
<li>90-day Satisfaction Guarantee: if you are not completely satisfied with your piece of memorabilia, you have 90 days from when you receive it to return the item in its original condition and receive a full refund</li>
</ul>",RSA,Uncategorized,Autographed Football Jerseys,"3X FBJ, 3xHIT, Categorized, FB, HD, inhouse, jersey, Jerseys, MYS_HOF, MYS_product, MYS_Professional, MYS_run2-2, Premium, Premium-FB, RSA, RSA-products, SE, Season, Sold-Out, Warehouse, X",true,Title,Default Title,,,,,,,,RSA-02097,453.59237,shopify,3,deny,manual,72.00,99.99,true,true,,,,,,https://cdn.shopify.com/s/files/1/0642/7842/9930/files/taylor-dolphins-teal-autographed-stitched-football-jersey-back.jpg?v=1730809104,1,"",false,,,,,,,,lb,,45.00,true,,,active
jason-taylor-signed-pro-edition-teal-football-jersey-jsa,,,,,,,,,,,,,,,,,,,,,,,,,,,,,,,,https://cdn.shopify.com/s/files/1/0642/7842/9930/files/taylor-dolphins-teal-autographed-stitched-football-jersey-signature.jpg?v=1730809106,2,"",,,,,,,,,,,,,,,
jason-taylor-signed-pro-edition-teal-football-jersey-jsa,,,,,,,,,,,,,,,,,,,,,,,,,,,,,,,,https://cdn.shopify.com/s/files/1/0642/7842/9930/files/taylor-dolphins-teal-autographed-stitched-football-jersey-front.jpg?v=1730809107,3,"",,,,,,,,,,,,,,,
jason-pierre-paul-signed-tampa-bay-pro-red-football-jersey-jsa,Jason Pierre-Paul Signed Tampa Bay Pro Red Football Jersey (JSA),"<ul>
<li>A professional style red custom replica football jersey autographed by Jason Pierre-Paul and authenticated by JSA</li>
<li>Includes a Certificate of Authenticity from JSA</li>
<li>Orders are generally shipped the same day if placed before 3pm and delivery only takes 3 to 5 days</li>
<li>
<strong>90-day Satisfaction Guarantee:</strong> if you are not completely satisfied with your piece of memorabilia, you have 90 days from when you receive it to return the item in its original condition and receive a full refund</li>
</ul>",RSA,,Autographed Football Jerseys,"Buccaneers, Categorized, deal of the hour, FB, inhouse, jersey, Jerseys, MYS_Professional, RSA-products, Sold-Out, Warehouse, X",true,Title,Default Title,,,,,,,,RSA-02700,908.001206266,shopify,7,deny,manual,50.00,79.99,true,true,,,,,,https://cdn.shopify.com/s/files/1/0642/7842/9930/files/pierre-paul-buccaneers-red-autographed-stitched-football-jersey-back.jpg?v=1756763523,1,"",false,,,,,,,,oz,,30.00,true,,,active
jason-pierre-paul-signed-tampa-bay-pro-red-football-jersey-jsa,,,,,,,,,,,,,,,,,,,,,,,,,,,,,,,,https://cdn.shopify.com/s/files/1/0642/7842/9930/files/pierre-paul-buccaneers-red-autographed-stitched-football-jersey-signature.jpg?v=1756763524,2,"",,,,,,,,,,,,,,,
jason-pierre-paul-signed-tampa-bay-pro-red-football-jersey-jsa,,,,,,,,,,,,,,,,,,,,,,,,,,,,,,,,https://cdn.shopify.com/s/files/1/0642/7842/9930/files/pierre-paul-buccaneers-red-autographed-stitched-football-jersey-front.jpg?v=1756763524,3,"",,,,,,,,,,,,,,,
jason-peters-signed-philadelphia-green-football-jersey-beckett,Jason Peters Signed Philadelphia Green Football Jersey (Beckett),"<ul>
<li>A professional style green custom replica football jersey autographed by Jason Peters and authenticated by Beckett</li>
<li>Includes a Certificate of Authenticity from Beckett</li>
<li>Orders are generally shipped the same day if placed before 3pm and delivery only takes 3 to 5 days</li>
<li>
<strong>90-day Satisfaction Guarantee:</strong> if you are not completely satisfied with your piece of memorabilia, you have 90 days from when you receive it to return the item in its original condition and receive a full refund</li>
</ul>",RSA,,Autographed Football Jerseys,"05-25-RSA, 06-06-RSA, BFCM24, eagles, FB, inhouse, jersey, Jerseys, New Arrival, Season, V, year-end",true,Title,Default Title,,,,,,,,RSA-06945,907.1989147615625,shopify,72,deny,manual,50.00,69.99,true,true,,,,,,https://cdn.shopify.com/s/files/1/0642/7842/9930/files/peters-eagles-green-autographed-stitched-football-jersey-back.jpg?v=1756763524,1,"",false,,,,,,,,oz,,35.00,true,,,active
jason-peters-signed-philadelphia-green-football-jersey-beckett,,,,,,,,,,,,,,,,,,,,,,,,,,,,,,,,https://cdn.shopify.com/s/files/1/0642/7842/9930/files/peters-eagles-green-autographed-stitched-football-jersey-signature.jpg?v=1756763524,2,"",,,,,,,,,,,,,,,
jason-peters-signed-philadelphia-green-football-jersey-beckett,,,,,,,,,,,,,,,,,,,,,,,,,,,,,,,,https://cdn.shopify.com/s/files/1/0642/7842/9930/files/peters-eagles-green-autographed-stitched-football-jersey-front.jpg?v=1756763524,3,"",,,,,,,,,,,,,,,
jason-peters-signed-philadelphia-black-football-jersey-beckett,Jason Peters Signed Philadelphia Black Football Jersey (Beckett),"<p>This custom stitched football jersey has been personally hand signed by Jason Peters and authenticated by a top 3rd party authentication company. All autographed sports collectibles are limited! Order now to add this timeless piece of football memorabilia to your collection before it’s gone.</p><ul>
<li>Custom football jersey autographed by Jason Peters and authenticated by Beckett</li>
<li>Includes a <em>Witnessed Protection Program</em> tamper-proof authentication sticker from Beckett</li>
<li>
<strong>90-day Satisfaction Guarantee:</strong> if you are not completely satisfied with your piece of memorabilia, return the item in its original condition and receive a full refund</li>
</ul>",RSA,,Autographed Football Jerseys,"05-23-RSA, BFCM24, eagles, FB, inhouse, jersey, Jerseys, Season, V, year-end",true,Title,Default Title,,,,,,,,RSA-09215,907.1989147615625,shopify,34,deny,manual,50.00,69.99,true,true,,,,,,https://cdn.shopify.com/s/files/1/0642/7842/9930/files/peters-eagles-black-autographed-stitched-football-jersey-back.jpg?v=1756763525,1,"",false,,,,,,,,oz,,35.00,true,,,active
jason-peters-signed-philadelphia-black-football-jersey-beckett,,,,,,,,,,,,,,,,,,,,,,,,,,,,,,,,https://cdn.shopify.com/s/files/1/0642/7842/9930/files/peters-eagles-black-autographed-stitched-football-jersey-signature.jpg?v=1756763525,2,"",,,,,,,,,,,,,,,
jason-peters-signed-philadelphia-black-football-jersey-beckett,,,,,,,,,,,,,,,,,,,,,,,,,,,,,,,,https://cdn.shopify.com/s/files/1/0642/7842/9930/files/peters-eagles-black-autographed-stitched-football-jersey-front.jpg?v=1756763525,3,"",,,,,,,,,,,,,,,
jarvis-landry-signed-college-edition-purple-football-jersey-jsa,Jarvis Landry Signed College-Edition Purple Football Jersey (JSA),"<ul>
<li>A college-style XL stitched football jersey autographed by Jarvis Landryand authenticated by JSA</li>
<li>Includes a<em> Witness Protection Program </em>Certificate of Authenticity from JSA</li>
<li>Orders are generally shipped the same day if placed before 3pm and delivery only takes 3 to 5 days</li>
<li>90-day Satisfaction Guarantee: if you are not completely satisfied with your piece of memorabilia, you have 90 days from when you receive it to return the item in its original condition and receive a full refund</li>
</ul>",RSA,,Autographed Football Jerseys,"Categorized, FB, HD, inhouse, jersey, Jerseys, MYS_College, RSA-products, Sold-Out, Warehouse, X",false,Title,Default Title,,,,,,,,RSA-02115,453.59237,shopify,23,deny,manual,75.00,119.99,true,true,,,,,,https://cdn.shopify.com/s/files/1/0642/7842/9930/files/landry-tigers-purple-autographed-stitched-football-jersey-back.jpg?v=1730808505,1,"",false,,,,,,,,lb,,50.00,true,,,active
jarvis-landry-signed-college-edition-purple-football-jersey-jsa,,,,,,,,,,,,,,,,,,,,,,,,,,,,,,,,https://cdn.shopify.com/s/files/1/0642/7842/9930/files/landry-tigers-purple-autographed-stitched-football-jersey-signature.jpg?v=1730808508,2,"",,,,,,,,,,,,,,,
jarvis-landry-signed-college-edition-purple-football-jersey-jsa,,,,,,,,,,,,,,,,,,,,,,,,,,,,,,,,https://cdn.shopify.com/s/files/1/0642/7842/9930/files/landry-tigers-purple-autographed-stitched-football-jersey-front.jpg?v=1730808510,3,"",,,,,,,,,,,,,,,
janoris-jenkins-signed-pro-edition-blue-football-jersey-jsa,Janoris Jenkins Signed Pro Edition Blue Football Jersey (JSA),"<p>A professional-style football jersey autographed by Janoris Jenkins and authenticated by JSA.</p>
 <p>This autographed piece of memorabilia comes with an official Witnessed Protection Program<em> </em>Certificate of Authenticity from James Spence Authentic LLC that guarantees the authenticity of the autograph.</p>
 <p>You can read more about all the qualified companies that we use to ensure the authenticity of all our autographs and their different types of certifications on our <strong><em>Authentication Services and Certificates </em></strong>page.</p>
 <p>All orders begin processing and fulfillment immediately upon payment approval and are guaranteed to ship from our warehouse within 24-48 hours.</p>
 <p>The typical delivery time ranges from 3-7 business days in the Continental U.S. from our warehouse in Nashville, TN. For deliveries to HI, AK, and U.S. Territories, please allow for 7-14 business days. If you have any questions about our shipping policies, visit our <strong><em>Frequently Asked Questions</em></strong> page.</p>
 <p>We back our products with a <strong><em>90-day Satisfaction Guarantee</em></strong>: if you aren't completely satisfied with your piece of memorabilia, you have 90 days from the recorded delivery date to return the item and receive a full refund.</p>",RSA,,Autographed Football Jerseys,"Categorized, FB, inhouse, jersey, Jerseys, MYS_Professional, RSA-products, Sold-Out, Warehouse, X",true,Title,Default Title,,,,,,,,RSA-01360,451.001223586375,shopify,68,deny,manual,35.00,49.99,true,true,,,,,,https://cdn.shopify.com/s/files/1/0642/7842/9930/files/jenkins-giants-blu-1.png?v=1730808275,1,"",false,,,,,,,,oz,,30.00,true,,,active
janoris-jenkins-signed-pro-edition-blue-football-jersey-jsa,,,,,,,,,,,,,,,,,,,,,,,,,,,,,,,,https://cdn.shopify.com/s/files/1/0642/7842/9930/files/jenkins-giants-blu-3.png?v=1730808277,2,"",,,,,,,,,,,,,,,
janoris-jenkins-signed-pro-edition-blue-football-jersey-jsa,,,,,,,,,,,,,,,,,,,,,,,,,,,,,,,,https://cdn.shopify.com/s/files/1/0642/7842/9930/files/jenkins-giants-blu-2.png?v=1730808279,3,"",,,,,,,,,,,,,,,
janoris-jenkins-signed-pro-edition-blue-football-jersey-jsa,,,,,,,,,,,,,,,,,,,,,,,,,,,,,,,,https://cdn.shopify.com/s/files/1/0642/7842/9930/files/z_jsa-coa-sample_535f2e11-f9a8-4c84-8edc-5dc8ac6d07ac.png?v=1730808281,4,"",,,,,,,,,,,,,,,
jan-stenerud-signed-kansas-city-pro-white-football-jersey-jsa,Jan Stenerud Signed Kansas City Pro White Football Jersey (JSA),"<ul>
<li>A professional style white custom replica football jersey autographed by Jan Stenerud and authenticated by JSA</li>
<li>Includes a Certificate of Authenticity from JSA</li>
<li>Orders are generally shipped the same day if placed before 3pm and delivery only takes 3 to 5 days</li>
<li>
<strong>90-day Satisfaction Guarantee:</strong> if you are not completely satisfied with your piece of memorabilia, you have 90 days from when you receive it to return the item in its original condition and receive a full refund</li>
</ul>",RSA,,Autographed Football Jerseys,"BFCM24, Categorized, chiefs, FB, inhouse, jersey, Jerseys, MYS_HOF, MYS_Professional, RSA-products, Sold-Out, Warehouse, X",true,Title,Default Title,,,,,,,,RSA-02770,907.0004680996875,shopify,7,deny,manual,42.00,59.99,true,true,,,,,,https://cdn.shopify.com/s/files/1/0642/7842/9930/files/stenerud-chiefs-white-autographed-stitched-football-jersey-back.jpg?v=1756763526,1,"",false,,,,,,,,oz,,25.00,true,,,active
jan-stenerud-signed-kansas-city-pro-white-football-jersey-jsa,,,,,,,,,,,,,,,,,,,,,,,,,,,,,,,,https://cdn.shopify.com/s/files/1/0642/7842/9930/files/stenerud-chiefs-white-autographed-stitched-football-jersey-signature.jpg?v=1756763526,2,"",,,,,,,,,,,,,,,
jan-stenerud-signed-kansas-city-pro-white-football-jersey-jsa,,,,,,,,,,,,,,,,,,,,,,,,,,,,,,,,https://cdn.shopify.com/s/files/1/0642/7842/9930/files/stenerud-chiefs-hof-91-white-autographed-stitched-football-jersey-front_b2f1550e-cd92-46af-b86e-de360690a00e.jpg?v=1756763526,3,"",,,,,,,,,,,,,,,
jan-stenerud-signed-hof-91-inscription-kansas-city-red-football-jersey-jsa,Jan Stenerud Signed HOF 91 Inscription Kansas City Red Football Jersey (JSA),"<p>This custom stitched football jersey has been personally hand signed by Jan Stenerud and authenticated by a top 3rd party authentication company. All autographed sports collectibles are limited! Order now to add this timeless piece of football memorabilia to your collection before it’s gone.</p><ul>
<li>Custom football jersey autographed by Jan Stenerud with HOF 91 inscription and authenticated by JSA</li>
<li>Includes a <em>Witnessed Protection Program</em> tamper-proof authentication sticker from JSA</li>
<li>
<strong>90-day Satisfaction Guarantee:</strong> if you are not completely satisfied with your piece of memorabilia, return the item in its original condition and receive a full refund</li>
</ul>",RSA,,Autographed Football Jerseys,"05-23-RSA, BFCM24, chiefs, FB, GoogleClearance, HOF, inhouse, jersey, Jerseys, Season, V, year-end",true,Title,Default Title,,,,,,,,RSA-09178,907.1989147615625,shopify,40,deny,manual,42.00,59.99,true,true,,,,,,https://cdn.shopify.com/s/files/1/0642/7842/9930/files/stenerud-chiefs-hof-91-red-autographed-stitched-football-jersey-back.jpg?v=1756763527,1,"",false,,,,,,,,oz,,25.00,true,,,active
jan-stenerud-signed-hof-91-inscription-kansas-city-red-football-jersey-jsa,,,,,,,,,,,,,,,,,,,,,,,,,,,,,,,,https://cdn.shopify.com/s/files/1/0642/7842/9930/files/stenerud-chiefs-hof-91-red-autographed-stitched-football-jersey-signature.jpg?v=1756763527,2,"",,,,,,,,,,,,,,,
jan-stenerud-signed-hof-91-inscription-kansas-city-red-football-jersey-jsa,,,,,,,,,,,,,,,,,,,,,,,,,,,,,,,,https://cdn.shopify.com/s/files/1/0642/7842/9930/files/stenerud-chiefs-hof-91-red-autographed-stitched-football-jersey-front.jpg?v=1756763527,3,"",,,,,,,,,,,,,,,
jamal-lewis-signed-baltimore-pro-white-football-jersey-jsa,Jamal Lewis Signed Baltimore Pro White Football Jersey (JSA),"<ul>
<li>A professional style white custom replica football jersey autographed by Jamal Lewis and authenticated by JSA</li>
<li>Includes a Certificate of Authenticity from JSA</li>
<li>Orders are generally shipped the same day if placed before 3pm and delivery only takes 3 to 5 days</li>
<li>
<strong>90-day Satisfaction Guarantee:</strong> if you are not completely satisfied with your piece of memorabilia, you have 90 days from when you receive it to return the item in its original condition and receive a full refund</li>
</ul>",RSA,,Autographed Football Jerseys,"Categorized, FB, inhouse, jersey, Jerseys, MYS_Professional, Ravens, RSA-products, Sold-Out, Warehouse, X",true,Title,Default Title,,,,,,,,RSA-03354,907.1989147615625,shopify,88,deny,manual,65.00,89.99,true,true,,,,,,https://cdn.shopify.com/s/files/1/0642/7842/9930/files/lewis-jamal-ravens-white-autographed-stitched-football-jersey-back.jpg?v=1730807652,1,"",false,,,,,,,,oz,,42.00,true,,,active
jamal-lewis-signed-baltimore-pro-white-football-jersey-jsa,,,,,,,,,,,,,,,,,,,,,,,,,,,,,,,,https://cdn.shopify.com/s/files/1/0642/7842/9930/files/lewis-jamal-ravens-white-autographed-stitched-football-jersey-signature.jpg?v=1730807654,2,"",,,,,,,,,,,,,,,
jamal-lewis-signed-baltimore-pro-white-football-jersey-jsa,,,,,,,,,,,,,,,,,,,,,,,,,,,,,,,,https://cdn.shopify.com/s/files/1/0642/7842/9930/files/lewis-jamal-ravens-white-autographed-stitched-football-jersey-front.jpg?v=1730807656,3,"",,,,,,,,,,,,,,,
jamal-lewis-signed-baltimore-pro-purple-football-jersey-jsa,Jamal Lewis Signed Baltimore Pro Purple Football Jersey (JSA),"<ul>
<li>A professional style purple custom replica football jersey autographed by Jamal Lewis and authenticated by JSA</li>
<li>Includes a Certificate of Authenticity from JSA</li>
<li>Orders are generally shipped the same day if placed before 3pm and delivery only takes 3 to 5 days</li>
<li>
<strong>90-day Satisfaction Guarantee:</strong> if you are not completely satisfied with your piece of memorabilia, you have 90 days from when you receive it to return the item in its original condition and receive a full refund</li>
</ul>",RSA,,Autographed Football Jerseys,"49BF, Categorized, FB, inhouse, jersey, Jerseys, MYS_Professional, Ravens, RSA, RSA-products, Sold-Out, Warehouse, X",true,Title,Default Title,,,,,,,,RSA-03355,907.1989147615625,shopify,130,deny,manual,65.00,89.99,true,true,,,,,,https://cdn.shopify.com/s/files/1/0642/7842/9930/files/lewis-jamal-ravens-purple-autographed-stitched-football-jersey-back.jpg?v=1730807645,1,"",false,,,,,,,,oz,,42.00,true,,,active
jamal-lewis-signed-baltimore-pro-purple-football-jersey-jsa,,,,,,,,,,,,,,,,,,,,,,,,,,,,,,,,https://cdn.shopify.com/s/files/1/0642/7842/9930/files/lewis-jamal-ravens-purple-autographed-stitched-football-jersey-signature.jpg?v=1730807646,2,"",,,,,,,,,,,,,,,
jamal-lewis-signed-baltimore-pro-purple-football-jersey-jsa,,,,,,,,,,,,,,,,,,,,,,,,,,,,,,,,https://cdn.shopify.com/s/files/1/0642/7842/9930/files/lewis-jamal-ravens-purple-autographed-stitched-football-jersey-front.jpg?v=1730807648,3,"",,,,,,,,,,,,,,,
jamal-lewis-signed-baltimore-pro-black-football-jersey-jsa,Jamal Lewis Signed Baltimore Pro Black Football Jersey (JSA),"<ul>
<li>A professional style black custom replica football jersey autographed by Jamal Lewis and authenticated by JSA</li>
<li>Includes a Certificate of Authenticity from JSA</li>
<li>Orders are generally shipped the same day if placed before 3pm and delivery only takes 3 to 5 days</li>
<li>
<strong>90-day Satisfaction Guarantee:</strong> if you are not completely satisfied with your piece of memorabilia, you have 90 days from when you receive it to return the item in its original condition and receive a full refund</li>
</ul>",RSA,,Autographed Football Jerseys,"49BF, Categorized, FB, inhouse, jersey, Jerseys, MYS_Professional, Ravens, RSA-products, Sold-Out, Warehouse, X",true,Title,Default Title,,,,,,,,RSA-03363,907.1989147615625,shopify,69,deny,manual,65.00,89.99,true,true,,,,,,https://cdn.shopify.com/s/files/1/0642/7842/9930/files/lewis-jamal-ravens-black-autographed-stitched-football-jersey-back.jpg?v=1730807638,1,"",false,,,,,,,,oz,,42.00,true,,,active
jamal-lewis-signed-baltimore-pro-black-football-jersey-jsa,,,,,,,,,,,,,,,,,,,,,,,,,,,,,,,,https://cdn.shopify.com/s/files/1/0642/7842/9930/files/lewis-jamal-ravens-black-autographed-stitched-football-jersey-signature.jpg?v=1730807639,2,"",,,,,,,,,,,,,,,
jamal-lewis-signed-baltimore-pro-black-football-jersey-jsa,,,,,,,,,,,,,,,,,,,,,,,,,,,,,,,,https://cdn.shopify.com/s/files/1/0642/7842/9930/files/lewis-jamal-ravens-black-autographed-stitched-football-jersey-front.jpg?v=1730807641,3,"",,,,,,,,,,,,,,,
jamal-anderson-signed-atlanta-pro-white-football-jersey-jsa,Jamal Anderson Signed Atlanta Pro White Football Jersey (JSA),"<ul>
<li>A professional style white custom replica football jersey autographed by Jamal Anderson and authenticated by JSA</li>
<li>Includes a Certificate of Authenticity from JSA</li>
<li>Orders are generally shipped the same day if placed before 3pm and delivery only takes 3 to 5 days</li>
<li>
<strong>90-day Satisfaction Guarantee:</strong> if you are not completely satisfied with your piece of memorabilia, you have 90 days from when you receive it to return the item in its original condition and receive a full refund</li>
</ul>",RSA,,Autographed Football Jerseys,"49BF, BFCM24, Categorized, Falcons, FB, inhouse, jersey, Jerseys, MYS_Professional, RSA, RSA-products, Sold-Out, Warehouse, X",true,Title,Default Title,,,,,,,,RSA-03330,907.1989147615625,shopify,14,deny,manual,43.00,59.99,true,true,,,,,,https://cdn.shopify.com/s/files/1/0642/7842/9930/files/anderson-falcons-white-autographed-stitched-football-jersey-back.jpg?v=1756763529,1,"",false,,,,,,,,oz,,25.00,true,,,active
jamal-anderson-signed-atlanta-pro-white-football-jersey-jsa,,,,,,,,,,,,,,,,,,,,,,,,,,,,,,,,https://cdn.shopify.com/s/files/1/0642/7842/9930/files/anderson-falcons-white-autographed-stitched-football-jersey-signature.jpg?v=1756763529,2,"",,,,,,,,,,,,,,,
jamal-anderson-signed-atlanta-pro-white-football-jersey-jsa,,,,,,,,,,,,,,,,,,,,,,,,,,,,,,,,https://cdn.shopify.com/s/files/1/0642/7842/9930/files/anderson-falcons-white-autographed-stitched-football-jersey-front.jpg?v=1756763529,3,"",,,,,,,,,,,,,,,
jamal-anderson-signed-atlanta-pro-red-football-jersey-jsa,Jamal Anderson Signed Atlanta Pro Red Football Jersey (JSA),"<ul>
<li>A professional style red custom replica football jersey autographed by Jamal Anderson and authenticated by JSA</li>
<li>Includes a Certificate of Authenticity from JSA</li>
<li>Orders are generally shipped the same day if placed before 3pm and delivery only takes 3 to 5 days</li>
<li>
<strong>90-day Satisfaction Guarantee:</strong> if you are not completely satisfied with your piece of memorabilia, you have 90 days from when you receive it to return the item in its original condition and receive a full refund</li>
</ul>",RSA,,Autographed Football Jerseys,"49BF, BFCM24, Categorized, Falcons, FB, inhouse, jersey, Jerseys, MYS_Professional, RSA, RSA-products, Season, Sold-Out, Warehouse, X, year-end",true,Title,Default Title,,,,,,,,RSA-03332,907.1989147615625,shopify,84,deny,manual,43.00,59.99,true,true,,,,,,https://cdn.shopify.com/s/files/1/0642/7842/9930/files/anderson-falcons-red-autographed-stitched-football-jersey-back.jpg?v=1756763529,1,"",false,,,,,,,,oz,,25.00,true,,,active
jamal-anderson-signed-atlanta-pro-red-football-jersey-jsa,,,,,,,,,,,,,,,,,,,,,,,,,,,,,,,,https://cdn.shopify.com/s/files/1/0642/7842/9930/files/anderson-falcons-red-autographed-stitched-football-jersey-signature.jpg?v=1756763530,2,"",,,,,,,,,,,,,,,
jamal-anderson-signed-atlanta-pro-red-football-jersey-jsa,,,,,,,,,,,,,,,,,,,,,,,,,,,,,,,,https://cdn.shopify.com/s/files/1/0642/7842/9930/files/anderson-falcons-red-autographed-stitched-football-jersey-front.jpg?v=1756763530,3,"",,,,,,,,,,,,,,,
jamal-anderson-signed-atlanta-pro-black-football-jersey-jsa,Jamal Anderson Signed Atlanta Pro Black Football Jersey (JSA),"<ul>
<li>A professional style black custom replica football jersey autographed by Jamal Anderson and authenticated by JSA</li>
<li>Includes a Certificate of Authenticity from JSA</li>
<li>Orders are generally shipped the same day if placed before 3pm and delivery only takes 3 to 5 days</li>
<li>
<strong>90-day Satisfaction Guarantee:</strong> if you are not completely satisfied with your piece of memorabilia, you have 90 days from when you receive it to return the item in its original condition and receive a full refund</li>
</ul>",RSA,,Autographed Football Jerseys,"49BF, BFCM24, Categorized, Falcons, FB, inhouse, jersey, Jerseys, MYS_Professional, RSA, RSA-Mystery, RSA-products, Season, Sold-Out, Warehouse, X, year-end",true,Title,Default Title,,,,,,,,RSA-03331,907.1989147615625,shopify,86,deny,manual,43.00,59.99,true,true,,,,,,https://cdn.shopify.com/s/files/1/0642/7842/9930/files/anderson-falcons-black-autographed-stitched-football-jersey-back_ff359456-c759-4ece-b7a0-4fdb05a671af.jpg?v=1756763530,1,"",false,,,,,,,,oz,,25.00,true,,,active
jamal-anderson-signed-atlanta-pro-black-football-jersey-jsa,,,,,,,,,,,,,,,,,,,,,,,,,,,,,,,,https://cdn.shopify.com/s/files/1/0642/7842/9930/files/anderson-falcons-black-autographed-stitched-football-jersey-signature_1b2e77fb-802e-4ad4-be22-ab7f81fd73ed.jpg?v=1756763530,2,"",,,,,,,,,,,,,,,
jamal-anderson-signed-atlanta-pro-black-football-jersey-jsa,,,,,,,,,,,,,,,,,,,,,,,,,,,,,,,,https://cdn.shopify.com/s/files/1/0642/7842/9930/files/anderson-falcons-black-autographed-stitched-football-jersey-front.jpg?v=1756763530,3,"",,,,,,,,,,,,,,,
jamal-adams-autographed-pro-edition-football-jersey-green-throwback-jsa,Jamal Adams Autographed Pro Edition Football Jersey Green Throwback (JSA),<p>Jamal Adams Autographed Football Jersey Green Throwback style (JSA)</p>,RSA,,Autographed Football Jerseys,"2-15, Categorized, FB, inhouse, jersey, Jerseys, Jets, MYS_Professional, RSA-products, Sold-Out, Warehouse, X",true,Title,Default Title,,,,,,,,RSA-00090,451.001223586375,shopify,4,deny,manual,42.00,59.99,true,true,,,,,,https://cdn.shopify.com/s/files/1/0642/7842/9930/files/adams-jets-grn-1.png?v=1756763531,1,"",false,,,,,,,,oz,,35.00,true,,,active
jamal-adams-autographed-pro-edition-football-jersey-green-throwback-jsa,,,,,,,,,,,,,,,,,,,,,,,,,,,,,,,,https://cdn.shopify.com/s/files/1/0642/7842/9930/files/adams-jets-grn-2.png?v=1756763531,2,"",,,,,,,,,,,,,,,
jamal-adams-autographed-pro-edition-football-jersey-green-throwback-jsa,,,,,,,,,,,,,,,,,,,,,,,,,,,,,,,,https://cdn.shopify.com/s/files/1/0642/7842/9930/files/adams-jets-grn-3.png?v=1756763531,3,"",,,,,,,,,,,,,,,
jamal-adams-autographed-pro-edition-football-jersey-green-throwback-jsa,,,,,,,,,,,,,,,,,,,,,,,,,,,,,,,,https://cdn.shopify.com/s/files/1/0642/7842/9930/files/zjsa-coa-sample_ca11dc23-875f-48fa-9553-e7b61c9ef721.png?v=1756763531,4,"",,,,,,,,,,,,,,,
jadeveon-clowney-autographed-pro-style-football-jersey-red-jsa,Jadeveon Clowney Autographed Pro Style Football Jersey Red (JSA),<p>Jadeveon Clowney Autographed Pro Style Football Jersey Red (JSA)</p>,RSA,,Autographed Football Jerseys,"Categorized, current, FB, inhouse, jersey, Jerseys, MYS_Professional, NFL, RSA-products, Sold-Out, Warehouse, X",true,Title,Default Title,,,,,,,,RSA-00825,907.003303052,shopify,32,deny,manual,45.00,63.99,true,true,,,,,,https://cdn.shopify.com/s/files/1/0642/7842/9930/files/clowney-texans-red-1.png?v=1730805777,1,"",false,,,,,,,,lb,,28.00,true,,,active
jadeveon-clowney-autographed-pro-style-football-jersey-red-jsa,,,,,,,,,,,,,,,,,,,,,,,,,,,,,,,,https://cdn.shopify.com/s/files/1/0642/7842/9930/files/clowney-texans-red-2.png?v=1730805779,2,"",,,,,,,,,,,,,,,
jadeveon-clowney-autographed-pro-style-football-jersey-red-jsa,,,,,,,,,,,,,,,,,,,,,,,,,,,,,,,,https://cdn.shopify.com/s/files/1/0642/7842/9930/files/clowney-texans-red-3.png?v=1730805780,3,"",,,,,,,,,,,,,,,
jadeveon-clowney-autographed-pro-style-football-jersey-red-jsa,,,,,,,,,,,,,,,,,,,,,,,,,,,,,,,,https://cdn.shopify.com/s/files/1/0642/7842/9930/files/jsa-coa-sample_c849a4d5-5202-42af-80e4-f6d1d9b4552c.png?v=1730805782,4,"",,,,,,,,,,,,,,,
jadeveon-clowney-autographed-pro-style-football-jersey-blue-jsa,Jadeveon Clowney Autographed Pro Style Football Jersey Blue (JSA),<p>Jadeveon Clowney Autographed Pro Style Football Jersey Blue (JSA)</p>,RSA,,Autographed Football Jerseys,"Categorized, FB, inhouse, jersey, Jerseys, MYS_Professional, NFL, RSA-products, Sold-Out, Warehouse, X",true,Title,Default Title,,,,,,,,RSA-00184,907.003303052,shopify,39,deny,manual,45.00,63.99,true,true,,,,,,https://cdn.shopify.com/s/files/1/0642/7842/9930/files/clowney-texans-blu-1.png?v=1730805768,1,"",false,,,,,,,,lb,,28.00,true,,,active
jadeveon-clowney-autographed-pro-style-football-jersey-blue-jsa,,,,,,,,,,,,,,,,,,,,,,,,,,,,,,,,https://cdn.shopify.com/s/files/1/0642/7842/9930/files/clowney-texans-blu-2.png?v=1730805770,2,"",,,,,,,,,,,,,,,
jadeveon-clowney-autographed-pro-style-football-jersey-blue-jsa,,,,,,,,,,,,,,,,,,,,,,,,,,,,,,,,https://cdn.shopify.com/s/files/1/0642/7842/9930/files/clowney-texans-blu-3_8f9b5d30-fb10-497e-a685-db49d792e8d6.png?v=1730805772,3,"",,,,,,,,,,,,,,,
jadeveon-clowney-autographed-pro-style-football-jersey-blue-jsa,,,,,,,,,,,,,,,,,,,,,,,,,,,,,,,,https://cdn.shopify.com/s/files/1/0642/7842/9930/files/jsa-coa-sample_627c1271-57fe-4373-88b5-bff2aa0e70ab.png?v=1730805773,4,"",,,,,,,,,,,,,,,
jacoby-brissett-signed-pro-edition-football-jersey-blue-beckett,Jacoby Brissett Signed Indianapolis Blue Football Jersey (JSA),"<p>This custom stitched football jersey has been personally hand signed by Jacoby Brissett and authenticated by a top 3rd party authentication company. All autographed sports collectibles are limited! Order now to add this timeless piece of football memorabilia to your collection before it’s gone.</p>
<ul>
<li>Hand signed Football jersey autographed by Jacoby Brissett and authenticated by JSA</li>
<li>Includes a <em>Witnessed Protection Program</em> tamper-proof authentication sticker from JSA</li>
<li>90-day Satisfaction Guarantee: if you are not completely satisfied with your piece of memorabilia, return the item in its original condition and receive a full refund</li>
</ul>",RSA,,Autographed Football Jerseys,"Categorized, colts, FB, inhouse, jersey, Jerseys, MYS_Professional, RSA-products, Season, Sold-Out, Warehouse, X",true,Title,Default Title,,,,,,,,RSA-01201,454.000603133,shopify,78,deny,manual,48.00,69.99,true,true,,,,,,https://cdn.shopify.com/s/files/1/0642/7842/9930/files/brissett-colts-blue-autographed-stitched-football-jersey-back.jpg?v=1756763533,1,"",false,,,,,,,,lb,,30.00,true,,,active
jacoby-brissett-signed-pro-edition-football-jersey-blue-beckett,,,,,,,,,,,,,,,,,,,,,,,,,,,,,,,,https://cdn.shopify.com/s/files/1/0642/7842/9930/files/brissett-colts-blue-autographed-stitched-football-jersey-signature.jpg?v=1756763533,2,"",,,,,,,,,,,,,,,
jacoby-brissett-signed-pro-edition-football-jersey-blue-beckett,,,,,,,,,,,,,,,,,,,,,,,,,,,,,,,,https://cdn.shopify.com/s/files/1/0642/7842/9930/files/brissett-colts-blue-autographed-stitched-football-jersey-front.jpg?v=1756763533,3,"",,,,,,,,,,,,,,,
jack-ham-signed-hof-88-pro-edition-black-football-jersey-jsa,Jack Ham Signed HOF 88 Pro-Edition Black Football Jersey (JSA),"<ul>
<li>A professional style black custom replica football jersey autographed by Jack Ham with HOF 88 inscription and authenticated by JSA</li>
<li>Includes a <em>Witnessed Protection Program</em> Certificate of Authenticity from JSA</li>
<li>Orders are generally shipped the same day if placed before 3pm and delivery only takes 3 to 5 days</li>
<li>
<strong>90-day Satisfaction Guarantee:</strong> if you are not completely satisfied with your piece of memorabilia, you have 90 days from when you receive it to return the item in its original condition and receive a full refund</li>
</ul>",RSA,,Autographed Football Jerseys,"BFCM24, Categorized, FB, In-Stock, inhouse, jersey, Jerseys, MYS_HOF, MYS_Professional, RSA, RSA-Mystery, RSA-products, Season, V, Warehouse, year-end",true,Title,Default Title,,,,,,,,RSA-02328,450.7659225444375,shopify,94,deny,manual,54.00,74.99,true,true,,,,,,https://cdn.shopify.com/s/files/1/0642/7842/9930/files/ham-steelers-hof-88-black-autographed-stitched-football-jersey-back_33d05323-4165-4688-b449-ddb85c5bb612.jpg?v=1756763533,1,"",false,,,,,,,,oz,,33.00,true,,,active
jack-ham-signed-hof-88-pro-edition-black-football-jersey-jsa,,,,,,,,,,,,,,,,,,,,,,,,,,,,,,,,https://cdn.shopify.com/s/files/1/0642/7842/9930/files/ham-steelers-hof-88-black-autographed-stitched-football-jersey-signature.jpg?v=1756763534,2,"",,,,,,,,,,,,,,,
jack-ham-signed-hof-88-pro-edition-black-football-jersey-jsa,,,,,,,,,,,,,,,,,,,,,,,,,,,,,,,,https://cdn.shopify.com/s/files/1/0642/7842/9930/files/ham-steelers-hof-88-black-autographed-stitched-football-jersey-front.jpg?v=1756763534,3,"",,,,,,,,,,,,,,,
miles-sanders-signed-philadelphia-green-football-jersey-jsa,Miles Sanders Signed Philadelphia Green Football Jersey (JSA),"<ul>
<li>A professional style green custom replica football jersey autographed by Miles Sanders and authenticated by JSA</li>
<li>Includes a Certificate of Authenticity from JSA</li>
<li>Orders are generally shipped the same day if placed before 3pm and delivery only takes 3 to 5 days</li>
<li>
<strong>90-day Satisfaction Guarantee:</strong> if you are not completely satisfied with your piece of memorabilia, you have 90 days from when you receive it to return the item in its original condition and receive a full refund</li>
</ul>",RSA,,Autographed Football Jerseys,"12-05, 3X FBJ, eagles, FB, inhouse, jersey, Jerseys, New Arrival, RSA-products, Sold-Out, Warehouse, X",true,Title,Default Title,,,,,,,,RSA-06075,907.1989147615625,shopify,43,deny,manual,40.00,49.99,true,true,,,,,,https://cdn.shopify.com/s/files/1/0642/7842/9930/files/sanders-eagles-green-autographed-stitched-football-jersey-back.jpg?v=1730783734,1,"",false,,,,,,,,oz,,35.00,true,,,active
miles-sanders-signed-philadelphia-green-football-jersey-jsa,,,,,,,,,,,,,,,,,,,,,,,,,,,,,,,,https://cdn.shopify.com/s/files/1/0642/7842/9930/files/sanders-eagles-green-autographed-stitched-football-jersey-signature.jpg?v=1730783735,2,"",,,,,,,,,,,,,,,
miles-sanders-signed-philadelphia-green-football-jersey-jsa,,,,,,,,,,,,,,,,,,,,,,,,,,,,,,,,https://cdn.shopify.com/s/files/1/0642/7842/9930/files/sanders-eagles-green-autographed-stitched-football-jersey-front.jpg?v=1730783737,3,"",,,,,,,,,,,,,,,
mike-singletary-signed-hof-98-inscription-white-pro-edition-jersey-beckett,Mike Singletary Signed HOF 98 Inscription White Pro-Edition Jersey (PSA),"<ul>
<li>
<p>A professional-style XL stitched football jersey autographed by Mike Singletary with HOF 1998 inscription and authenticated by PSA</p>
</li>
<li>Includes a<em> Witnessed Protection Program </em>Certificate of Authenticity from PSA</li>
<li>Orders are generally shipped the same day if placed before 3pm and delivery only takes 3 to 5 days</li>
<li>90-day Satisfaction Guarantee: if you are not completely satisfied with your piece of memorabilia, you have 90 days from when you receive it to return the item in its original condition and receive a full refund</li>
</ul>",RSA,,Autographed Football Jerseys,"Categorized, FB, inhouse, jersey, Jerseys, MYS_HOF, MYS_Professional, NFL, RSA-products, Sold-Out, Warehouse, X",true,Title,Default Title,,,,,,,,RSA-01435,907.003303052,shopify,2,deny,manual,52.00,69.99,true,true,,,,,,https://cdn.shopify.com/s/files/1/0642/7842/9930/files/singletary-bears-hof98-wht-1.png?v=1756763534,1,"",false,,,,,,,,lb,,30.00,true,,,active
mike-singletary-signed-hof-98-inscription-white-pro-edition-jersey-beckett,,,,,,,,,,,,,,,,,,,,,,,,,,,,,,,,https://cdn.shopify.com/s/files/1/0642/7842/9930/files/singletary-bears-hof98-wht-3.png?v=1756763534,2,"",,,,,,,,,,,,,,,
mike-singletary-signed-hof-98-inscription-white-pro-edition-jersey-beckett,,,,,,,,,,,,,,,,,,,,,,,,,,,,,,,,https://cdn.shopify.com/s/files/1/0642/7842/9930/files/singletary-bears-hof98-wht-2.png?v=1756763534,3,"",,,,,,,,,,,,,,,
mike-singletary-signed-hof-98-inscription-chicago-blue-football-jersey-psa,Mike Singletary Signed HOF 98 Inscription Chicago Navy Football Jersey (JSA),"<ul>
<li>A professional style blue custom replica football jersey autographed by Mike Singletary with HOF 98 inscription and authenticated by (JSA)</li>
<li>Includes a Certificate of Authenticity from (JSA)</li>
<li>Orders are generally shipped the same day if placed before 3pm and delivery only takes 3 to 5 days</li>
<li>
<strong>90-day Satisfaction Guarantee:</strong> if you are not completely satisfied with your piece of memorabilia, you have 90 days from when you receive it to return the item in its original condition and receive a full refund</li>
</ul>",RSA,,Autographed Football Jerseys,"Bears, BFCM24, inhouse, MYS_HOF, MYS_product, MYS_Professional, MYS_run1-1, MYS_run2-2, Popular, RSA, RSA-Mystery, RSA-products, SE, Sold-Out, Warehouse, X",true,Title,Default Title,,,,,,,,RSA-04242,907.1989147615625,shopify,78,deny,manual,52.00,69.99,true,true,,,,,,https://cdn.shopify.com/s/files/1/0642/7842/9930/files/singletary-bears-hof-98-blue-autographed-stitched-football-jersey-back.jpg?v=1756763535,1,"",false,,,,,,,,oz,,30.00,true,,,active
mike-singletary-signed-hof-98-inscription-chicago-blue-football-jersey-psa,,,,,,,,,,,,,,,,,,,,,,,,,,,,,,,,https://cdn.shopify.com/s/files/1/0642/7842/9930/files/singletary-bears-hof-98-blue-autographed-stitched-football-jersey-signature.jpg?v=1756763535,2,"",,,,,,,,,,,,,,,
mike-singletary-signed-hof-98-inscription-chicago-blue-football-jersey-psa,,,,,,,,,,,,,,,,,,,,,,,,,,,,,,,,https://cdn.shopify.com/s/files/1/0642/7842/9930/files/singletary-bears-hof-98-blue-autographed-stitched-football-jersey-front.jpg?v=1756763535,3,"",,,,,,,,,,,,,,,
mike-rozier-signed-ht-83-inscription-nebraska-college-red-football-jersey-jsa,Mike Rozier Signed HT 83 Inscription Nebraska College Red Football Jersey (JSA),"<ul>
<li>A custom replica football jersey autographed by Mike Rozier with HT 83 inscription and authenticated by JSA</li>
<li>Includes a Certificate of Authenticity from JSA</li>
<li>Orders are generally shipped the same day if placed before 3pm and delivery only takes 3 to 5 days</li>
<li>
<strong>90-day Satisfaction Guarantee:</strong> if you are not completely satisfied with your piece of memorabilia, you have 90 days from when you receive it to return the item in its original condition and receive a full refund</li>
</ul>",RSA,,Autographed Football Jerseys,"BFCM24, Categorized, FB, In-Stock, inhouse, jersey, Jerseys, MYS_College, RSA-products, V, Warehouse",true,Title,Default Title,,,,,,,,RSA-02535,453.59237,shopify,110,deny,manual,43.00,59.99,true,true,,,,,,https://cdn.shopify.com/s/files/1/0642/7842/9930/files/rozier-cornhuskers-heisman-8front-red-autographed-stitched-football-jersey-back.jpg?v=1730783350,1,"",false,,,,,,,,oz,,23.00,true,,,active
mike-rozier-signed-ht-83-inscription-nebraska-college-red-football-jersey-jsa,,,,,,,,,,,,,,,,,,,,,,,,,,,,,,,,https://cdn.shopify.com/s/files/1/0642/7842/9930/files/rozier-cornhuskers-heisman-8front-red-autographed-stitched-football-jersey-signature.jpg?v=1730783352,2,"",,,,,,,,,,,,,,,
mike-rozier-signed-ht-83-inscription-nebraska-college-red-football-jersey-jsa,,,,,,,,,,,,,,,,,,,,,,,,,,,,,,,,https://cdn.shopify.com/s/files/1/0642/7842/9930/files/rozier-cornhuskers-heisman-8front-red-autographed-stitched-football-jersey-front.jpg?v=1730783354,3,"",,,,,,,,,,,,,,,
mike-ditka-autographed-navy-pro-style-football-jersey-psa,Mike Ditka Signed Chicago Navy Pro Football Jersey (JSA),"<ul>
<li>A professional style black custom replica football jersey autographed by Mike Ditka and authenticated by JSA</li>
<li>Includes a Certificate of Authenticity from JSA</li>
<li>Orders are generally shipped the same day if placed before 3pm and delivery only takes 3 to 5 days</li>
<li>
<strong>90-day Satisfaction Guarantee:</strong><span> </span>if you are not completely satisfied with your piece of memorabilia, you have 90 days from when you receive it to return the item in its original condition and receive a full refund</li>
</ul>",RSA,Uncategorized,Autographed Football Jerseys,"BFCM24, Categorized, FB, inhouse, jersey, Jerseys, MYS_HOF, MYS_Professional, NFL, Popular, RSA, RSA-Mystery, RSA-products, Sold-Out, Warehouse, X",true,Title,Default Title,,,,,,,,RSA-00626,907.003303052,shopify,38,deny,manual,85.00,119.99,true,true,,,,,,https://cdn.shopify.com/s/files/1/0642/7842/9930/files/ditka-bears-blu-1.png?v=1756763536,1,"",false,,,,,,,,lb,,55.00,true,,,active
mike-ditka-autographed-navy-pro-style-football-jersey-psa,,,,,,,,,,,,,,,,,,,,,,,,,,,,,,,,https://cdn.shopify.com/s/files/1/0642/7842/9930/files/ditka-bears-blu-3.png?v=1756763536,2,"",,,,,,,,,,,,,,,
mike-ditka-autographed-navy-pro-style-football-jersey-psa,,,,,,,,,,,,,,,,,,,,,,,,,,,,,,,,https://cdn.shopify.com/s/files/1/0642/7842/9930/files/ditka-bears-blu-2.png?v=1756763536,3,"",,,,,,,,,,,,,,,
michael-vick-signed-atlanta-white-football-jersey-beckett,Michael Vick Signed Atlanta White Football Jersey (Beckett),"<p>Whether you track a team's changing lineup or a player's career trajectory, nothing is quite like holding onto a milestone from their history.</p>
<p>Atlanta Falcons and Michael Vick fans eager to grow their collections will find that connection in this autographed jersey. Vick spent 13 seasons in the National Football League (NFL), beginning his professional career after the Falcons drafted him in 2001.</p>
<p>Years before that, Vick developed a rising reputation as a high school player and then for Virginia Tech, where he received the Archie Griffin Award as a freshman.</p>
<p>Vick continued his stride for the Falcons, spending six years with the team and taking them to two playoffs, a division title and an NFC Championship Game. He also became the NFL's first quarterback to rush 1,000 yards in a single season - a record held until his retirement in 2017.</p>
<p>While Vick had stints on other teams - most notably, the Philadelphia Eagles - his post-professional career saw him loop back to Atlanta. There, he coached the Atlanta Legends, an Alliance of American Football team, until late 2024, when Norfolk State University appointed him their head football coach.</p>
<p>This autographed white Michael Vick jersey captures his early years in the NFL and includes both his player number and signature on the back.</p>
<ul>
<li>A professional-style white custom replica football jersey autographed by Michael Vick and authenticated by Beckett</li>
<li>Includes a Certificate of Authenticity from Beckett</li>
<li>Orders are generally shipped the same day if placed before 3 p.m. and delivery only takes 3 to 5 days</li>
<li>
<strong>90-day Satisfaction Guarantee:</strong> if you are not completely satisfied with your piece of memorabilia, you have 90 days from when you receive it to return the item in its original condition and receive a full refund</li>
</ul>",RSA,,Autographed Football Jerseys,"11-27-RSA, BFCM24, Falcons, FB, inhouse, jersey, Jerseys, MYS_Professional, New Arrival, Popular, RSA, RSA-Mystery, RSA-products, Season, Sold-Out, Warehouse, X, year-end",true,Title,Default Title,,,,,,,,RSA-04943,907.1989147615625,shopify,107,deny,manual,55.00,74.99,true,true,,,,,,https://cdn.shopify.com/s/files/1/0642/7842/9930/files/vick-falcons-white-autographed-stitched-football-jersey-silver-ink-back.jpg?v=1756763540,1,"",false,,,,,,,,oz,,35.00,true,,,active
michael-vick-signed-atlanta-white-football-jersey-beckett,,,,,,,,,,,,,,,,,,,,,,,,,,,,,,,,https://cdn.shopify.com/s/files/1/0642/7842/9930/files/vick-falcons-white-autographed-stitched-football-jersey-silver-signature.jpg?v=1756763540,2,"",,,,,,,,,,,,,,,
michael-vick-signed-atlanta-white-football-jersey-beckett,,,,,,,,,,,,,,,,,,,,,,,,,,,,,,,,https://cdn.shopify.com/s/files/1/0642/7842/9930/files/vick-falcons-white-autographed-stitched-football-jersey-front.jpg?v=1756763540,3,"",,,,,,,,,,,,,,,
michael-vick-signed-atlanta-black-football-jersey-shadow-numbers-beckett,Michael Vick Signed Atlanta Black Football Jersey Shadow Numbers (Beckett),"<ul>
<li>A professional style black custom replica football jersey autographed by Michael Vick and authenticated by Beckett</li>
<li>Includes a Certificate of Authenticity from Beckett</li>
<li>Orders are generally shipped the same day if placed before 3pm and delivery only takes 3 to 5 days</li>
<li>
<strong>90-day Satisfaction Guarantee:</strong> if you are not completely satisfied with your piece of memorabilia, you have 90 days from when you receive it to return the item in its original condition and receive a full refund</li>
</ul>",RSA,,Autographed Football Jerseys,"08-18-RSA, BFCM24, Falcons, FB, inhouse, jersey, Jerseys, MYS_product, MYS_Professional, MYS_run2-1, New Arrival, Photograph-Final, RSA, RSA-products, Sold-Out, Warehouse, X",true,Title,Default Title,,,,,,,,RSA-05025,907.1989147615625,shopify,86,deny,manual,55.00,79.99,true,true,,,,,,https://cdn.shopify.com/s/files/1/0642/7842/9930/files/20220721_141447copy.jpg?v=1730781182,1,"",false,,,,,,,,oz,,35.00,true,,,active
michael-vick-signed-atlanta-black-football-jersey-shadow-numbers-beckett,,,,,,,,,,,,,,,,,,,,,,,,,,,,,,,,https://cdn.shopify.com/s/files/1/0642/7842/9930/files/20220721_141532copy.jpg?v=1730781183,2,"",,,,,,,,,,,,,,,
michael-vick-signed-atlanta-black-football-jersey-beckett,Michael Vick Signed Atlanta Black Football Jersey (Beckett),"<ul>
<li>A professional style black custom replica football jersey autographed by Michael Vick and authenticated by Beckett</li>
<li>Includes a Certificate of Authenticity from Beckett</li>
<li>Orders are generally shipped the same day if placed before 3pm and delivery only takes 3 to 5 days</li>
<li>
<strong>90-day Satisfaction Guarantee:</strong> if you are not completely satisfied with your piece of memorabilia, you have 90 days from when you receive it to return the item in its original condition and receive a full refund</li>
</ul>",RSA,,Autographed Football Jerseys,"BFCM24, Categorized, Falcons, FB, In-Stock, inhouse, jersey, Jerseys, MYS_Professional, RSA, RSA-products, Season, V, Warehouse, year-end",true,Title,Default Title,,,,,,,,RSA-03336,907.1989147615625,shopify,111,deny,manual,55.00,74.99,true,true,,,,,,https://cdn.shopify.com/s/files/1/0642/7842/9930/files/vick-falcons-black-autographed-stitched-football-jersey-back.jpg?v=1756763540,1,"",false,,,,,,,,oz,,35.00,true,,,active
michael-vick-signed-atlanta-black-football-jersey-beckett,,,,,,,,,,,,,,,,,,,,,,,,,,,,,,,,https://cdn.shopify.com/s/files/1/0642/7842/9930/files/vick-falcons-black-autographed-stitched-football-jersey-signature.jpg?v=1756763540,2,"",,,,,,,,,,,,,,,
michael-vick-signed-atlanta-black-football-jersey-beckett,,,,,,,,,,,,,,,,,,,,,,,,,,,,,,,,https://cdn.shopify.com/s/files/1/0642/7842/9930/files/vick-falcons-black-autographed-stitched-football-jersey-front.jpg?v=1756763541,3,"",,,,,,,,,,,,,,,
michael-penix-jr-signed-atlanta-black-football-jersey-beckett,Michael Penix Jr. Signed Atlanta Black Football Jersey (Beckett),"<p>This custom stitched football jersey has been personally hand signed by Michael Penix Jr. and authenticated by a top 3rd party authentication company. All autographed sports collectibles are limited! Order now to add this timeless piece of football memorabilia to your collection before it’s gone.</p><ul>
<li>Custom football jersey autographed by Michael Penix Jr. and authenticated by Beckett</li>
<li>Includes a <em>Witnessed Protection Program</em> tamper-proof authentication sticker from Beckett</li>
<li>
<strong>90-day Satisfaction Guarantee:</strong> if you are not completely satisfied with your piece of memorabilia, return the item in its original condition and receive a full refund</li>
</ul>",RSA,,Autographed Football Jerseys,"06-21-RSA, 07-09-RSA, Best-Seller, BFCM24, Current Star, eBay Live, Falcons, FB, inhouse, jersey, Jerseys, New Arrival, V",true,Title,Default Title,,,,,,,,RSA-09681,907.18474,shopify,20,deny,manual,135.00,169.99,true,true,,,,,,https://cdn.shopify.com/s/files/1/0642/7842/9930/files/penix-jr-falcons-black-autographed-stitched-football-jersey-back.jpg?v=1730780932,1,"",false,,,,,,,,oz,,100.00,true,,,active
michael-penix-jr-signed-atlanta-black-football-jersey-beckett,,,,,,,,,,,,,,,,,,,,,,,,,,,,,,,,https://cdn.shopify.com/s/files/1/0642/7842/9930/files/penix-jr-falcons-black-autographed-stitched-football-jersey-signature.jpg?v=1730780934,2,"",,,,,,,,,,,,,,,
michael-penix-jr-signed-atlanta-black-football-jersey-beckett,,,,,,,,,,,,,,,,,,,,,,,,,,,,,,,,https://cdn.shopify.com/s/files/1/0642/7842/9930/files/penix-jr-falcons-black-autographed-stitched-football-jersey-front.jpg?v=1730780936,3,"",,,,,,,,,,,,,,,
mel-renfro-signed-hof-96-inscription-dallas-royal-blue-football-jersey-jsa,Mel Renfro Signed HOF 96 Inscription Dallas Royal Blue Football Jersey (JSA),"<ul>
<li>A professional style blue custom replica football jersey autographed by Mel Renfro with HOF 96 inscription and authenticated by JSA</li>
<li>Includes a Certificate of Authenticity from JSA</li>
<li>Orders are generally shipped the same day if placed before 3pm and delivery only takes 3 to 5 days</li>
<li>
<strong>90-day Satisfaction Guarantee:</strong> if you are not completely satisfied with your piece of memorabilia, you have 90 days from when you receive it to return the item in its original condition and receive a full refund</li>
</ul>",RSA,,Autographed Football Jerseys,"49BF, BFCM24, Categorized, cowboys, FB, GoogleClearance, In-Stock, inhouse, jersey, Jerseys, MYS_HOF, MYS_Professional, RSA-products, Season, V, Warehouse, year-end",true,Title,Default Title,,,,,,,,RSA-03352,907.1989147615625,shopify,73,deny,manual,42.00,59.99,true,true,,,,,,https://cdn.shopify.com/s/files/1/0642/7842/9930/files/renfro-cowboys-hof-96-blue-autographed-stitched-football-jersey-back.jpg?v=1730780457,1,"",false,,,,,,,,oz,,23.00,true,,,active
mel-renfro-signed-hof-96-inscription-dallas-royal-blue-football-jersey-jsa,,,,,,,,,,,,,,,,,,,,,,,,,,,,,,,,https://cdn.shopify.com/s/files/1/0642/7842/9930/files/renfro-cowboys-hof-96-blue-autographed-stitched-football-jersey-signature.jpg?v=1730780458,2,"",,,,,,,,,,,,,,,
mel-renfro-signed-hof-96-inscription-dallas-royal-blue-football-jersey-jsa,,,,,,,,,,,,,,,,,,,,,,,,,,,,,,,,https://cdn.shopify.com/s/files/1/0642/7842/9930/files/renfro-cowboys-hof-96-blue-autographed-stitched-football-jersey-front.jpg?v=1730780460,3,"",,,,,,,,,,,,,,,
mazi-smith-signed-michigan-blue-football-jersey-jsa,Mazi Smith Signed Michigan Blue Football Jersey (JSA),"<ul>
<li>A professional style blue custom replica football jersey autographed by Mazi Smith and authenticated by JSA</li>
<li>Includes a Certificate of Authenticity from JSA</li>
<li>Orders are generally shipped the same or next day and delivery only takes 3 to 5 days</li>
<li>
<strong>90-day Satisfaction Guarantee:</strong> if you are not completely satisfied with your piece of memorabilia, you have 90 days from when you receive it to return the item in its original condition and receive a full refund</li>
</ul>",RSA,,Autographed Football Jerseys,"10-16-RSA, BFCM24, FB, inhouse, jersey, Jerseys, Price-check, Season, V",true,Title,Default Title,,,,,,,,RSA-07755,907.1989147615625,shopify,3,deny,manual,48.00,69.99,true,true,,,,,,https://cdn.shopify.com/s/files/1/0642/7842/9930/files/mazi-smith-wolverines-blue-autographed-stitched-football-jersey-back.jpg?v=1730780292,1,"",false,,,,,,,,oz,,30.00,true,,,active
mazi-smith-signed-michigan-blue-football-jersey-jsa,,,,,,,,,,,,,,,,,,,,,,,,,,,,,,,,https://cdn.shopify.com/s/files/1/0642/7842/9930/files/mazi-smith-wolverines-blue-autographed-stitched-football-jersey-signature.jpg?v=1730780294,2,"",,,,,,,,,,,,,,,
mazi-smith-signed-michigan-blue-football-jersey-jsa,,,,,,,,,,,,,,,,,,,,,,,,,,,,,,,,https://cdn.shopify.com/s/files/1/0642/7842/9930/files/mazi-smith-wolverines-blue-autographed-stitched-football-jersey-front.jpg?v=1730780297,3,"",,,,,,,,,,,,,,,
matt-leinart-signed-usc-college-red-football-jersey-jsa,Matt Leinart Signed USC College Red Football Jersey (JSA),"<ul>
<li>A collegiate style red custom replica football jersey autographed by Matt Leinart and authenticated by JSA</li>
<li>Includes a Certificate of Authenticity from JSA</li>
<li>Orders are generally shipped the same day if placed before 3pm and delivery only takes 3 to 5 days</li>
<li>
<strong>90-day Satisfaction Guarantee:</strong> if you are not completely satisfied with your piece of memorabilia, you have 90 days from when you receive it to return the item in its original condition and receive a full refund</li>
</ul>",RSA,,Autographed Football Jerseys,"49BF, Categorized, College, FB, In-Stock, inhouse, jersey, Jerseys, MYS_College, RSA-products, V, Warehouse",false,Title,Default Title,,,,,,,,RSA-02768,907.0004680996875,shopify,60,deny,manual,43.00,59.99,true,true,,,,,,https://cdn.shopify.com/s/files/1/0642/7842/9930/files/leinart-trojans-red-autographed-stitched-football-jersey-back.jpg?v=1730779683,1,"",false,,,,,,,,oz,,25.00,true,,,active
matt-leinart-signed-usc-college-red-football-jersey-jsa,,,,,,,,,,,,,,,,,,,,,,,,,,,,,,,,https://cdn.shopify.com/s/files/1/0642/7842/9930/files/leinart-trojans-red-autographed-stitched-football-jersey-signature.jpg?v=1730779685,2,"",,,,,,,,,,,,,,,
matt-leinart-signed-usc-college-red-football-jersey-jsa,,,,,,,,,,,,,,,,,,,,,,,,,,,,,,,,https://cdn.shopify.com/s/files/1/0642/7842/9930/files/leinart-trojans-red-autographed-stitched-football-jersey-front.jpg?v=1730779686,3,"",,,,,,,,,,,,,,,
martavis-bryant-pittsburgh-steelers-autographed-football-jersey-white-jsa,Martavis Bryant Pittsburgh Steelers Autographed Football Jersey White (JSA),<p>Martavis Bryant Pittsburgh Steelers Autographed Football Jersey White (JSA)</p>,RSA,,Autographed Football Jerseys,"Categorized, current, FB, inhouse, jersey, Jerseys, MYS_Professional, RSA-products, Sold-Out, Steelers, Warehouse, X",true,Title,Default Title,,,,,,,,RSA-00005,451.001223586375,shopify,20,deny,manual,43.00,59.99,true,true,,,,,,https://cdn.shopify.com/s/files/1/0642/7842/9930/files/bryant-steelers-wht-1.png?v=1730777395,1,"",false,,,,,,,,oz,,25.00,true,,,active
martavis-bryant-pittsburgh-steelers-autographed-football-jersey-white-jsa,,,,,,,,,,,,,,,,,,,,,,,,,,,,,,,,https://cdn.shopify.com/s/files/1/0642/7842/9930/files/bryant-steelers-wht-2.png?v=1730777396,2,"",,,,,,,,,,,,,,,
martavis-bryant-pittsburgh-steelers-autographed-football-jersey-white-jsa,,,,,,,,,,,,,,,,,,,,,,,,,,,,,,,,https://cdn.shopify.com/s/files/1/0642/7842/9930/files/bryant-steelers-wht-3.png?v=1730777398,3,"",,,,,,,,,,,,,,,
martavis-bryant-pittsburgh-steelers-autographed-football-jersey-white-jsa,,,,,,,,,,,,,,,,,,,,,,,,,,,,,,,,https://cdn.shopify.com/s/files/1/0642/7842/9930/files/jsa-coa-sample_6981de92-b400-4fdf-bf6a-a8f7c6a93e35.png?v=1730777400,4,"",,,,,,,,,,,,,,,
martavis-bryant-pittsburgh-steelers-autographed-football-jersey-black-jsa,Martavis Bryant Pittsburgh Steelers Autographed Football Jersey Black (JSA),<p>Martavis Bryant Pittsburgh Steelers Autographed Football Jersey Black (JSA)</p>,RSA,,Autographed Football Jerseys,"Categorized, FB, inhouse, jersey, Jerseys, MYS_Professional, RSA-products, Sold-Out, Steelers, Warehouse, X",true,Title,Default Title,,,,,,,,RSA-00007,454.000603133,shopify,12,deny,manual,43.00,59.99,true,true,,,,,,https://cdn.shopify.com/s/files/1/0642/7842/9930/files/bryant-steelers-blk-1.png?v=1730777384,1,"",false,,,,,,,,lb,,25.00,true,,,active
martavis-bryant-pittsburgh-steelers-autographed-football-jersey-black-jsa,,,,,,,,,,,,,,,,,,,,,,,,,,,,,,,,https://cdn.shopify.com/s/files/1/0642/7842/9930/files/bryant-steelers-blk-2.png?v=1730777386,2,"",,,,,,,,,,,,,,,
martavis-bryant-pittsburgh-steelers-autographed-football-jersey-black-jsa,,,,,,,,,,,,,,,,,,,,,,,,,,,,,,,,https://cdn.shopify.com/s/files/1/0642/7842/9930/files/bryant-steelers-blk-3.png?v=1730777388,3,"",,,,,,,,,,,,,,,
martavis-bryant-pittsburgh-steelers-autographed-football-jersey-black-jsa,,,,,,,,,,,,,,,,,,,,,,,,,,,,,,,,https://cdn.shopify.com/s/files/1/0642/7842/9930/files/jsa-coa-sample_9a782787-4021-415d-a713-e2959e2de221.png?v=1730777390,4,"",,,,,,,,,,,,,,,
mark-rypien-signed-pro-edition-maroon-football-jersey-jsa-sb-mvp-inscription,Mark Rypien Signed XXVI MVP Inscription Washington Maroon Football Jersey (BECKETT ),"<ul>
<li>A professional-style XL stitched football jersey autographed by Mark Rypien and authenticated by BECKETT </li>
<li>Includes a Certificate of Authenticity from BECKETT</li>
<li>Orders are generally shipped the same day if placed before 3pm and delivery only takes 3 to 5 days</li>
<li>90-day Satisfaction Guarantee: if you are not completely satisfied with your piece of memorabilia, you have 90 days from when you receive it to return the item in its original condition and receive a full refund</li>
</ul>",RSA,,Autographed Football Jerseys,"Categorized, FB, inhouse, jersey, Jerseys, MYS_Professional, RSA-products, Season, Sold-Out, Warehouse, X, year-end",true,Title,Default Title,,,,,,,,RSA-01757,450.7659225444375,shopify,4,deny,manual,58.00,79.99,true,true,,,,,,https://cdn.shopify.com/s/files/1/0642/7842/9930/files/rypien-redskins-maroon-autographed-stitched-football-jersey-back.jpg?v=1756763548,1,"",false,,,,,,,,oz,,30.00,true,,,active
mark-rypien-signed-pro-edition-maroon-football-jersey-jsa-sb-mvp-inscription,,,,,,,,,,,,,,,,,,,,,,,,,,,,,,,,https://cdn.shopify.com/s/files/1/0642/7842/9930/files/rypien-redskins-maroon-autographed-stitched-football-jersey-signature.jpg?v=1756763548,2,"",,,,,,,,,,,,,,,
mark-rypien-signed-pro-edition-maroon-football-jersey-jsa-sb-mvp-inscription,,,,,,,,,,,,,,,,,,,,,,,,,,,,,,,,https://cdn.shopify.com/s/files/1/0642/7842/9930/files/rypien-redskins-maroon-autographed-stitched-football-jersey-front.jpg?v=1756763548,3,"",,,,,,,,,,,,,,,
mark-rypien-autographed-pro-style-football-jersey-white-jsa-sb-inscription-included,Mark Rypien Signed SB XXVI MVP Inscription Washington White Football Jersey (BECKETT ),<p>Mark Rypien Autographed Pro Style Football Jersey White (BECKETT) SB Inscription Included</p>,RSA,,Autographed Football Jerseys,"Categorized, FB, inhouse, jersey, Jerseys, MYS_Professional, NFL, RSA-products, Sold-Out, Warehouse, X",true,Title,Default Title,,,,,,,,RSA-00444,907.003303052,shopify,25,deny,manual,58.00,79.99,true,true,,,,,,https://cdn.shopify.com/s/files/1/0642/7842/9930/files/rypien-redskins-wht-1.png?v=1756763549,1,"",false,,,,,,,,lb,,30.00,true,,,active
mark-rypien-autographed-pro-style-football-jersey-white-jsa-sb-inscription-included,,,,,,,,,,,,,,,,,,,,,,,,,,,,,,,,https://cdn.shopify.com/s/files/1/0642/7842/9930/files/rypien-redskins-wht-3.png?v=1756763549,2,"",,,,,,,,,,,,,,,
mark-rypien-autographed-pro-style-football-jersey-white-jsa-sb-inscription-included,,,,,,,,,,,,,,,,,,,,,,,,,,,,,,,,https://cdn.shopify.com/s/files/1/0642/7842/9930/files/rypien-redskins-wht-2.png?v=1756763549,3,"",,,,,,,,,,,,,,,
malik-hooker-signed-dallas-white-football-jersey-beckett,Malik Hooker Signed Dallas White Football Jersey (Beckett),"<p>This custom stitched football jersey has been personally hand signed by Malik Hooker and authenticated by a top 3rd party authentication company. All autographed sports collectibles are limited! Order now to add this timeless piece of football memorabilia to your collection before it’s gone.</p><ul>
<li>Hand signed Football jersey autographed by Malik Hooker and authenticated by Beckett</li>
<li>Includes a <em>Witnessed Protection Program</em> tamper-proof authentication sticker from Beckett</li>
<li>90-day Satisfaction Guarantee: if you are not completely satisfied with your piece of memorabilia, return the item in its original condition and receive a full refund</li>
</ul>",RSA,,Autographed Football Jerseys,"BFCM24, cowboys, Current Star, FB, inhouse, jersey, Jerseys, New Arrival, Season, V, year-end",true,Title,Default Title,,,,,,,,RSA-09823,907.1989147615625,shopify,3,deny,manual,45.00,69.99,true,true,,,,,,https://cdn.shopify.com/s/files/1/0642/7842/9930/files/hooker-cowboys-white-autographed-stitched-football-jersey-back.jpg?v=1756763549,1,"",false,,,,,,,,oz,,25.00,true,,,active
malik-hooker-signed-dallas-white-football-jersey-beckett,,,,,,,,,,,,,,,,,,,,,,,,,,,,,,,,https://cdn.shopify.com/s/files/1/0642/7842/9930/files/hooker-cowboys-white-autographed-stitched-football-jersey-signature.jpg?v=1756763549,2,"",,,,,,,,,,,,,,,
malik-hooker-signed-dallas-white-football-jersey-beckett,,,,,,,,,,,,,,,,,,,,,,,,,,,,,,,,https://cdn.shopify.com/s/files/1/0642/7842/9930/files/hooker-cowboys-white-autographed-stitched-football-jersey-front.jpg?v=1756763550,3,"",,,,,,,,,,,,,,,
malik-hooker-signed-dallas-blue-football-jersey-beckett,Malik Hooker Signed Dallas Navy Football Jersey (Beckett),"<p>This custom stitched football jersey has been personally hand signed by Malik Hooker and authenticated by a top 3rd party authentication company. All autographed sports collectibles are limited! Order now to add this timeless piece of football memorabilia to your collection before it’s gone.</p><ul>
<li>Hand signed Football jersey autographed by Malik Hooker and authenticated by Beckett</li>
<li>Includes a <em>Witnessed Protection Program</em> tamper-proof authentication sticker from Beckett</li>
<li>90-day Satisfaction Guarantee: if you are not completely satisfied with your piece of memorabilia, return the item in its original condition and receive a full refund</li>
</ul>",RSA,,Autographed Football Jerseys,"BFCM24, cowboys, Current Star, FB, inhouse, jersey, Jerseys, New Arrival, Season, V, year-end",true,Title,Default Title,,,,,,,,RSA-09936,907.1989147615625,shopify,2,deny,manual,45.00,69.99,true,true,,,,,,https://cdn.shopify.com/s/files/1/0642/7842/9930/files/hooker-cowboys-blue-autographed-stitched-football-jersey-back.jpg?v=1756763550,1,"",false,,,,,,,,oz,,25.00,true,,,active
malik-hooker-signed-dallas-blue-football-jersey-beckett,,,,,,,,,,,,,,,,,,,,,,,,,,,,,,,,https://cdn.shopify.com/s/files/1/0642/7842/9930/files/hooker-cowboys-blue-autographed-stitched-football-jersey-signature.jpg?v=1756763550,2,"",,,,,,,,,,,,,,,
malik-hooker-signed-dallas-blue-football-jersey-beckett,,,,,,,,,,,,,,,,,,,,,,,,,,,,,,,,https://cdn.shopify.com/s/files/1/0642/7842/9930/files/hooker-cowboys-blue-autographed-stitched-football-jersey-front.jpg?v=1756763550,3,"",,,,,,,,,,,,,,,
devonta-freeman-signed-atlanta-white-football-jersey-beckett,Devonta Freeman Signed Atlanta White Football Jersey (Beckett),"<p>This custom stitched football jersey has been personally hand signed by Devonta Freeman and authenticated by a top 3rd party authentication company. All autographed sports collectibles are limited! Order now to add this timeless piece of football memorabilia to your collection before it’s gone.</p>
<ul>
<li>Hand signed Football jersey autographed by Devonta Freeman and authenticated by Beckett</li>
<li>Includes a <em>Witnessed Protection Program</em> tamper-proof authentication sticker from Beckett</li>
<li>90-day Satisfaction Guarantee: if you are not completely satisfied with your piece of memorabilia, return the item in its original condition and receive a full refund</li>
</ul>",RSA,,Autographed Football Jerseys,"11-22-RSA, BFCM24, Falcons, FB, inhouse, jersey, Jerseys, New Arrival, Season, V, year-end",true,Title,Default Title,,,,,,,,RSA-10652,907.1989147615625,shopify,19,deny,manual,54.00,79.99,true,true,,,,,,https://cdn.shopify.com/s/files/1/0642/7842/9930/files/freeman-falcons-white-autographed-stitched-football-jersey-back.jpg?v=1756763551,1,"",false,,,,,,,,oz,,35.00,true,,,active
devonta-freeman-signed-atlanta-white-football-jersey-beckett,,,,,,,,,,,,,,,,,,,,,,,,,,,,,,,,https://cdn.shopify.com/s/files/1/0642/7842/9930/files/freeman-falcons-white-autographed-stitched-football-jersey-signature.jpg?v=1756763551,2,"",,,,,,,,,,,,,,,
devonta-freeman-signed-atlanta-white-football-jersey-beckett,,,,,,,,,,,,,,,,,,,,,,,,,,,,,,,,https://cdn.shopify.com/s/files/1/0642/7842/9930/files/freeman-falcons-white-autographed-stitched-football-jersey-front.jpg?v=1756763551,3,"",,,,,,,,,,,,,,,
devonta-freeman-signed-atlanta-salute-to-service-football-jersey-beckett,Devonta Freeman Signed Atlanta Salute to Service Football Jersey (Beckett),"<p>This custom stitched football jersey has been personally hand signed by Devonta  Freeman and authenticated by a top 3rd party authentication company. All autographed sports collectibles are limited! Order now to add this timeless piece of football memorabilia to your collection before it’s gone.</p><ul>
<li>Hand signed Football jersey autographed by Devonta Freeman and authenticated by Beckett</li>
<li>Includes a <em>Witnessed Protection Program</em> tamper-proof authentication sticker from Beckett</li>
<li>90-day Satisfaction Guarantee: if you are not completely satisfied with your piece of memorabilia, return the item in its original condition and receive a full refund</li>
</ul>",RSA,,Autographed Football Jerseys,"11-22-RSA, BFCM24, Falcons, FB, inhouse, jersey, Jerseys, New Arrival, V",true,Title,Default Title,,,,,,,,RSA-10650,907.1989147615625,shopify,6,deny,manual,54.00,79.99,true,true,,,,,,https://cdn.shopify.com/s/files/1/0642/7842/9930/files/freeman-falcons-salute-to-service-autographed-stitched-football-jersey-back.jpg?v=1756763552,1,"",false,,,,,,,,oz,,35.00,true,,,active
devonta-freeman-signed-atlanta-salute-to-service-football-jersey-beckett,,,,,,,,,,,,,,,,,,,,,,,,,,,,,,,,https://cdn.shopify.com/s/files/1/0642/7842/9930/files/freeman-falcons-salute-to-service-autographed-stitched-football-jersey-signature.jpg?v=1756763552,2,"",,,,,,,,,,,,,,,
devonta-freeman-signed-atlanta-salute-to-service-football-jersey-beckett,,,,,,,,,,,,,,,,,,,,,,,,,,,,,,,,https://cdn.shopify.com/s/files/1/0642/7842/9930/files/freeman-falcons-salute-to-service-autographed-stitched-football-jersey-front.jpg?v=1756763552,3,"",,,,,,,,,,,,,,,
devonta-freeman-signed-atlanta-red-football-jersey-beckett,Devonta Freeman Signed Atlanta Red Football Jersey (Beckett),"<p>This custom stitched football jersey has been personally hand signed by Devonta  Freeman and authenticated by a top 3rd party authentication company. All autographed sports collectibles are limited! Order now to add this timeless piece of football memorabilia to your collection before it’s gone.</p><ul>
<li>Hand signed Football jersey autographed by Devonta Freeman and authenticated by Beckett</li>
<li>Includes a <em>Witnessed Protection Program</em> tamper-proof authentication sticker from Beckett</li>
<li>90-day Satisfaction Guarantee: if you are not completely satisfied with your piece of memorabilia, return the item in its original condition and receive a full refund</li>
</ul>",RSA,,Autographed Football Jerseys,"11-22-RSA, BFCM24, Falcons, FB, inhouse, jersey, Jerseys, New Arrival, Season, V",true,Title,Default Title,,,,,,,,RSA-10649,907.1989147615625,shopify,4,deny,manual,54.00,79.99,true,true,,,,,,https://cdn.shopify.com/s/files/1/0642/7842/9930/files/freeman-falcons-red-autographed-stitched-football-jersey-back.jpg?v=1756763552,1,"",false,,,,,,,,oz,,35.00,true,,,active
devonta-freeman-signed-atlanta-red-football-jersey-beckett,,,,,,,,,,,,,,,,,,,,,,,,,,,,,,,,https://cdn.shopify.com/s/files/1/0642/7842/9930/files/freeman-falcons-red-autographed-stitched-football-jersey-signature.jpg?v=1756763553,2,"",,,,,,,,,,,,,,,
devonta-freeman-signed-atlanta-red-football-jersey-beckett,,,,,,,,,,,,,,,,,,,,,,,,,,,,,,,,https://cdn.shopify.com/s/files/1/0642/7842/9930/files/freeman-falcons-red-autographed-stitched-football-jersey-front.jpg?v=1756763553,3,"",,,,,,,,,,,,,,,
devonta-freeman-signed-atlanta-black-football-jersey-beckett,Devonta Freeman Signed Atlanta Black Football Jersey (Beckett),"<p>This custom stitched football jersey has been personally hand signed by Devonta  Freeman and authenticated by a top 3rd party authentication company. All autographed sports collectibles are limited! Order now to add this timeless piece of football memorabilia to your collection before it’s gone.</p><ul>
<li>Hand signed Football jersey autographed by Devonta Freeman and authenticated by Beckett</li>
<li>Includes a <em>Witnessed Protection Program</em> tamper-proof authentication sticker from Beckett</li>
<li>90-day Satisfaction Guarantee: if you are not completely satisfied with your piece of memorabilia, return the item in its original condition and receive a full refund</li>
</ul>",RSA,,Autographed Football Jerseys,"11-22-RSA, BFCM24, Falcons, FB, inhouse, jersey, Jerseys, New Arrival, Season, V, year-end",true,Title,Default Title,,,,,,,,RSA-10651,907.1989147615625,shopify,19,deny,manual,54.00,79.99,true,true,,,,,,https://cdn.shopify.com/s/files/1/0642/7842/9930/files/freeman-falcons-black-autographed-stitched-football-jersey-back.jpg?v=1756763553,1,"",false,,,,,,,,oz,,35.00,true,,,active
devonta-freeman-signed-atlanta-black-football-jersey-beckett,,,,,,,,,,,,,,,,,,,,,,,,,,,,,,,,https://cdn.shopify.com/s/files/1/0642/7842/9930/files/freeman-falcons-black-autographed-stitched-football-jersey-signature.jpg?v=1756763553,2,"",,,,,,,,,,,,,,,
devonta-freeman-signed-atlanta-black-football-jersey-beckett,,,,,,,,,,,,,,,,,,,,,,,,,,,,,,,,https://cdn.shopify.com/s/files/1/0642/7842/9930/files/freeman-falcons-black-autographed-stitched-football-jersey-front.jpg?v=1756763553,3,"",,,,,,,,,,,,,,,
devin-hester-signed-chicago-orange-football-jersey-jsa,Devin Hester Signed Chicago Orange Football Jersey (JSA),"<ul>
<li>A professional style orange custom replica football jersey autographed by Devin Hester and authenticated by JSA</li>
<li>Includes a Certificate of Authenticity from JSA</li>
<li>Orders are generally shipped the same day if placed before 3pm and delivery only takes 3 to 5 days</li>
<li>
<strong>90-day Satisfaction Guarantee:</strong> if you are not completely satisfied with your piece of memorabilia, you have 90 days from when you receive it to return the item in its original condition and receive a full refund</li>
</ul>",RSA,,Autographed Football Jerseys,"11-27-RSA, 3X FBJ, 3xHIT, Bears, FB, inhouse, jersey, Jerseys, MYS_HOF, MYS_product, MYS_Professional, MYS_pulled, MYS_run2-1, New Arrival, Premium, Premium-FB, RSA, RSA-Mystery, RSA-products, Sold-Out, Warehouse, X",true,Title,Default Title,,,,,,,,RSA-04929,907.1989147615625,shopify,30,deny,manual,85.00,119.99,true,true,,,,,,https://cdn.shopify.com/s/files/1/0642/7842/9930/files/hester-bears-orange-autographed-stitched-football-jersey-back.jpg?v=1730458691,1,"",false,,,,,,,,oz,,55.00,true,,,active
devin-hester-signed-chicago-orange-football-jersey-jsa,,,,,,,,,,,,,,,,,,,,,,,,,,,,,,,,https://cdn.shopify.com/s/files/1/0642/7842/9930/files/hester-bears-orange-autographed-stitched-football-jersey-signature.jpg?v=1730458692,2,"",,,,,,,,,,,,,,,
devin-hester-signed-chicago-orange-football-jersey-jsa,,,,,,,,,,,,,,,,,,,,,,,,,,,,,,,,https://cdn.shopify.com/s/files/1/0642/7842/9930/files/hester-bears-orange-autographed-stitched-football-jersey-front.jpg?v=1730458694,3,"",,,,,,,,,,,,,,,
devin-hester-signed-chicago-blue-football-jersey-jsa,Devin Hester Signed Chicago Blue Football Jersey (JSA),"<ul>
<li>A professional style blue custom replica football jersey autographed by Devin Hester and authenticated by JSA</li>
<li>Includes a Certificate of Authenticity from JSA</li>
<li>Orders are generally shipped the same day if placed before 3pm and delivery only takes 3 to 5 days</li>
<li>
<strong>90-day Satisfaction Guarantee:</strong> if you are not completely satisfied with your piece of memorabilia, you have 90 days from when you receive it to return the item in its original condition and receive a full refund</li>
</ul>",RSA,,Autographed Football Jerseys,"11-27-RSA, 3xHIT, Bears, FB, inhouse, jersey, Jerseys, MYS_HOF, MYS_product, MYS_Professional, MYS_run2-1, New Arrival, Premium, Premium-FB, RSA, RSA-Mystery, RSA-products, Sold-Out, Warehouse, X",true,Title,Default Title,,,,,,,,RSA-04928,907.1989147615625,shopify,52,deny,manual,85.00,119.99,true,true,,,,,,https://cdn.shopify.com/s/files/1/0642/7842/9930/files/hester-bears-blue-autographed-stitched-football-jersey-back.jpg?v=1730458677,1,"",false,,,,,,,,oz,,55.00,true,,,active
devin-hester-signed-chicago-blue-football-jersey-jsa,,,,,,,,,,,,,,,,,,,,,,,,,,,,,,,,https://cdn.shopify.com/s/files/1/0642/7842/9930/files/hester-bears-blue-autographed-stitched-football-jersey-signature.jpg?v=1730458679,2,"",,,,,,,,,,,,,,,
devin-hester-signed-chicago-blue-football-jersey-jsa,,,,,,,,,,,,,,,,,,,,,,,,,,,,,,,,https://cdn.shopify.com/s/files/1/0642/7842/9930/files/hester-bears-blue-autographed-stitched-football-jersey-front.jpg?v=1730458681,3,"",,,,,,,,,,,,,,,
neil-smith-signed-kansas-city-yellow-football-jersey-jsa,Neil Smith Signed Kansas City Yellow Football Jersey (JSA),"<ul>
<li>A professional style yellow custom replica football jersey autographed by Neil Smith and authenticated by JSA</li>
<li>Includes a Certificate of Authenticity from JSA</li>
<li>Orders are generally shipped the same day if placed before 3pm and delivery only takes 3 to 5 days</li>
<li>
<strong>90-day Satisfaction Guarantee:</strong> if you are not completely satisfied with your piece of memorabilia, you have 90 days from when you receive it to return the item in its original condition and receive a full refund</li>
</ul>",RSA,,Autographed Football Jerseys,"11-25-RSA, BFCM24, chiefs, FB, inhouse, jersey, Jerseys, missing-photos, New Arrival, RSA-products, SBLVIII, Season, V",true,Title,Default Title,,,,,,,,RSA-06389,907.1989147615625,shopify,7,deny,manual,44.00,64.99,true,true,,,,,,https://cdn.shopify.com/s/files/1/0642/7842/9930/files/smith-broncos-gold-autographed-stitched-football-jersey-back.jpg?v=1756763555,1,"",false,,,,,,,,oz,,25.00,true,,,active
neil-smith-signed-kansas-city-yellow-football-jersey-jsa,,,,,,,,,,,,,,,,,,,,,,,,,,,,,,,,https://cdn.shopify.com/s/files/1/0642/7842/9930/files/smith-broncos-gold-autographed-stitched-football-jersey-signature.jpg?v=1756763555,2,"",,,,,,,,,,,,,,,
neil-smith-signed-kansas-city-yellow-football-jersey-jsa,,,,,,,,,,,,,,,,,,,,,,,,,,,,,,,,https://cdn.shopify.com/s/files/1/0642/7842/9930/files/smith-broncos-gold-autographed-stitched-football-jersey-front.jpg?v=1756763555,3,"",,,,,,,,,,,,,,,
neil-smith-signed-kansas-city-white-football-jersey-jsa,Neil Smith Signed Kansas City White Football Jersey (JSA),"<ul>
<li>A professional style white custom replica football jersey autographed by Neil Smith and authenticated by JSA</li>
<li>Includes a Certificate of Authenticity from JSA</li>
<li>Orders are generally shipped the same day if placed before 3pm and delivery only takes 3 to 5 days</li>
<li>
<strong>90-day Satisfaction Guarantee:</strong> if you are not completely satisfied with your piece of memorabilia, you have 90 days from when you receive it to return the item in its original condition and receive a full refund</li>
</ul>",RSA,,Autographed Football Jerseys,"11-25-RSA, BFCM24, chiefs, FB, In-Stock, inhouse, jersey, Jerseys, missing-photos, New Arrival, RSA-products, Season, V, year-end",true,Title,Default Title,,,,,,,,RSA-06390,907.1989147615625,shopify,2,deny,manual,44.00,64.99,true,true,,,,,,https://cdn.shopify.com/s/files/1/0642/7842/9930/files/smith-broncos-white-autographed-stitched-football-jersey-back.jpg?v=1756763556,1,"",false,,,,,,,,oz,,25.00,true,,,active
neil-smith-signed-kansas-city-white-football-jersey-jsa,,,,,,,,,,,,,,,,,,,,,,,,,,,,,,,,https://cdn.shopify.com/s/files/1/0642/7842/9930/files/smith-broncos-white-autographed-stitched-football-jersey-signature.jpg?v=1756763556,2,"",,,,,,,,,,,,,,,
neil-smith-signed-kansas-city-white-football-jersey-jsa,,,,,,,,,,,,,,,,,,,,,,,,,,,,,,,,https://cdn.shopify.com/s/files/1/0642/7842/9930/files/smith-broncos-white-autographed-stitched-football-jersey-front.jpg?v=1756763556,3,"",,,,,,,,,,,,,,,
neil-smith-signed-kansas-city-pro-edition-red-football-jersey-jsa,Neil Smith Signed Kansas City Pro Edition Red Football Jersey (JSA),"<p>A professional-style football jersey autographed by Neil Smith and authenticated by JSA.</p>
 <p>This autographed piece of memorabilia comes with an official <em>Witnessed Protection Program </em>Certificate of Authenticity from James Spence Authentication LLC that guarantees the authenticity of the autograph.</p>
 <p>You can read more about all the qualified companies that we use to ensure the authenticity of all our autographs and their different types of certifications on our <strong><em>Authentication Services and Certificates </em></strong>page.</p>
 <p>All orders begin processing and fulfillment immediately upon payment approval and are guaranteed to ship from our warehouse within 24-48 hours.</p>
 <p>The typical delivery time ranges from 3-7 business days in the Continental U.S. from our warehouse in Nashville, TN. For deliveries to HI, AK, and U.S. Territories, please allow for 7-14 business days. If you have any questions about our shipping policies, visit our <strong><em>Frequently Asked Questions</em></strong> page.</p>
 <p>We back our products with a <strong><em>90-day Satisfaction Guarantee</em></strong>: if you are not completely satisfied with your piece of memorabilia, you have 90 days from the recorded delivery date to return the item and receive a full refund.</p>",RSA,,Autographed Football Jerseys,"BFCM24, Categorized, chiefs, FB, GoogleClearance, In-Stock, inhouse, jersey, Jerseys, MYS_Professional, RSA-products, Season, V, Warehouse, year-end",true,Title,Default Title,,,,,,,,RSA-01349,850.48569375,shopify,81,deny,manual,44.00,64.99,true,true,,,,,,https://cdn.shopify.com/s/files/1/0642/7842/9930/files/smith-chiefs-red-1.png?v=1756763556,1,"",false,,,,,,,,oz,,25.00,true,,,active
neil-smith-signed-kansas-city-pro-edition-red-football-jersey-jsa,,,,,,,,,,,,,,,,,,,,,,,,,,,,,,,,https://cdn.shopify.com/s/files/1/0642/7842/9930/files/smith-chiefs-red-2.png?v=1756763556,2,"",,,,,,,,,,,,,,,
neil-smith-signed-kansas-city-pro-edition-red-football-jersey-jsa,,,,,,,,,,,,,,,,,,,,,,,,,,,,,,,,https://cdn.shopify.com/s/files/1/0642/7842/9930/files/smith-chiefs-red-3.png?v=1756763556,3,"",,,,,,,,,,,,,,,
neil-smith-signed-kansas-city-pro-edition-red-football-jersey-jsa,,,,,,,,,,,,,,,,,,,,,,,,,,,,,,,,https://cdn.shopify.com/s/files/1/0642/7842/9930/files/z_jsa-coa-sample_e6b4a569-6611-4636-866c-238422547adc.png?v=1756763557,4,"",,,,,,,,,,,,,,,
neil-smith-signed-kansas-city-black-football-jersey-jsa,Neil Smith Signed Kansas City Black Football Jersey (JSA),"<ul>
<li>A professional style red custom replica football jersey autographed by Neil Smith and authenticated by JSA</li>
<li>Includes a Certificate of Authenticity from JSA</li>
<li>Orders are generally shipped the same day if placed before 3pm and delivery only takes 3 to 5 days</li>
<li>
<strong>90-day Satisfaction Guarantee:</strong> if you are not completely satisfied with your piece of memorabilia, you have 90 days from when you receive it to return the item in its original condition and receive a full refund</li>
</ul>",RSA,,Autographed Football Jerseys,"11-25-RSA, BFCM24, chiefs, FB, In-Stock, inhouse, jersey, Jerseys, missing-photos, New Arrival, RSA-products, SBLVIII, Season, V",true,Title,Default Title,,,,,,,,RSA-06391,907.1989147615625,shopify,5,deny,manual,44.00,64.99,true,true,,,,,,https://cdn.shopify.com/s/files/1/0642/7842/9930/files/smith-broncos-black-autographed-stitched-football-jersey-back.jpg?v=1756763557,1,"",false,,,,,,,,oz,,25.00,true,,,active
neil-smith-signed-kansas-city-black-football-jersey-jsa,,,,,,,,,,,,,,,,,,,,,,,,,,,,,,,,https://cdn.shopify.com/s/files/1/0642/7842/9930/files/smith-broncos-black-autographed-stitched-football-jersey-signature.jpg?v=1756763557,2,"",,,,,,,,,,,,,,,
neil-smith-signed-kansas-city-black-football-jersey-jsa,,,,,,,,,,,,,,,,,,,,,,,,,,,,,,,,https://cdn.shopify.com/s/files/1/0642/7842/9930/files/smith-broncos-black-autographed-stitched-football-jersey-front.jpg?v=1756763557,3,"",,,,,,,,,,,,,,,
natrone-means-signed-pro-edition-navy-football-jersey-jsa,Natrone Means Signed Pro-Edition Navy Football Jersey (JSA),"<ul>
<li>A professional style XL stitched football jersey autographed by Natrone Meansand authenticated by JSA</li>
<li>Includes a Certificate of Authenticity from JSA</li>
<li>Orders are generally shipped the same day if placed before 3pm and delivery only takes 3 to 5 days</li>
<li>90-day Satisfaction Guarantee: if you are not completely satisfied with your piece of memorabilia, you have 90 days from when you receive it to return the item in its original condition and receive a full refund</li>
</ul>",RSA,,Autographed Football Jerseys,"BFCM24, Categorized, FB, GoogleClearance, In-Stock, inhouse, jersey, Jerseys, MYS_Professional, RSA-products, V, Warehouse",true,Title,Default Title,,,,,,,,RSA-01828,450.7659225444375,shopify,42,deny,manual,40.00,59.99,true,true,,,,,,https://cdn.shopify.com/s/files/1/0642/7842/9930/files/means-chargers-blue-autographed-stitched-football-jersey-back.jpg?v=1730364273,1,"",false,,,,,,,,oz,,23.00,true,,,active
natrone-means-signed-pro-edition-navy-football-jersey-jsa,,,,,,,,,,,,,,,,,,,,,,,,,,,,,,,,https://cdn.shopify.com/s/files/1/0642/7842/9930/files/means-chargers-blue-autographed-stitched-football-jersey-signature.jpg?v=1730364275,2,"",,,,,,,,,,,,,,,
natrone-means-signed-pro-edition-navy-football-jersey-jsa,,,,,,,,,,,,,,,,,,,,,,,,,,,,,,,,https://cdn.shopify.com/s/files/1/0642/7842/9930/files/means-chargers-blue-autographed-stitched-football-jersey-front.jpg?v=1730364278,3,"",,,,,,,,,,,,,,,
natrone-means-signed-los-angeles-light-blue-football-jersey-jsa,Natrone Means Signed Los Angeles Light Blue Football Jersey (JSA),"<ul>
<li>A professional style light blue custom replica football jersey autographed by Natrone Means and authenticated by JSA</li>
<li>Includes a Certificate of Authenticity from JSA</li>
<li>Orders are generally shipped the same day if placed before 3pm and delivery only takes 3 to 5 days</li>
<li>
<strong>90-day Satisfaction Guarantee:</strong> if you are not completely satisfied with your piece of memorabilia, you have 90 days from when you receive it to return the item in its original condition and receive a full refund</li>
</ul>",RSA,,Autographed Football Jerseys,"11-27-RSA, BFCM24, Chargers, FB, GoogleClearance, inhouse, jersey, Jerseys, MYS_product, MYS_Professional, MYS_run1-1, New Arrival, RSA, RSA-Mystery, RSA-products, V, Warehouse",true,Title,Default Title,,,,,,,,RSA-04933,907.1989147615625,shopify,7,deny,manual,40.00,59.99,true,true,,,,,,https://cdn.shopify.com/s/files/1/0642/7842/9930/files/means-chargers-light-blue-autographed-stitched-football-jersey-back.jpg?v=1756763560,1,"",false,,,,,,,,oz,,23.00,true,,,active
natrone-means-signed-los-angeles-light-blue-football-jersey-jsa,,,,,,,,,,,,,,,,,,,,,,,,,,,,,,,,https://cdn.shopify.com/s/files/1/0642/7842/9930/files/means-chargers-light-blue-autographed-stitched-football-jersey-signature.jpg?v=1756763561,2,"",,,,,,,,,,,,,,,
natrone-means-signed-los-angeles-light-blue-football-jersey-jsa,,,,,,,,,,,,,,,,,,,,,,,,,,,,,,,,https://cdn.shopify.com/s/files/1/0642/7842/9930/files/means-chargers-light-blue-autographed-stitched-football-jersey-front.jpg?v=1756763561,3,"",,,,,,,,,,,,,,,
nakobe-dean-signed-philadelphia-green-football-jersey-jsa,Nakobe Dean Signed Philadelphia Green Football Jersey (JSA),"<ul>
<li>A professional style green custom replica football jersey autographed by <p>Nakobe Dean and authenticated by JSA
</p>
</li>
    <li>Includes a <em>Certificate of Authenticity</em> from JSA</li>
<li>Orders are generally shipped the same day if placed before 3pm and delivery only takes 3 to 5 days</li>
<li>
<strong>90-day Satisfaction Guarantee:</strong> if you are not completely satisfied with your piece of memorabilia, you have 90 days from when you receive it to return the item in its original condition and receive a full refund</li>
</ul>",RSA,,Autographed Football Jerseys,"23playoff, 3X FBJ, BFCM24, conference, current, eagles, FB, inhouse, jersey, Jerseys, MYS_Professional, rsa-check, RSA-products, SB25, Season, Sold-Out, Warehouse, X, year-end",true,Title,Default Title,,,,,,,,RSA-06072,907.1989147615625,shopify,28,deny,manual,48.00,69.99,true,true,,,,,,https://cdn.shopify.com/s/files/1/0642/7842/9930/files/dean-eagles-green-autographed-stitched-football-jersey-back.jpg?v=1756763561,1,"",false,,,,,,,,oz,,30.00,true,,,active
nakobe-dean-signed-philadelphia-green-football-jersey-jsa,,,,,,,,,,,,,,,,,,,,,,,,,,,,,,,,https://cdn.shopify.com/s/files/1/0642/7842/9930/files/dean-eagles-green-autographed-stitched-football-jersey-signature.jpg?v=1756763562,2,"",,,,,,,,,,,,,,,
nakobe-dean-signed-philadelphia-green-football-jersey-jsa,,,,,,,,,,,,,,,,,,,,,,,,,,,,,,,,https://cdn.shopify.com/s/files/1/0642/7842/9930/files/dean-eagles-green-autographed-stitched-football-jersey-front.jpg?v=1756763562,3,"",,,,,,,,,,,,,,,
najee-harris-signed-pittsburgh-white-football-jersey-jsa,Najee Harris Signed Pittsburgh White Football Jersey (JSA),"<p>This custom stitched football jersey has been personally hand signed by Najee Harris and authenticated by a top 3rd party authentication company. All autographed sports collectibles are limited! Order now to add this timeless piece of football memorabilia to your collection before it’s gone.</p><ul>
<li> Custom football jersey autographed by Najee Harris and authenticated by JSA</li>
<li>Includes a tamper-proof authentication sticker from JSA</li>
<li>
<strong>90-day Satisfaction Guarantee:</strong> if you are not completely satisfied with your piece of memorabilia, return the item in its original condition and receive a full refund</li>
</ul>",RSA,,Autographed Football Jerseys,"04-22-RSA, BFCM24, FB, inhouse, jersey, Jerseys, playoff25, Season, Steelers, V",true,Title,Default Title,,,,,,,,RSA-08906,453.6008748569375,shopify,13,deny,manual,55.00,69.99,true,true,,,,,,https://cdn.shopify.com/s/files/1/0642/7842/9930/files/harris-steelers-white-autographed-stitched-football-jersey-back.jpg?v=1756763563,1,"",false,,,,,,,,oz,,45.00,true,,,active
najee-harris-signed-pittsburgh-white-football-jersey-jsa,,,,,,,,,,,,,,,,,,,,,,,,,,,,,,,,https://cdn.shopify.com/s/files/1/0642/7842/9930/files/harris-steelers-white-autographed-stitched-football-jersey-signature.jpg?v=1756763563,2,"",,,,,,,,,,,,,,,
najee-harris-signed-pittsburgh-white-football-jersey-jsa,,,,,,,,,,,,,,,,,,,,,,,,,,,,,,,,https://cdn.shopify.com/s/files/1/0642/7842/9930/files/harris-steelers-white-autographed-stitched-football-jersey-front.jpg?v=1756763563,3,"",,,,,,,,,,,,,,,
najee-harris-signed-pittsburgh-color-rush-football-jersey-jsa,Najee Harris Signed Pittsburgh Color Rush Football Jersey (JSA),"<p>This custom stitched football jersey has been personally hand signed by Najee Harris and authenticated by a top 3rd party authentication company. All autographed sports collectibles are limited! Order now to add this timeless piece of football memorabilia to your collection before it’s gone.</p><ul>
<li> Custom football jersey autographed by Najee Harris and authenticated by JSA</li>
<li>Includes a tamper-proof authentication sticker from JSA</li>
<li>
<strong>90-day Satisfaction Guarantee:</strong> if you are not completely satisfied with your piece of memorabilia, return the item in its original condition and receive a full refund</li>
</ul>",RSA,,Autographed Football Jerseys,"04-22-RSA, BFCM24, FB, inhouse, jersey, Jerseys, Steelers, V",true,Title,Default Title,,,,,,,,RSA-08907,453.6008748569375,shopify,10,deny,manual,55.00,69.99,true,true,,,,,,https://cdn.shopify.com/s/files/1/0642/7842/9930/files/harris-steelers-color-rush-autographed-stitched-football-jersey-back.jpg?v=1756763564,1,"",false,,,,,,,,oz,,45.00,true,,,active
najee-harris-signed-pittsburgh-color-rush-football-jersey-jsa,,,,,,,,,,,,,,,,,,,,,,,,,,,,,,,,https://cdn.shopify.com/s/files/1/0642/7842/9930/files/harris-steelers-color-rush-autographed-stitched-football-jersey-front.jpg?v=1756763564,2,"",,,,,,,,,,,,,,,
najee-harris-signed-pittsburgh-black-football-jersey-jsa,Najee Harris Signed Pittsburgh Black Football Jersey (JSA),"<p>This custom stitched football jersey has been personally hand signed by Najee Harris and authenticated by a top 3rd party authentication company. All autographed sports collectibles are limited! Order now to add this timeless piece of football memorabilia to your collection before it’s gone.</p><ul>
<li> Custom football jersey autographed by Najee Harris and authenticated by JSA</li>
<li>Includes a tamper-proof authentication sticker from JSA</li>
<li>
<strong>90-day Satisfaction Guarantee:</strong> if you are not completely satisfied with your piece of memorabilia, return the item in its original condition and receive a full refund</li>
</ul>",RSA,,Autographed Football Jerseys,"01-25-RSA, Best-Seller, FB, In-Stock, inhouse, jersey, Jerseys, playoff25, Season, Steelers, V, year-end",true,Title,Default Title,,,,,,,,RSA-08327,907.1989147615625,shopify,82,deny,manual,55.00,69.99,true,true,,,,,,https://cdn.shopify.com/s/files/1/0642/7842/9930/files/harris-steelers-black-autographed-stitched-football-jersey-back.jpg?v=1756763564,1,"",false,,,,,,,,oz,,45.00,true,,,active
najee-harris-signed-pittsburgh-black-football-jersey-jsa,,,,,,,,,,,,,,,,,,,,,,,,,,,,,,,,https://cdn.shopify.com/s/files/1/0642/7842/9930/files/harris-steelers-black-autographed-stitched-football-jersey-signature.jpg?v=1756763564,2,"",,,,,,,,,,,,,,,
najee-harris-signed-pittsburgh-black-football-jersey-jsa,,,,,,,,,,,,,,,,,,,,,,,,,,,,,,,,https://cdn.shopify.com/s/files/1/0642/7842/9930/files/harris-steelers-black-autographed-stitched-football-jersey-front_f07ac279-8417-442a-beec-f7ec53b73b91.jpg?v=1756763565,3,"",,,,,,,,,,,,,,,
mohamed-sanu-sr-pro-style-autographed-black-football-jersey-jsa,Mohamed Sanu Sr Pro Style Autographed Black Football Jersey (JSA),"Mohamed Sanu Sr Pro Style Autographed Black Football Jersey (JSA)<br><meta charset=""utf-8"">",RSA,,Autographed Football Jerseys,"BFCM24, Categorized, Falcons, FB, inhouse, jersey, Jerseys, MYS_Professional, NFL, RSA-products, Season, Sold-Out, Warehouse, X, year-end",true,Title,Default Title,,,,,,,,RSA-00899,907.003303052,shopify,27,deny,manual,42.00,59.99,true,true,,,,,,https://cdn.shopify.com/s/files/1/0642/7842/9930/files/sanu-falcons-blk-1.png?v=1756763565,1,"",false,,,,,,,,lb,,25.00,true,,,active
mohamed-sanu-sr-pro-style-autographed-black-football-jersey-jsa,,,,,,,,,,,,,,,,,,,,,,,,,,,,,,,,https://cdn.shopify.com/s/files/1/0642/7842/9930/files/sanu-falcons-blk-2.png?v=1756763565,2,"",,,,,,,,,,,,,,,
mohamed-sanu-sr-pro-style-autographed-black-football-jersey-jsa,,,,,,,,,,,,,,,,,,,,,,,,,,,,,,,,https://cdn.shopify.com/s/files/1/0642/7842/9930/files/sanu-falcons-blk-3.png?v=1756763565,3,"",,,,,,,,,,,,,,,
mohamed-sanu-sr-pro-style-autographed-black-football-jersey-jsa,,,,,,,,,,,,,,,,,,,,,,,,,,,,,,,,https://cdn.shopify.com/s/files/1/0642/7842/9930/files/jsa-coa-sample_c1c4458a-ea3f-4a39-9aab-b882d3872961.png?v=1756763565,4,"",,,,,,,,,,,,,,,
mohamed-sanu-sr-atlanta-red-autographed-football-jersey-jsa,Mohamed Sanu Sr Atlanta Red Autographed Football Jersey (JSA),"Mohamed Sanu Sr Red Pro Style Autographed Football Jersey (JSA)<br><meta charset=""utf-8"">",RSA,,Autographed Football Jerseys,"BFCM24, Categorized, Falcons, FB, inhouse, Jersey, Jerseys, MYS_Professional, NFL, RSA-products, Season, Sold-Out, Warehouse, X, year-end",true,Title,Default Title,,,,,,,,RSA-00149,907.003303052,shopify,22,deny,manual,42.00,59.99,true,true,,,,,,https://cdn.shopify.com/s/files/1/0642/7842/9930/files/sanu-falcons-red-1.png?v=1756763566,1,"",false,,,,,,,,lb,,25.00,true,,,active
mohamed-sanu-sr-atlanta-red-autographed-football-jersey-jsa,,,,,,,,,,,,,,,,,,,,,,,,,,,,,,,,https://cdn.shopify.com/s/files/1/0642/7842/9930/files/sanu-falcons-red-2.png?v=1756763566,2,"",,,,,,,,,,,,,,,
mohamed-sanu-sr-atlanta-red-autographed-football-jersey-jsa,,,,,,,,,,,,,,,,,,,,,,,,,,,,,,,,https://cdn.shopify.com/s/files/1/0642/7842/9930/files/sanu-falcons-red-3.png?v=1756763566,3,"",,,,,,,,,,,,,,,
mohamed-sanu-sr-atlanta-red-autographed-football-jersey-jsa,,,,,,,,,,,,,,,,,,,,,,,,,,,,,,,,https://cdn.shopify.com/s/files/1/0642/7842/9930/files/jsa-coa-sample_7e0b3760-0a04-4a60-85c2-22c46775e037.png?v=1756763566,4,"",,,,,,,,,,,,,,,
anthony-richardson-signed-florida-college-blue-football-jersey-jsa,Anthony Richardson Signed Florida College Blue Football Jersey (JSA),"<p>Fans of Anthony Richardson can show off their loyalty and feel closer to the action with a replica signed Florida jersey. His dynamic 2022 season is still talked about among Gators fans, and his stock is on the rise at the NFL level. Whether you started following Anthony at the college or pro level, our Florida Blue Anthony Richardson Signed Jersey is a lasting keepsake to elevate gameday.</p>
<p>This custom-stitched football jersey has been personally hand-signed by Anthony Richardson and authenticated by James Spence Authentication, a top third-party authentication company. It comes in a distinct Florida Gator home blue color with matching orange and white trim plus Richardson's nameplate and number 15. You'll find Richardson's signature inside the ""1,"" and the Certificate of Authenticity is our promise that you're receiving genuine memorabilia.</p>
<p>As the leader in signed football jerseys, RSA offers the best prices and a money-back guarantee. Now is the perfect time to snag an Anthony Richardson autographed Florida Gators jersey for your collection or as a gift. Remember all autographed sports collectibles are limited! Order now to add this timeless piece of football memorabilia to your collection before it's gone.</p>
<p><strong>Autographed Anthony Richardson Florida Jersey Features:</strong></p>
<ul>
<li>A hand-signed Florida blue custom replica football jersey autographed by Anthony Richardson and authenticated by JSA.</li>
<li>Includes a Certificate of Authenticity and a tamper-proof authentication sticker from JSA.</li>
<li>Orders are generally shipped on the same day if placed before 3 p.m. ET and delivery only takes three to five days.</li>
<li>
<strong>90-day Satisfaction Guarantee:</strong> If you are not completely satisfied with your memorabilia, you have 90 days from when you receive it to return the item in its original condition and receive a full refund.</li>
</ul>",RSA,,Autographed Football Jerseys,"10-18-RSA, BFCM24, FB, inhouse, jersey, Jerseys, New Arrival, Season, V, year-end",true,Title,Default Title,,,,,,,,RSA-10532,907.1989147615625,shopify,45,deny,manual,90.00,119.99,true,true,,,,,,https://cdn.shopify.com/s/files/1/0642/7842/9930/files/richardson-gators-blue-autographed-stitched-football-jersey-back.jpg?v=1756763567,1,"",false,,,,,,,,oz,,80.00,true,,,active
anthony-richardson-signed-florida-college-blue-football-jersey-jsa,,,,,,,,,,,,,,,,,,,,,,,,,,,,,,,,https://cdn.shopify.com/s/files/1/0642/7842/9930/files/richardson-gators-blue-autographed-stitched-football-jersey-signature.jpg?v=1756763567,2,"",,,,,,,,,,,,,,,
anthony-richardson-signed-florida-college-blue-football-jersey-jsa,,,,,,,,,,,,,,,,,,,,,,,,,,,,,,,,https://cdn.shopify.com/s/files/1/0642/7842/9930/files/richardson-gators-blue-autographed-stitched-football-jersey-front.jpg?v=1756763567,3,"",,,,,,,,,,,,,,,
andre-rison-signed-bad-moon-inscription-atlanta-white-football-jersey-beckett,Andre Rison Signed Bad Moon Inscription Atlanta White Football Jersey (Beckett),"<p>This custom stitched football jersey has been personally hand signed by Andre Rison and authenticated by a top 3rd party authentication company. All autographed sports collectibles are limited! Order now to add this timeless piece of football memorabilia to your collection before it’s gone.</p><ul>
<li>Hand signed Football jersey autographed by Andre Rison with Bad Moon inscription and authenticated by Beckett</li>
<li>Includes a <em>Witnessed Protection Program</em> tamper-proof authentication sticker from Beckett</li>
<li>90-day Satisfaction Guarantee: if you are not completely satisfied with your piece of memorabilia, return the item in its original condition and receive a full refund</li>
</ul>",RSA,,Autographed Football Jerseys,"10-18-RSA, BFCM24, Falcons, FB, inhouse, jersey, Jerseys, New Arrival, Season, V, year-end",true,Title,Default Title,,,,,,,,RSA-10486,907.1989147615625,shopify,32,deny,manual,45.00,64.99,true,true,,,,,,https://cdn.shopify.com/s/files/1/0642/7842/9930/files/rison-falcons-bad-moon-white-autographed-stitched-football-jersey-back_9e3f5f62-e874-4d5c-8a14-51db9e0c084c.jpg?v=1756763568,1,"",false,,,,,,,,oz,,26.00,true,,,active
andre-rison-signed-bad-moon-inscription-atlanta-white-football-jersey-beckett,,,,,,,,,,,,,,,,,,,,,,,,,,,,,,,,https://cdn.shopify.com/s/files/1/0642/7842/9930/files/rison-falcons-bad-moon-white-autographed-stitched-football-jersey-signature_202505a2-0959-428f-b4ef-28299ec3a085.jpg?v=1756763568,2,"",,,,,,,,,,,,,,,
andre-rison-signed-bad-moon-inscription-atlanta-white-football-jersey-beckett,,,,,,,,,,,,,,,,,,,,,,,,,,,,,,,,https://cdn.shopify.com/s/files/1/0642/7842/9930/files/rison-falcons-bad-moon-white-autographed-stitched-football-jersey-front_15db6254-0b20-44e2-8bdc-9cc04be32929.jpg?v=1756763568,3,"",,,,,,,,,,,,,,,
andre-rison-signed-bad-moon-inscription-atlanta-red-football-jersey-beckett,Andre Rison Signed Bad Moon Inscription Atlanta Red Football Jersey (Beckett),"<p>This custom stitched football jersey has been personally hand signed by Andre Rison and authenticated by a top 3rd party authentication company. All autographed sports collectibles are limited! Order now to add this timeless piece of football memorabilia to your collection before it’s gone.</p><ul>
<li>Hand signed Football jersey autographed by Andre Rison with Bad Moon inscription and authenticated by Beckett</li>
<li>Includes a <em>Witnessed Protection Program</em> tamper-proof authentication sticker from Beckett</li>
<li>90-day Satisfaction Guarantee: if you are not completely satisfied with your piece of memorabilia, return the item in its original condition and receive a full refund</li>
</ul>",RSA,,Autographed Football Jerseys,"10-18-RSA, BFCM24, Falcons, FB, inhouse, jersey, Jerseys, New Arrival, Season, V, year-end",true,Title,Default Title,,,,,,,,RSA-10485,907.1989147615625,shopify,61,deny,manual,45.00,64.99,true,true,,,,,,https://cdn.shopify.com/s/files/1/0642/7842/9930/files/rison-falcons-bad-moon-red-autographed-stitched-football-jersey-back.jpg?v=1756763569,1,"",false,,,,,,,,oz,,26.00,true,,,active
andre-rison-signed-bad-moon-inscription-atlanta-red-football-jersey-beckett,,,,,,,,,,,,,,,,,,,,,,,,,,,,,,,,https://cdn.shopify.com/s/files/1/0642/7842/9930/files/rison-falcons-bad-moon-red-autographed-stitched-football-jersey-signature.jpg?v=1756763569,2,"",,,,,,,,,,,,,,,
andre-rison-signed-bad-moon-inscription-atlanta-red-football-jersey-beckett,,,,,,,,,,,,,,,,,,,,,,,,,,,,,,,,https://cdn.shopify.com/s/files/1/0642/7842/9930/files/rison-falcons-bad-moon-red-autographed-stitched-football-jersey-front.jpg?v=1756763569,3,"",,,,,,,,,,,,,,,
anthony-richardson-signed-college-college-orange-football-jersey-jsa,Anthony Richardson Signed Florida College Orange Football Jersey (JSA),"<p>This custom stitched football jersey has been personally hand signed by Anthony Richardson and authenticated by a top 3rd party authentication company. All autographed sports collectibles are limited! Order now to add this timeless piece of football memorabilia to your collection before it’s gone.</p><ul>
<li>Hand signed Football jersey autographed by Anthony Richardson and authenticated by JSA</li>
<li>Includes a tamper-proof authentication sticker from JSA</li>
<li>90-day Satisfaction Guarantee: if you are not completely satisfied with your piece of memorabilia, return the item in its original condition and receive a full refund</li>
</ul>",RSA,,Autographed Football Jerseys,"10-31-RSA, BFCM24, FB, inhouse, jersey, Jerseys, New Arrival, Season, V, year-end",true,Title,Default Title,,,,,,,,RSA-10471,907.1989147615625,shopify,71,deny,manual,90.00,119.99,true,true,,,,,,https://cdn.shopify.com/s/files/1/0642/7842/9930/files/richardson-gators-orange-autographed-stitched-football-jersey-back.jpg?v=1756763569,1,"",false,,,,,,,,oz,,80.00,true,,,active
anthony-richardson-signed-college-college-orange-football-jersey-jsa,,,,,,,,,,,,,,,,,,,,,,,,,,,,,,,,https://cdn.shopify.com/s/files/1/0642/7842/9930/files/richardson-gators-orange-autographed-stitched-football-jersey-signature.jpg?v=1756763569,2,"",,,,,,,,,,,,,,,
anthony-richardson-signed-college-college-orange-football-jersey-jsa,,,,,,,,,,,,,,,,,,,,,,,,,,,,,,,,https://cdn.shopify.com/s/files/1/0642/7842/9930/files/richardson-gators-orange-autographed-stitched-football-jersey-front.jpg?v=1756763569,3,"",,,,,,,,,,,,,,,
andre-rison-signed-bad-moon-inscription-atlanta-black-football-jersey-beckett,Andre Rison Signed Bad Moon Inscription Atlanta Black Football Jersey (Beckett),"<p>This custom stitched football jersey has been personally hand signed by Andre Rison and authenticated by a top 3rd party authentication company. All autographed sports collectibles are limited! Order now to add this timeless piece of football memorabilia to your collection before it’s gone.</p><ul>
<li>Hand signed Football jersey autographed by Andre Rison with Bad Moon inscription and authenticated by Beckett</li>
<li>Includes a <em>Witnessed Protection Program</em> tamper-proof authentication sticker from Beckett</li>
<li>90-day Satisfaction Guarantee: if you are not completely satisfied with your piece of memorabilia, return the item in its original condition and receive a full refund</li>
</ul>",RSA,,Autographed Football Jerseys,"10-18-RSA, BFCM24, Falcons, FB, inhouse, jersey, Jerseys, New Arrival, Season, V, year-end",true,Title,Default Title,,,,,,,,RSA-10469,907.1989147615625,shopify,63,deny,manual,45.00,64.99,true,true,,,,,,https://cdn.shopify.com/s/files/1/0642/7842/9930/files/rison-falcons-bad-moon-black-autographed-stitched-football-jersey-back.jpg?v=1756763570,1,"",false,,,,,,,,oz,,26.00,true,,,active
andre-rison-signed-bad-moon-inscription-atlanta-black-football-jersey-beckett,,,,,,,,,,,,,,,,,,,,,,,,,,,,,,,,https://cdn.shopify.com/s/files/1/0642/7842/9930/files/rison-falcons-bad-moon-black-autographed-stitched-football-jersey-signature.jpg?v=1756763570,2,"",,,,,,,,,,,,,,,
andre-rison-signed-bad-moon-inscription-atlanta-black-football-jersey-beckett,,,,,,,,,,,,,,,,,,,,,,,,,,,,,,,,https://cdn.shopify.com/s/files/1/0642/7842/9930/files/rison-falcons-bad-moon-black-autographed-stitched-football-jersey-front.jpg?v=1756763570,3,"",,,,,,,,,,,,,,,
earl-campbell-signed-texas-college-orange-football-jersey-jsa,Earl Campbell Signed Texas College Orange Football Jersey (JSA),"<ul>
<li>A collegiate style orange custom replica football jersey autographed by Earl Campbell and authenticated by JSA</li>
<li>Includes a Certificate of Authenticity from JSA</li>
<li>Orders are generally shipped the same day if placed before 3pm and delivery only takes 3 to 5 days</li>
<li>
<strong>90-day Satisfaction Guarantee:</strong> if you are not completely satisfied with your piece of memorabilia, you have 90 days from when you receive it to return the item in its original condition and receive a full refund</li>
</ul>",RSA,,Autographed Football Jerseys,"Categorized, FB, inhouse, jersey, Jerseys, MYS_College, rsa-check, RSA-products, Sold-Out, Warehouse, X",true,Title,Default Title,,,,,,,,RSA-03834,907.1989147615625,shopify,7,deny,manual,60.00,79.99,true,true,,,,,,https://cdn.shopify.com/s/files/1/0642/7842/9930/files/campbell-longhorns-orange-autographed-stitched-football-jersey-back.jpg?v=1756763571,1,"",false,,,,,,,,oz,,40.00,true,,,active
earl-campbell-signed-texas-college-orange-football-jersey-jsa,,,,,,,,,,,,,,,,,,,,,,,,,,,,,,,,https://cdn.shopify.com/s/files/1/0642/7842/9930/files/campbell-longhorns-orange-autographed-stitched-football-jersey-signature.jpg?v=1756763571,2,"",,,,,,,,,,,,,,,
earl-campbell-signed-texas-college-orange-football-jersey-jsa,,,,,,,,,,,,,,,,,,,,,,,,,,,,,,,,https://cdn.shopify.com/s/files/1/0642/7842/9930/files/campbell-longhorns-orange-autographed-stitched-football-jersey-front.jpg?v=1756763571,3,"",,,,,,,,,,,,,,,
earl-campbell-autographed-pro-style-football-jersey-powder-blue-jsa,Earl Campbell Signed Houston Football Jersey Powder Blue (JSA),<p>Earl Campbell Autographed Pro Style Football Jersey Powder Blue (JSA)</p>,RSA,,Autographed Football Jerseys,"BFCM24, Categorized, FB, In-Stock, inhouse, jersey, Jerseys, MYS_HOF, MYS_product, MYS_Professional, MYS_pulled, MYS_run1-2, MYS_run2-2, NFL, RSA, RSA-Mystery, RSA-products, SE, V, Warehouse",true,Title,Default Title,,,,,,,,RSA-00253,907.18474,shopify,145,deny,manual,60.00,79.99,true,true,,,,,,https://cdn.shopify.com/s/files/1/0642/7842/9930/files/campbell-oilers-blu-1.png?v=1756763572,1,"",false,,,,,,,,lb,,40.00,true,,,active
earl-campbell-autographed-pro-style-football-jersey-powder-blue-jsa,,,,,,,,,,,,,,,,,,,,,,,,,,,,,,,,https://cdn.shopify.com/s/files/1/0642/7842/9930/files/campbell-oilers-blu-2.png?v=1756763573,2,"",,,,,,,,,,,,,,,
earl-campbell-autographed-pro-style-football-jersey-powder-blue-jsa,,,,,,,,,,,,,,,,,,,,,,,,,,,,,,,,https://cdn.shopify.com/s/files/1/0642/7842/9930/files/campbell-oilers-blu-3.png?v=1756763573,3,"",,,,,,,,,,,,,,,
drew-pearson-signed-pro-edition-white-jersey-jsa,Drew Pearson Signed Pro-Edition White Jersey (JSA),"<ul>
<li>A professional-style XL stitched football jersey autographed by Drew Pearsonand authenticated by JSA</li>
<li>Includes a<em></em>Certificate of Authenticity from JSA</li>
<li>Orders are generally shipped the same day if placed before 3pm and delivery only takes 3 to 5 days</li>
<li>90-day Satisfaction Guarantee: if you are not completely satisfied with your piece of memorabilia, you have 90 days from when you receive it to return the item in its original condition and receive a full refund</li>
</ul>",RSA,,Autographed Football Jerseys,"3X FBJ, BFCM24, Categorized, FB, In-Stock, inhouse, jersey, Jerseys, MYS_HOF, MYS_Professional, NFL, RSA-products, V, Warehouse",true,Title,Default Title,,,,,,,,RSA-01832,907.003303052,shopify,24,deny,manual,44.00,64.99,true,true,,,,,,https://cdn.shopify.com/s/files/1/0642/7842/9930/files/pearson-cowboys-white-autographed-stitched-football-jersey-back.jpg?v=1756763575,1,"",false,,,,,,,,lb,,25.00,true,,,active
drew-pearson-signed-pro-edition-white-jersey-jsa,,,,,,,,,,,,,,,,,,,,,,,,,,,,,,,,https://cdn.shopify.com/s/files/1/0642/7842/9930/files/pearson-cowboys-white-autographed-stitched-football-jersey-signature.jpg?v=1756763575,2,"",,,,,,,,,,,,,,,
drew-pearson-signed-pro-edition-white-jersey-jsa,,,,,,,,,,,,,,,,,,,,,,,,,,,,,,,,https://cdn.shopify.com/s/files/1/0642/7842/9930/files/pearson-cowboys-white-autographed-stitched-football-jersey-front.jpg?v=1756763575,3,"",,,,,,,,,,,,,,,
drew-pearson-signed-hof-21-inscription-dallas-white-football-jersey-jsa,Drew Pearson Signed HOF 21 Inscription Dallas White Football Jersey (JSA),"<ul>
<li>A professional style white custom replica football jersey autographed by Drew Pearson with HOF 21 inscription and authenticated by JSA</li>
<li>Includes a Certificate of Authenticity from JSA</li>
<li>Orders are generally shipped the same day if placed before 3pm and delivery only takes 3 to 5 days</li>
<li>
<strong>90-day Satisfaction Guarantee:</strong> if you are not completely satisfied with your piece of memorabilia, you have 90 days from when you receive it to return the item in its original condition and receive a full refund</li>
</ul>",RSA,,Autographed Football Jerseys,"Categorized, cowboys, FB, inhouse, jersey, Jerseys, MYS_HOF, MYS_Professional, RSA-products, Sold-Out, Warehouse, X",true,Title,Default Title,,,,,,,,RSA-04166,907.1989147615625,shopify,85,deny,manual,50.00,79.99,true,true,,,,,,https://cdn.shopify.com/s/files/1/0642/7842/9930/files/pearson-cowboys-hof-21-white-autographed-stitched-football-jersey-back.jpg?v=1728442971,1,"",false,,,,,,,,oz,,30.00,true,,,active
drew-pearson-signed-hof-21-inscription-dallas-white-football-jersey-jsa,,,,,,,,,,,,,,,,,,,,,,,,,,,,,,,,https://cdn.shopify.com/s/files/1/0642/7842/9930/files/pearson-cowboys-hof-21-white-autographed-stitched-football-jersey-signature.jpg?v=1728442973,2,"",,,,,,,,,,,,,,,
drew-pearson-signed-hof-21-inscription-dallas-white-football-jersey-jsa,,,,,,,,,,,,,,,,,,,,,,,,,,,,,,,,https://cdn.shopify.com/s/files/1/0642/7842/9930/files/pearson-cowboys-hof-21-white-autographed-stitched-football-jersey-front.jpg?v=1728442975,3,"",,,,,,,,,,,,,,,
drew-pearson-signed-hof-21-inscription-dallas-thanksgiving-football-jersey-jsa,Drew Pearson Signed HOF 21 Inscription Dallas Thanksgiving Football Jersey (Beckett),"<ul>
<li>A professional style thanksgiving custom replica football jersey autographed by Drew Pearson with HOF 21 inscription and authenticated by Beckett</li>
<li>Includes a Certificate of Authenticity from Beckett</li>
<li>Orders are generally shipped the same day if placed before 3pm and delivery only takes 3 to 5 days</li>
<li>
<strong>90-day Satisfaction Guarantee:</strong> if you are not completely satisfied with your piece of memorabilia, you have 90 days from when you receive it to return the item in its original condition and receive a full refund</li>
</ul>",RSA,,Autographed Football Jerseys,"Categorized, cowboys, FB, inhouse, jersey, Jerseys, MYS_HOF, MYS_Professional, RSA-products, Season, Sold-Out, Warehouse, X",true,Title,Default Title,,,,,,,,RSA-04167,907.1989147615625,shopify,22,deny,manual,50.00,79.99,true,true,,,,,,https://cdn.shopify.com/s/files/1/0642/7842/9930/files/pearson-cowboys-hof-21-thanksgiving-autographed-stitched-football-jersey-back.jpg?v=1756763576,1,"",false,,,,,,,,oz,,30.00,true,,,active
drew-pearson-signed-hof-21-inscription-dallas-thanksgiving-football-jersey-jsa,,,,,,,,,,,,,,,,,,,,,,,,,,,,,,,,https://cdn.shopify.com/s/files/1/0642/7842/9930/files/pearson-cowboys-hof-21-thanksgiving-autographed-stitched-football-jersey-signature.jpg?v=1756763576,2,"",,,,,,,,,,,,,,,
drew-pearson-signed-hof-21-inscription-dallas-thanksgiving-football-jersey-jsa,,,,,,,,,,,,,,,,,,,,,,,,,,,,,,,,https://cdn.shopify.com/s/files/1/0642/7842/9930/files/pearson-cowboys-hof-21-thanksgiving-autographed-stitched-football-jersey-front.jpg?v=1756763576,3,"",,,,,,,,,,,,,,,
doug-flutie-signed-maroon-college-edition-football-jersey-heisman-84-inscription-jsa,Doug Flutie Signed Maroon College Edition Football Jersey Heisman 84 Inscription (JSA),"<p>A professional-style football jersey autographed byMinkah Fitzpatrickand authenticated by JSA.</p>
<p>This autographed piece of memorabilia comes with a<em></em>Certificate of Authenticity from James Spence Authentication LLC that guarantees the authenticity of the autograph.</p>
<p>You can read more about all the qualified companies that we use to ensure the authenticity of all our autographs and their different types of certifications on our <strong><em>Authentication Services and Certificates </em></strong>page.</p>
<p>All orders begin processing and fulfillment immediately upon payment approval and are guaranteed to ship from our warehouse within 24-48 hours.</p>
<p>The typical delivery time ranges from 3-7 business days in the Continental U.S. from our warehouse in Nashville, TN. For deliveries to HI, AK, and U.S. Territories, please allow for 7-14 business days. If you have any questions about our shipping policies, visit our <strong><em>Frequently Asked Questions</em></strong> page.</p>
<p>We back our products with a <strong><em>90-day Satisfaction Guarantee</em></strong>: if you are not completely satisfied with your piece of memorabilia, you have 90 days from the recorded delivery date to return the item and receive a full refund.</p>",RSA,,Autographed Football Jerseys,"Categorized, FB, HD, inhouse, jersey, Jerseys, MYS_College, NFL, RSA-products, Sold-Out, Warehouse, X",true,Title,Default Title,,,,,,,,RSA-01982,451.001223586375,shopify,36,deny,manual,83.00,119.99,true,true,,,,,,https://cdn.shopify.com/s/files/1/0642/7842/9930/files/flutie-eagles-heisman-84-maroon-autographed-stitched-football-jersey-back.jpg?v=1756763577,1,"",false,,,,,,,,oz,,60.00,true,,,active
doug-flutie-signed-maroon-college-edition-football-jersey-heisman-84-inscription-jsa,,,,,,,,,,,,,,,,,,,,,,,,,,,,,,,,https://cdn.shopify.com/s/files/1/0642/7842/9930/files/flutie-eagles-heisman-84-maroon-autographed-stitched-football-jersey-signature.jpg?v=1756763577,2,"",,,,,,,,,,,,,,,
doug-flutie-signed-maroon-college-edition-football-jersey-heisman-84-inscription-jsa,,,,,,,,,,,,,,,,,,,,,,,,,,,,,,,,https://cdn.shopify.com/s/files/1/0642/7842/9930/files/flutie-eagles-heisman-84-maroon-autographed-stitched-football-jersey-front.jpg?v=1756763577,3,"",,,,,,,,,,,,,,,
donovan-mcnabb-signed-pro-edition-green-football-jersey-jsa,Donovan McNabb Signed Pro-Edition Green Football Jersey (Beckett),"<ul>
<li>A professional-style XL stitched football jersey autographed byLeSean McCoy and authenticated by BECKETT</li>
<li>Includes a Certificate of Authenticity from BECKETT</li>
<li>Orders are generally shipped the same day if placed before 3pm and delivery only takes 3 to 5 days</li>
<li>90-day Satisfaction Guarantee: if you are not completely satisfied with your piece of memorabilia, you have 90 days from when you receive it to return the item in its original condition and receive a full refund</li>
</ul>",RSA,,Autographed Football Jerseys,"Categorized, eagles, FB, inhouse, jersey, Jerseys, MYS_Professional, RSA-products, Sold-Out, Warehouse, X",true,Title,Default Title,,,,,,,,RSA-01749,450.7659225444375,shopify,14,deny,manual,80.00,119.99,true,true,,,,,,https://cdn.shopify.com/s/files/1/0642/7842/9930/files/mcnabb-eagles-green-autographed-stitched-football-jersey-back.jpg?v=1756763578,1,"",false,,,,,,,,oz,,60.00,true,,,active
donovan-mcnabb-signed-pro-edition-green-football-jersey-jsa,,,,,,,,,,,,,,,,,,,,,,,,,,,,,,,,https://cdn.shopify.com/s/files/1/0642/7842/9930/files/mcnabb-eagles-green-autographed-stitched-football-jersey-signature.jpg?v=1756763578,2,"",,,,,,,,,,,,,,,
donovan-mcnabb-signed-pro-edition-green-football-jersey-jsa,,,,,,,,,,,,,,,,,,,,,,,,,,,,,,,,https://cdn.shopify.com/s/files/1/0642/7842/9930/files/mcnabb-eagles-green-autographed-stitched-football-jersey-front.jpg?v=1756763578,3,"",,,,,,,,,,,,,,,
donovan-mcnabb-signed-pro-edition-white-jersey-jsa,Donovan McNabb Signed Pro Edition White Jersey (Beckett),"<p>A professional-style football jersey autographed by Donovan McNabb and authenticated by BECKETT .</p>
<p>This autographed piece of memorabilia comes with an official<em> </em>Certificate of Authenticity from BECKETT Collectibles LLC that guarantees the authenticity of the autograph.</p>
<p>You can read more about all the qualified companies that we use to ensure the authenticity of all our autographs and their different types of certifications on our <strong><em>Authentication Services and Certificates </em></strong>page.</p>
<p>All orders begin processing and fulfillment immediately upon payment approval and are guaranteed to ship from our warehouse within 24-48 hours.</p>
<p>The typical delivery time ranges from 3-7 business days in the Continental U.S. from our warehouse in Nashville, TN. For deliveries to HI, AK, and U.S. Territories, please allow for 7-14 business days. If you have any questions about our shipping policies, visit our <strong><em>Frequently Asked Questions</em></strong> page.</p>
<p>We back our products with a <strong><em>90-day Satisfaction Guarantee</em></strong>: if you are not completely satisfied with your piece of memorabilia, you have 90 days from the recorded delivery date to return the item and receive a full refund.</p>",RSA,,Autographed Football Jerseys,"Categorized, FB, inhouse, jersey, Jerseys, MYS_Professional, RSA-products, Sold-Out, Warehouse, X",true,Title,Default Title,,,,,,,,RSA-01089,907.003303052,shopify,13,deny,manual,80.00,119.99,true,true,,,,,,https://cdn.shopify.com/s/files/1/0642/7842/9930/files/mcnabb-eagles-wht-1.png?v=1756763579,1,"",false,,,,,,,,lb,,60.00,true,,,active
donovan-mcnabb-signed-pro-edition-white-jersey-jsa,,,,,,,,,,,,,,,,,,,,,,,,,,,,,,,,https://cdn.shopify.com/s/files/1/0642/7842/9930/files/mcnabb-eagles-wht-2.png?v=1756763579,2,"",,,,,,,,,,,,,,,
donovan-mcnabb-signed-pro-edition-white-jersey-jsa,,,,,,,,,,,,,,,,,,,,,,,,,,,,,,,,https://cdn.shopify.com/s/files/1/0642/7842/9930/files/mcnabb-eagles-wht-3.png?v=1756763579,3,"",,,,,,,,,,,,,,,
donovan-mcnabb-autographed-pro-style-black-football-jersey-jsa,Donovan McNabb Autographed Pro Style Black Football Jersey (Beckett ),<p>Donovan McNabb Autographed Pro Style Black Football Jersey (BECKETT)</p>,RSA,,Autographed Football Jerseys,"Categorized, FB, inhouse, Jersey, Jerseys, MYS_Professional, NFL, RSA-products, Sold-Out, Warehouse, X",true,Title,Default Title,,,,,,,,RSA-00902,907.003303052,shopify,4,deny,manual,80.00,119.99,true,true,,,,,,https://cdn.shopify.com/s/files/1/0642/7842/9930/files/mcnabb-eagles-blk-1.png?v=1756763579,1,"",false,,,,,,,,lb,,60.00,true,,,active
donovan-mcnabb-autographed-pro-style-black-football-jersey-jsa,,,,,,,,,,,,,,,,,,,,,,,,,,,,,,,,https://cdn.shopify.com/s/files/1/0642/7842/9930/files/mcnabb-eagles-blk-2.png?v=1756763579,2,"",,,,,,,,,,,,,,,
donovan-mcnabb-autographed-pro-style-black-football-jersey-jsa,,,,,,,,,,,,,,,,,,,,,,,,,,,,,,,,https://cdn.shopify.com/s/files/1/0642/7842/9930/files/mcnabb-eagles-blk-3.png?v=1756763579,3,"",,,,,,,,,,,,,,,
donovan-mcnabb-autographed-pro-style-black-football-jersey-jsa,,,,,,,,,,,,,,,,,,,,,,,,,,,,,,,,https://cdn.shopify.com/s/files/1/0642/7842/9930/files/jsa-coa-sample_7e7e83b9-fd85-412b-b4d4-518da37dca23.png?v=1756763579,4,"",,,,,,,,,,,,,,,
dick-butkus-signed-pro-edition-blue-football-jersey-hof-79-inscription-jsa,Dick Butkus Signed Pro-Edition Navy Football Jersey HOF 79 Inscription (JSA),"<ul>
<li>A professional-style XL stitched football jersey autographed by DickButkusand authenticated by JSA</li>
<li>Includes a<em> Witness Protection Program </em>Certificate of Authenticity from JSA</li>
<li>Orders are generally shipped the same day if placed before 3pm and delivery only takes 3 to 5 days</li>
<li>90-day Satisfaction Guarantee: if you are not completely satisfied with your piece of memorabilia, you have 90 days from when you receive it to return the item in its original condition and receive a full refund</li>
</ul>",RSA,,Autographed Football Jerseys,"3X FBJ, 3xHIT, BFCM24, Categorized, Darkside, feature, inhouse, jersey, Jerseys, MYS_HOF, MYS_Professional, MYS_pulled, Premium, Premium-FB, RSA, RSA-Mystery, RSA-products, Sold-Out, Warehouse, X",true,Title,Default Title,,,,,,,,RSA-02111,907.18474,shopify,23,deny,manual,105.00,149.99,true,true,,,,,,https://cdn.shopify.com/s/files/1/0642/7842/9930/files/butkus-bears-hof-79-blue-autographed-stitched-football-jersey-back.jpg?v=1756763580,1,"",false,,,,,,,,lb,,70.00,true,,,active
dick-butkus-signed-pro-edition-blue-football-jersey-hof-79-inscription-jsa,,,,,,,,,,,,,,,,,,,,,,,,,,,,,,,,https://cdn.shopify.com/s/files/1/0642/7842/9930/files/butkus-bears-hof-79-blue-autographed-stitched-football-jersey-signature.jpg?v=1756763580,2,"",,,,,,,,,,,,,,,
dick-butkus-signed-pro-edition-blue-football-jersey-hof-79-inscription-jsa,,,,,,,,,,,,,,,,,,,,,,,,,,,,,,,,https://cdn.shopify.com/s/files/1/0642/7842/9930/files/butkus-bears-hof-79-blue-autographed-stitched-football-jersey-front.jpg?v=1756763580,3,"",,,,,,,,,,,,,,,
dick-butkus-signed-chicago-white-football-jersey-jsa,Dick Butkus Signed Chicago White Football Jersey (JSA),"<p>This custom stitched football jersey has been personally hand signed by Dick Butkus and authenticated by a top 3rd party authentication company. All autographed sports collectibles are limited! Order now to add this timeless piece of football memorabilia to your collection before it’s gone.</p>
<ul>
<li>Hand signed Football jersey autographed by Dick Butkus and authenticated by Beckett</li>
<li>Includes a <em>Witnessed Protection Program</em> tamper-proof authentication sticker from Beckett</li>
<li>90-day Satisfaction Guarantee: if you are not completely satisfied with your piece of memorabilia, return the item in its original condition and receive a full refund</li>
</ul>",RSA,,Autographed Football Jerseys,"BFCM24, Categorized, FB, In-Stock, inhouse, jersey, Jerseys, MYS_HOF, MYS_Professional, NFL, RSA-products, Season, V, Warehouse",true,Title,Default Title,,,,,,,,RSA-00179,907.003303052,shopify,16,deny,manual,95.00,149.99,true,true,,,,,,https://cdn.shopify.com/s/files/1/0642/7842/9930/files/butkus-bears-wht-1.jpg?v=1756763581,1,"",false,,,,,,,,lb,,70.00,true,,,active
dick-butkus-signed-chicago-white-football-jersey-jsa,,,,,,,,,,,,,,,,,,,,,,,,,,,,,,,,https://cdn.shopify.com/s/files/1/0642/7842/9930/files/butkus-bears-wht-3.jpg?v=1756763581,2,"",,,,,,,,,,,,,,,
dick-butkus-signed-chicago-white-football-jersey-jsa,,,,,,,,,,,,,,,,,,,,,,,,,,,,,,,,https://cdn.shopify.com/s/files/1/0642/7842/9930/files/butkus-bears-wht-2.jpg?v=1756763581,3,"",,,,,,,,,,,,,,,
dick-butkus-signed-chicago-orange-football-jersey-jsa,Dick Butkus Signed Chicago Orange Football Jersey (JSA),"<p>This custom stitched football jersey has been personally hand signed by Dick Butkus and authenticated by a top 3rd party authentication company. All autographed sports collectibles are limited! Order now to add this timeless piece of football memorabilia to your collection before it’s gone.</p><ul>
<li>Hand signed Football jersey autographed by Dick Butkus and authenticated by JSA</li>
<li>Includes a <em>Witnessed Protection Program</em> tamper-proof authentication sticker from JSA</li>
<li>90-day Satisfaction Guarantee: if you are not completely satisfied with your piece of memorabilia, return the item in its original condition and receive a full refund</li>
</ul>",RSA,,Autographed Football Jerseys,"09-11-RSA, Bears, BFCM24, FB, inhouse, jersey, Jerseys, MYS_HOF, New Arrival, Season, V, year-end",true,Title,Default Title,,,,,,,,RSA-10078,907.1989147615625,shopify,18,deny,manual,95.00,149.99,true,true,,,,,,https://cdn.shopify.com/s/files/1/0642/7842/9930/files/butkus-bears-orange-autographed-stitched-football-jersey-back.jpg?v=1756763581,1,"",false,,,,,,,,oz,,70.00,true,,,active
dick-butkus-signed-chicago-orange-football-jersey-jsa,,,,,,,,,,,,,,,,,,,,,,,,,,,,,,,,https://cdn.shopify.com/s/files/1/0642/7842/9930/files/butkus-bears-orange-autographed-stitched-football-jersey-signature.jpg?v=1756763581,2,"",,,,,,,,,,,,,,,
dick-butkus-signed-chicago-orange-football-jersey-jsa,,,,,,,,,,,,,,,,,,,,,,,,,,,,,,,,https://cdn.shopify.com/s/files/1/0642/7842/9930/files/butkus-bears-orange-autographed-stitched-football-jersey-front.jpg?v=1756763581,3,"",,,,,,,,,,,,,,,
dick-butkus-autographed-pro-football-blue-jersey-beckett,Dick Butkus Autographed Pro Football Navy Jersey (Beckett),"<ul>
<li>Hand signed Dick Butkus custom pro replica football jersey with HOF 2018 inscription and authenticated by Beckett</li>
<li>Comes with tamper proof sticker authentication</li>
<li>Orders are generally shipped the same day if placed before 3pm and delivery only takes 3 to 5 days</li>
<li>
<strong>90-day Satisfaction Guarantee:</strong><span> </span>if you are not completely satisfied with your piece of memorabilia, you have 90 days from when you receive it to return the item in its original condition and receive a full refund</li>
</ul>",RSA,,Autographed Football Jerseys,"Bears, Best-Seller, BFCM24, Categorized, FB, In-Stock, inhouse, jersey, Jerseys, MYS_HOF, MYS_Professional, NFL, RSA-products, Season, V, Warehouse, year-end",true,Title,Default Title,,,,,,,,RSA-00003,907.003303052,shopify,36,deny,manual,95.00,149.99,true,true,,,,,,https://cdn.shopify.com/s/files/1/0642/7842/9930/files/dick-butkus-signed-jersey.png?v=1756763582,1,"",false,,,,,,,,lb,,70.00,true,,,active
dick-butkus-autographed-pro-football-blue-jersey-beckett,,,,,,,,,,,,,,,,,,,,,,,,,,,,,,,,https://cdn.shopify.com/s/files/1/0642/7842/9930/files/butkus-auto.png?v=1756763582,2,"",,,,,,,,,,,,,,,
dick-butkus-autographed-pro-football-blue-jersey-beckett,,,,,,,,,,,,,,,,,,,,,,,,,,,,,,,,https://cdn.shopify.com/s/files/1/0642/7842/9930/files/butkus-bears-blu-2.png?v=1756763582,3,"",,,,,,,,,,,,,,,
dick-butkus-autographed-pro-football-blue-jersey-beckett,,,,,,,,,,,,,,,,,,,,,,,,,,,,,,,,https://cdn.shopify.com/s/files/1/0642/7842/9930/files/BEACKETT-STICKER.png?v=1756763582,4,"",,,,,,,,,,,,,,,
dexter-williams-autographed-navy-blue-college-football-jersey-jsa,Dexter Williams Autographed Navy College Football Jersey (JSA),<p>Dexter Williams Autographed Navy Blue College Football Jersey (JSA)</p>,RSA,,Autographed Football Jerseys,"BFCM24, Categorized, current, duplicate, FB, inhouse, jersey, Jerseys, MYS_College, RSA-products, Season, Sold-Out, Warehouse, X",true,Title,Default Title,,,,,,,,RSA-00982,907.003303052,shopify,3,deny,manual,29.00,39.99,true,true,,,,,,https://cdn.shopify.com/s/files/1/0642/7842/9930/files/Williams-fightingIrish-blu-goirish-1.png?v=1756763583,1,"",false,,,,,,,,lb,,20.00,true,,,active
dexter-williams-autographed-navy-blue-college-football-jersey-jsa,,,,,,,,,,,,,,,,,,,,,,,,,,,,,,,,https://cdn.shopify.com/s/files/1/0642/7842/9930/files/williams-fightingIrish-blu-goirish-2.png?v=1756763583,2,"",,,,,,,,,,,,,,,
dexter-williams-autographed-navy-blue-college-football-jersey-jsa,,,,,,,,,,,,,,,,,,,,,,,,,,,,,,,,https://cdn.shopify.com/s/files/1/0642/7842/9930/files/williams-fightingirish-blu-goIrish-3.png?v=1756763583,3,"",,,,,,,,,,,,,,,
bo-nix-signed-denver-orange-football-jersey-beckett,Bo Nix Signed Denver Orange Football Jersey (Beckett),"<p>This custom stitched football jersey has been personally hand signed by Bo Nix and authenticated by a top 3rd party authentication company. All autographed sports collectibles are limited! Order now to add this timeless piece of football memorabilia to your collection before it’s gone.</p>
<ul>
<li>Hand signed Football jersey autographed by Bo Nix and authenticated by Beckett</li>
<li>Includes a <em>Witnessed Protection Program</em> tamper-proof authentication sticker from Beckett</li>
<li>90-day Satisfaction Guarantee: if you are not completely satisfied with your piece of memorabilia, return the item in its original condition and receive a full refund</li>
</ul>",RSA,,Autographed Football Jerseys,"08-26-RSA, Best-Seller, BFCM24, Broncos, current, Current Star, FB, inhouse, jersey, Jerseys, New Arrival, playoff25, Season, V",false,Title,Default Title,,,,,,,,RSA-10072,907.1989147615625,shopify,25,deny,manual,175.00,199.99,true,true,,,,,,https://cdn.shopify.com/s/files/1/0642/7842/9930/files/nix-broncos-orange-autographed-stitched-football-jersey-back_c3bf19b6-1484-4d5d-8119-d0c261569281.jpg?v=1761778869,1,"",false,,,,,,,,oz,,135.00,true,,,draft
bo-nix-signed-denver-orange-football-jersey-beckett,,,,,,,,,,,,,,,,,,,,,,,,,,,,,,,,https://cdn.shopify.com/s/files/1/0642/7842/9930/files/nix-broncos-orange-autographed-stitched-football-jersey-signature_f40ceded-ec3d-415d-ad62-696d94040284.jpg?v=1761778872,2,"",,,,,,,,,,,,,,,
bo-nix-signed-denver-orange-football-jersey-beckett,,,,,,,,,,,,,,,,,,,,,,,,,,,,,,,,https://cdn.shopify.com/s/files/1/0642/7842/9930/files/nix-broncos-orange-autographed-stitched-football-jersey-front_26cc4cbe-1379-4d27-8ac0-9398585290b8.jpg?v=1761778873,3,"",,,,,,,,,,,,,,,
billy-white-shoes-johnson-signed-houston-white-football-jersey-jsa,"Billy ""White Shoes"" Johnson Signed Houston White Football Jersey (JSA)","<p>This custom stitched football jersey has been personally hand signed by Billy ""White Shoes"" Johnson and authenticated by a top 3rd party authentication company. All autographed sports collectibles are limited! Order now to add this timeless piece of football memorabilia to your collection before it’s gone.</p><ul>
<li>Custom football jersey autographed by Billy ""White Shoes"" Johnson and authenticated by JSA</li>
<li>Includes a <em>Witnessed Protection Program</em> tamper-proof authentication sticker from JSA</li>
<li>
<strong>90-day Satisfaction Guarantee:</strong> if you are not completely satisfied with your piece of memorabilia, return the item in its original condition and receive a full refund</li>
</ul>",RSA,,Autographed Football Jerseys,"06-07-RSA, BFCM24, FB, GoogleClearance, inhouse, jersey, Jerseys, Season, Texans, Titans, V",true,Title,Default Title,,,,,,,,RSA-09447,907.1989147615625,shopify,93,deny,manual,40.00,59.99,true,true,,,,,,https://cdn.shopify.com/s/files/1/0642/7842/9930/files/johnson-oilers-white-autographed-stitched-football-jersey-back_1f878620-0865-4087-accc-525feeab435e.jpg?v=1756763584,1,"",false,,,,,,,,oz,,23.00,true,,,active
billy-white-shoes-johnson-signed-houston-white-football-jersey-jsa,,,,,,,,,,,,,,,,,,,,,,,,,,,,,,,,https://cdn.shopify.com/s/files/1/0642/7842/9930/files/johnson-oilers-white-autographed-stitched-football-jersey-signature_6ca24d97-515a-4652-8fe5-01b8c1d80ab8.jpg?v=1756763584,2,"",,,,,,,,,,,,,,,
billy-white-shoes-johnson-signed-houston-white-football-jersey-jsa,,,,,,,,,,,,,,,,,,,,,,,,,,,,,,,,https://cdn.shopify.com/s/files/1/0642/7842/9930/files/johnson-oilers-white-autographed-stitched-football-jersey-front_9d1f98a9-83a4-45b0-9616-873463fbe152.jpg?v=1756763584,3,"",,,,,,,,,,,,,,,
billy-white-shoes-johnson-signed-houston-light-blue-football-jersey-jsa,"Billy ""White Shoes"" Johnson Signed Houston Light Blue Football Jersey (JSA)","<p>This custom stitched football jersey has been personally hand signed by Billy ""White Shoes"" Johnson and authenticated by a top 3rd party authentication company. All autographed sports collectibles are limited! Order now to add this timeless piece of football memorabilia to your collection before it’s gone.</p><ul>
<li>Custom football jersey autographed by Billy ""White Shoes"" Johnson and authenticated by JSA</li>
<li>Includes a <em>Witnessed Protection Program</em> tamper-proof authentication sticker from JSA</li>
<li>
<strong>90-day Satisfaction Guarantee:</strong> if you are not completely satisfied with your piece of memorabilia, return the item in its original condition and receive a full refund</li>
</ul>",RSA,,Autographed Football Jerseys,"06-07-RSA, BFCM24, FB, GoogleClearance, inhouse, jersey, Jerseys, Season, Texans, Titans, V, year-end",true,Title,Default Title,,,,,,,,RSA-09446,907.1989147615625,shopify,27,deny,manual,40.00,59.99,true,true,,,,,,https://cdn.shopify.com/s/files/1/0642/7842/9930/files/johnson-oilers-light-blue-autographed-stitched-football-jersey-back_a91a093f-1175-4e35-984b-31d674c4ee1a.jpg?v=1756763585,1,"",false,,,,,,,,oz,,23.00,true,,,active
billy-white-shoes-johnson-signed-houston-light-blue-football-jersey-jsa,,,,,,,,,,,,,,,,,,,,,,,,,,,,,,,,https://cdn.shopify.com/s/files/1/0642/7842/9930/files/johnson-oilers-light-blue-autographed-stitched-football-jersey-signature_0de9963b-e58b-42ae-9bfa-968f25593508.jpg?v=1756763585,2,"",,,,,,,,,,,,,,,
billy-white-shoes-johnson-signed-houston-light-blue-football-jersey-jsa,,,,,,,,,,,,,,,,,,,,,,,,,,,,,,,,https://cdn.shopify.com/s/files/1/0642/7842/9930/files/johnson-oilers-light-blue-autographed-stitched-football-jersey-front_57831af9-d168-4b91-b626-8513ba600327.jpg?v=1756763585,3,"",,,,,,,,,,,,,,,
billy-white-shoes-johnson-signed-atlanta-red-football-jersey-jsa,"Billy ""White Shoes"" Johnson Signed Atlanta Red Football Jersey (JSA)","<p>This custom stitched football jersey has been personally hand signed by Billy ""White Shoes"" Johnson and authenticated by a top 3rd party authentication company. All autographed sports collectibles are limited! Order now to add this timeless piece of football memorabilia to your collection before it’s gone.</p><ul>
<li>Custom football jersey autographed by Billy ""White Shoes"" Johnson and authenticated by JSA</li>
<li>Includes a <em>Witnessed Protection Program</em> tamper-proof authentication sticker from JSA</li>
<li>
<strong>90-day Satisfaction Guarantee:</strong> if you are not completely satisfied with your piece of memorabilia, return the item in its original condition and receive a full refund</li>
</ul>",RSA,,Autographed Football Jerseys,"06-07-RSA, Falcons, FB, inhouse, jersey, Jerseys, V",true,Title,Default Title,,,,,,,,RSA-09448,907.1989147615625,shopify,22,deny,manual,40.00,59.99,true,true,,,,,,https://cdn.shopify.com/s/files/1/0642/7842/9930/files/johnson-falcons-red-autographed-stitched-football-jersey-back.jpg?v=1756763586,1,"",false,,,,,,,,oz,,23.00,true,,,active
billy-white-shoes-johnson-signed-atlanta-red-football-jersey-jsa,,,,,,,,,,,,,,,,,,,,,,,,,,,,,,,,https://cdn.shopify.com/s/files/1/0642/7842/9930/files/johnson-falcons-red-autographed-stitched-football-jersey-signature.jpg?v=1756763586,2,"",,,,,,,,,,,,,,,
billy-white-shoes-johnson-signed-atlanta-red-football-jersey-jsa,,,,,,,,,,,,,,,,,,,,,,,,,,,,,,,,https://cdn.shopify.com/s/files/1/0642/7842/9930/files/johnson-falcons-red-autographed-stitched-football-jersey-front.jpg?v=1756763586,3,"",,,,,,,,,,,,,,,
bill-bates-signed-3x-super-bowl-champs-inscribed-pro-style-football-jersey-white-jsa,Bill Bates Signed 3x Super Bowl Champs Inscribed Pro Style Football Jersey White (JSA),"<ul>
<li>A professional style white custom football jersey signed by Bill Bates Inscribed 3x Super Bowl Champs and authenticated by JSA</li>
<li>Includes a Certificate of Authenticity from JSA</li>
<li>Orders are generally shipped the same day if placed before 3pm and delivery only takes 3 to 5 days</li>
<li>
<strong>90-day Satisfaction Guarantee:</strong> if you are not completely satisfied with your piece of memorabilia, you have 90 days from when you receive it to return the item in its original condition and receive a full refund</li>
</ul>",RSA,,Autographed Football Jerseys,"Categorized, FB, In-Stock, inhouse, jersey, Jerseys, MYS_Professional, NFL, RSA-products, V, Warehouse",true,Title,Default Title,,,,,,,,RSA-00326,907.18474,shopify,79,deny,manual,42.00,59.99,true,true,,,,,,https://cdn.shopify.com/s/files/1/0642/7842/9930/files/bates-cowboys-3xSBC-wht-1.png?v=1756763586,1,"",false,,,,,,,,lb,,25.00,true,,,active
bill-bates-signed-3x-super-bowl-champs-inscribed-pro-style-football-jersey-white-jsa,,,,,,,,,,,,,,,,,,,,,,,,,,,,,,,,https://cdn.shopify.com/s/files/1/0642/7842/9930/files/bates-cowboys-3xSBC-wht-3.png?v=1756763586,2,"",,,,,,,,,,,,,,,
bill-bates-signed-3x-super-bowl-champs-inscribed-pro-style-football-jersey-white-jsa,,,,,,,,,,,,,,,,,,,,,,,,,,,,,,,,https://cdn.shopify.com/s/files/1/0642/7842/9930/files/bates-cowboys-3xSBC-wht-2.png?v=1756763587,3,"",,,,,,,,,,,,,,,
bernie-kosar-signed-pro-edition-brown-football-jersey-jsa,Bernie Kosar Signed Pro Edition Brown Football Jersey (JSA),"<p>A professional-style football jersey autographed by Bernie Kosar and authenticated by JSA.</p>
 <p>This autographed piece of memorabilia comes with an official <em>Witnessed Protection Program </em>Certificate of Authenticity from James Spence Authentication LLC that guarantees the authenticity of the autograph.</p>
 <p>You can read more about all the qualified companies that we use to ensure the authenticity of all our autographs and their different types of certifications on our <strong><em>Authentication Services and Certificates </em></strong>page.</p>
 <p>All orders begin processing and fulfillment immediately upon payment approval and are guaranteed to ship from our warehouse within 24-48 hours.</p>
 <p>The typical delivery time ranges from 3-7 business days in the Continental U.S. from our warehouse in Nashville, TN. For deliveries to HI, AK, and U.S. Territories, please allow for 7-14 business days. If you have any questions about our shipping policies, visit our <strong><em>Frequently Asked Questions</em></strong> page.</p>
 <p>We back our products with a <strong><em>90-day Satisfaction Guarantee</em></strong>: if you are not completely satisfied with your piece of memorabilia, you have 90 days from the recorded delivery date to return the item and receive a full refund.</p>",RSA,,Autographed Football Jerseys,"BFCM24, Categorized, FB, In-Stock, inhouse, jersey, Jerseys, MYS_product, MYS_Professional, MYS_run1-1, MYS_run2-2, Popular, RSA, RSA-Mystery, RSA-products, V, Warehouse",true,Title,Default Title,,,,,,,,RSA-01295,907.18474,shopify,26,deny,manual,50.00,69.99,true,true,,,,,,https://cdn.shopify.com/s/files/1/0642/7842/9930/files/kosar-browns-brn-1.png?v=1728403131,1,"",false,,,,,,,,lb,,,true,,,active
bernie-kosar-signed-pro-edition-brown-football-jersey-jsa,,,,,,,,,,,,,,,,,,,,,,,,,,,,,,,,https://cdn.shopify.com/s/files/1/0642/7842/9930/files/kosar-browns-brn-2.png?v=1728403132,2,"",,,,,,,,,,,,,,,
bernie-kosar-signed-pro-edition-brown-football-jersey-jsa,,,,,,,,,,,,,,,,,,,,,,,,,,,,,,,,https://cdn.shopify.com/s/files/1/0642/7842/9930/files/kosar-browns-brn-3.png?v=1728403134,3,"",,,,,,,,,,,,,,,
bernie-kosar-signed-cleveland-orange-football-jersey-jsa,Bernie Kosar Signed Cleveland Orange Football Jersey (JSA),"<ul>
<li>A professional style orange custom replica football jersey autographed by Bernie Kosar and authenticated by JSA</li>
<li>Includes a Certificate of Authenticity from JSA</li>
<li>Orders are generally shipped the same or next day and delivery only takes 3 to 5 days</li>
<li>
<strong>90-day Satisfaction Guarantee:</strong> if you are not completely satisfied with your piece of memorabilia, you have 90 days from when you receive it to return the item in its original condition and receive a full refund</li>
</ul>",RSA,,Autographed Football Jerseys,"browns, FB, inhouse, jersey, Jerseys, New Arrival, Sold-Out, X",true,Title,Default Title,,,,,,,,RSA-086902,907.1989147615625,shopify,13,deny,manual,50.00,69.99,true,true,,,,,,https://cdn.shopify.com/s/files/1/0642/7842/9930/files/kosar-browns-orange-autographed-stitched-football-jersey-back.jpg?v=1728403104,1,"",false,,,,,,,,oz,,,true,,,active
bernie-kosar-signed-cleveland-orange-football-jersey-jsa,,,,,,,,,,,,,,,,,,,,,,,,,,,,,,,,https://cdn.shopify.com/s/files/1/0642/7842/9930/files/kosar-browns-orange-autographed-stitched-football-jersey-signature.jpg?v=1728403106,2,"",,,,,,,,,,,,,,,
bernie-kosar-signed-cleveland-orange-football-jersey-jsa,,,,,,,,,,,,,,,,,,,,,,,,,,,,,,,,https://cdn.shopify.com/s/files/1/0642/7842/9930/files/kosar-browns-orange-autographed-stitched-football-jersey-front.jpg?v=1728403108,3,"",,,,,,,,,,,,,,,
baker-mayfield-signed-tampa-bay-red-football-jersey-beckett,Baker Mayfield Signed Tampa Bay Red Football Jersey (Beckett),"<p>This custom stitched football jersey has been personally hand signed by Baker Mayfield and authenticated by a top 3rd party authentication company. All autographed sports collectibles are limited! Order now to add this timeless piece of football memorabilia to your collection before it’s gone.</p>
<ul>
<li>Hand signed Football jersey autographed by Baker Mayfield and authenticated by Beckett</li>
<li>Includes a <em>Witnessed Protection Program</em> tamper-proof authentication sticker from Beckett</li>
<li>90-day Satisfaction Guarantee: if you are not completely satisfied with your piece of memorabilia, return the item in its original condition and receive a full refund</li>
</ul>",RSA,,Autographed Football Jerseys,"05-25-RSA, 06-06-RSA, Best-Seller, Buccaneers, FB, inhouse, jersey, Jerseys, New Arrival, playoff25, Season, Sold-Out, X, year-end",true,Title,Default Title,,,,,,,,RSA-07351,907.1989147615625,shopify,124,deny,manual,170.00,199.99,true,true,,,,,,https://cdn.shopify.com/s/files/1/0642/7842/9930/files/mayfield-buccaneers-autographed-stitched-football-jersey-back.jpg?v=1756763587,1,"",false,,,,,,,,oz,,125.00,true,,,active
baker-mayfield-signed-tampa-bay-red-football-jersey-beckett,,,,,,,,,,,,,,,,,,,,,,,,,,,,,,,,https://cdn.shopify.com/s/files/1/0642/7842/9930/files/mayfield-buccaneers-autographed-stitched-football-jersey-front-signature.jpg?v=1756763587,2,"",,,,,,,,,,,,,,,
baker-mayfield-signed-tampa-bay-red-football-jersey-beckett,,,,,,,,,,,,,,,,,,,,,,,,,,,,,,,,https://cdn.shopify.com/s/files/1/0642/7842/9930/files/mayfield-buccaneers-autographed-stitched-football-jersey-front.jpg?v=1756763587,3,"",,,,,,,,,,,,,,,
antonio-gates-signed-san-diego-white-football-jersey-beckett,Antonio Gates Signed San Diego White Football Jersey (Beckett),"<ul>
<li>A professional style white custom replica football jersey autographed by Antonio Gates and authenticated by Beckett</li>
<li>Includes a Certificate of Authenticity from Beckett</li>
<li>Orders are generally shipped the same day if placed before 3pm and delivery only takes 3 to 5 days</li>
<li>
<strong>90-day Satisfaction Guarantee:</strong> if you are not completely satisfied with your piece of memorabilia, you have 90 days from when you receive it to return the item in its original condition and receive a full refund</li>
</ul>",RSA,,Autographed Football Jerseys,"11-25, Chargers, FB, inhouse, jersey, Jerseys, MYS_Professional, New Arrival, RSA, RSA-products, SE, Sold-Out, Warehouse, X",true,Title,Default Title,,,,,,,,RSA-04664,907.1989147615625,shopify,2,deny,manual,65.00,99.99,true,true,,,,,,https://cdn.shopify.com/s/files/1/0642/7842/9930/files/gates-chargers-white-autographed-stitched-football-jersey-back.jpg?v=1756763588,1,"",false,,,,,,,,oz,,40.00,true,,,active
antonio-gates-signed-san-diego-white-football-jersey-beckett,,,,,,,,,,,,,,,,,,,,,,,,,,,,,,,,https://cdn.shopify.com/s/files/1/0642/7842/9930/files/gates-chargers-white-autographed-stitched-football-jersey-signature.jpg?v=1756763588,2,"",,,,,,,,,,,,,,,
antonio-gates-signed-san-diego-white-football-jersey-beckett,,,,,,,,,,,,,,,,,,,,,,,,,,,,,,,,https://cdn.shopify.com/s/files/1/0642/7842/9930/files/gates-chargers-white-autographed-stitched-football-jersey-front.jpg?v=1756763588,3,"",,,,,,,,,,,,,,,
antonio-brown-signed-pittsburgh-black-football-jersey-jsa,Antonio Brown Signed Pittsburgh Black Football Jersey (JSA),"<p>This custom stitched football jersey has been personally hand signed by Antonio Brown and authenticated by a top 3rd party authentication company. All autographed sports collectibles are limited! Order now to add this timeless piece of football memorabilia to your collection before it’s gone.</p><ul>
<li>Hand signed Football jersey autographed by Antonio Brown and authenticated by JSA</li>
<li>Includes a <em>Witnessed Protection Program</em> tamper-proof authentication sticker from JSA</li>
<li>90-day Satisfaction Guarantee: if you are not completely satisfied with your piece of memorabilia, return the item in its original condition and receive a full refund</li>
</ul>",RSA,,Autographed Football Jerseys,"08-26-RSA, BFCM24, FB, inhouse, jersey, Jerseys, New Arrival, Steelers, V",true,Title,Default Title,,,,,,,,RSA-09975,907.1989147615625,shopify,12,deny,manual,70.00,89.99,true,true,,,,,,https://cdn.shopify.com/s/files/1/0642/7842/9930/files/brown-steelers-black-autographed-stitched-football-jersey-back.jpg?v=1728400461,1,"",false,,,,,,,,oz,,55.00,true,,,active
antonio-brown-signed-pittsburgh-black-football-jersey-jsa,,,,,,,,,,,,,,,,,,,,,,,,,,,,,,,,https://cdn.shopify.com/s/files/1/0642/7842/9930/files/brown-steelers-black-autographed-stitched-football-jersey-signature.jpg?v=1728400463,2,"",,,,,,,,,,,,,,,
antonio-brown-signed-pittsburgh-black-football-jersey-jsa,,,,,,,,,,,,,,,,,,,,,,,,,,,,,,,,https://cdn.shopify.com/s/files/1/0642/7842/9930/files/brown-steelers-black-autographed-stitched-football-jersey-front.jpg?v=1728400465,3,"",,,,,,,,,,,,,,,
anthony-richardson-signed-indianapolis-royal-blue-football-jersey-jsa,Anthony Richardson Signed Indianapolis Blue Football Jersey (JSA),"<p>This custom stitched football jersey has been personally hand signed by Anthony Richardson and authenticated by a top 3rd party authentication company. All autographed sports collectibles are limited! Order now to add this timeless piece of football memorabilia to your collection before it’s gone.</p><ul>
<li>Hand signed Football jersey autographed by Anthony Richardson and authenticated by JSA</li>
<li>Includes a tamper-proof authentication sticker from JSA</li>
<li>90-day Satisfaction Guarantee: if you are not completely satisfied with your piece of memorabilia, return the item in its original condition and receive a full refund</li>
</ul>",RSA,,Autographed Football Jerseys,"10-18-RSA, BFCM24, Colts, current, Current Star, FB, inhouse, jersey, Jerseys, New Arrival, Season, V",true,Title,Default Title,,,,,,,,RSA-10405,907.1989147615625,shopify,128,deny,manual,90.00,119.99,true,true,,,,,,https://cdn.shopify.com/s/files/1/0642/7842/9930/files/richardson-colts-blue-autographed-stitched-football-jersey-back.jpg?v=1756763590,1,"",false,,,,,,,,oz,,80.00,true,,,active
anthony-richardson-signed-indianapolis-royal-blue-football-jersey-jsa,,,,,,,,,,,,,,,,,,,,,,,,,,,,,,,,https://cdn.shopify.com/s/files/1/0642/7842/9930/files/richardson-colts-blue-autographed-stitched-football-jersey-signature.jpg?v=1756763590,2,"",,,,,,,,,,,,,,,
anthony-richardson-signed-indianapolis-royal-blue-football-jersey-jsa,,,,,,,,,,,,,,,,,,,,,,,,,,,,,,,,https://cdn.shopify.com/s/files/1/0642/7842/9930/files/richardson-colts-blue-autographed-stitched-football-jersey-front.jpg?v=1756763590,3,"",,,,,,,,,,,,,,,
anthony-munoz-signed-cincinnati-white-football-jersey-beckett,Anthony Munoz Signed Cincinnati White Football Jersey (Beckett),"<p>This custom stitched football jersey has been personally hand signed by Anthony Munoz and authenticated by a top 3rd party authentication company. All autographed sports collectibles are limited! Order now to add this timeless piece of football memorabilia to your collection before it’s gone.</p><ul>
<li> Custom football jersey  autographed by Anthony Munoz and authenticated by Beckett</li>
<li>Includes a <em>Witnessed Protection Program</em> tamper-proof authentication sticker from Beckett</li>
<li>
<strong>90-day Satisfaction Guarantee:</strong> if you are not completely satisfied with your piece of memorabilia, return the item in its original condition and receive a full refund</li>
</ul>",RSA,,Autographed Football Jerseys,"03-19-RSA, bengals, FB, inhouse, jersey, Jerseys, Sold-Out, X",true,Title,Default Title,,,,,,,,RSA-08667,907.1989147615625,shopify,19,deny,manual,55.00,69.99,true,true,,,,,,https://cdn.shopify.com/s/files/1/0642/7842/9930/files/munoz-bengals-white-autographed-stitched-football-jersey-back.jpg?v=1728400046,1,"",false,,,,,,,,oz,,35.00,true,,,active
anthony-munoz-signed-cincinnati-white-football-jersey-beckett,,,,,,,,,,,,,,,,,,,,,,,,,,,,,,,,https://cdn.shopify.com/s/files/1/0642/7842/9930/files/munoz-bengals-white-autographed-stitched-football-jersey-signature.jpg?v=1728400048,2,"",,,,,,,,,,,,,,,
anthony-munoz-signed-cincinnati-white-football-jersey-beckett,,,,,,,,,,,,,,,,,,,,,,,,,,,,,,,,https://cdn.shopify.com/s/files/1/0642/7842/9930/files/munoz-bengals-white-autographed-stitched-football-jersey-front.jpg?v=1728400050,3,"",,,,,,,,,,,,,,,
anthony-munoz-signed-cincinatti-black-football-jersey-beckett,Anthony Munoz Signed Cincinnati Black Football Jersey (Beckett),"<ul>
<li>A professional style black custom replica football jersey autographed by Anthony Munoz and authenticated by Beckett</li>
<li>Includes a Certificate of Authenticity from Beckett</li>
<li>Orders are generally shipped the same day if placed before 3pm and delivery only takes 3 to 5 days</li>
<li>
<strong>90-day Satisfaction Guarantee:</strong> if you are not completely satisfied with your piece of memorabilia, you have 90 days from when you receive it to return the item in its original condition and receive a full refund</li>
</ul>",RSA,,Autographed Football Jerseys,"09-29-RSA, BFCM24, FB, inhouse, jersey, Jerseys, New Arrival, RSA-products, Sold-Out, Warehouse, X",true,Title,Default Title,,,,,,,,RSA-05884,907.1989147615625,shopify,27,deny,manual,55.00,69.99,true,true,,,,,,https://cdn.shopify.com/s/files/1/0642/7842/9930/files/munoz-bengals-black-autographed-stitched-football-jersey-back.jpg?v=1728400039,1,"",false,,,,,,,,oz,,35.00,true,,,active
anthony-munoz-signed-cincinatti-black-football-jersey-beckett,,,,,,,,,,,,,,,,,,,,,,,,,,,,,,,,https://cdn.shopify.com/s/files/1/0642/7842/9930/files/munoz-bengals-black-autographed-stitched-football-jersey-signature.jpg?v=1728400041,2,"",,,,,,,,,,,,,,,
anthony-munoz-signed-cincinatti-black-football-jersey-beckett,,,,,,,,,,,,,,,,,,,,,,,,,,,,,,,,https://cdn.shopify.com/s/files/1/0642/7842/9930/files/munoz-bengals-black-autographed-stitched-football-jersey-front.jpg?v=1728400042,3,"",,,,,,,,,,,,,,,
garrison-hearst-signed-san-francisco-red-football-jersey-jsa,Garrison Hearst Signed Go Niners! Inscription San Francisco Red Football Jersey (Beckett),"<p>This custom stitched football jersey has been personally hand signed by Garrison Hearst and authenticated by a top 3rd party authentication company. All autographed sports collectibles are limited! Order now to add this timeless piece of football memorabilia to your collection before it’s gone.</p>
<ul>
<li>Hand signed Football jersey autographed by Garrison Hearst with Go Niners! inscription and authenticated by Beckett</li>
<li>Includes a <em>Witnessed Protection Program</em> tamper-proof authentication sticker from Beckett</li>
<li>90-day Satisfaction Guarantee: if you are not completely satisfied with your piece of memorabilia, return the item in its original condition and receive a full refund</li>
</ul>",RSA,,Autographed Football Jerseys,"02-15-RSA, 11-25, 49ers, FB, inhouse, jersey, Jerseys, MYS_product, MYS_Professional, MYS_run1-1, MYS_run2-1, New Arrival, Photograph, RSA, RSA-products, Season, Sold-Out, Warehouse, X",true,Title,Default Title,,,,,,,,RSA-04781,907.1989147615625,shopify,51,deny,manual,50.00,69.99,true,true,,,,,,https://cdn.shopify.com/s/files/1/0642/7842/9930/files/hearst-49ers-go-niners-red-autographed-stitched-football-jersey-back.jpg?v=1761001262,1,"",false,,,,,,,,oz,,25.00,true,,,active
garrison-hearst-signed-san-francisco-red-football-jersey-jsa,,,,,,,,,,,,,,,,,,,,,,,,,,,,,,,,https://cdn.shopify.com/s/files/1/0642/7842/9930/files/hearst-49ers-go-niners-red-autographed-stitched-football-jersey-signature.jpg?v=1761001264,2,"",,,,,,,,,,,,,,,
garrison-hearst-signed-san-francisco-red-football-jersey-jsa,,,,,,,,,,,,,,,,,,,,,,,,,,,,,,,,https://cdn.shopify.com/s/files/1/0642/7842/9930/files/hearst-49ers-go-niners-red-autographed-stitched-football-jersey-front.jpg?v=1761001265,3,"",,,,,,,,,,,,,,,
freeman-mcneil-signed-new-york-green-football-jersey-jsa,Freeman McNeil Signed New York Green Football Jersey (JSA),"<ul>
<li>A professional style green custom replica football jersey autographed by Freeman McNeil and authenticated by JSA</li>
<li>Includes a Certificate of Authenticity from JSA</li>
<li>Orders are generally shipped the same day if placed before 3pm and delivery only takes 3 to 5 days</li>
<li>
<strong>90-day Satisfaction Guarantee:</strong> if you are not completely satisfied with your piece of memorabilia, you have 90 days from when you receive it to return the item in its original condition and receive a full refund</li>
</ul>",RSA,,Autographed Football Jerseys,"FB, inhouse, jersey, jerseys, Jets, MYS_product, MYS_Professional, MYS_run1-1, MYS_run2-1, New Arrival, RSA, RSA-products, Sold-Out, Warehouse, X",false,Title,Default Title,,,,,,,,RSA-05343,907.1989147615625,shopify,91,deny,manual,39.00,59.99,true,true,,,,,,https://cdn.shopify.com/s/files/1/0642/7842/9930/files/mcneil-jets-green-autographed-stitched-football-jersey-back.jpg?v=1726174531,1,"",false,,,,,,,,oz,,22.00,true,,,draft
freeman-mcneil-signed-new-york-green-football-jersey-jsa,,,,,,,,,,,,,,,,,,,,,,,,,,,,,,,,https://cdn.shopify.com/s/files/1/0642/7842/9930/files/mcneil-jets-green-autographed-stitched-football-jersey-signature.jpg?v=1726174534,2,"",,,,,,,,,,,,,,,
freeman-mcneil-signed-new-york-green-football-jersey-jsa,,,,,,,,,,,,,,,,,,,,,,,,,,,,,,,,https://cdn.shopify.com/s/files/1/0642/7842/9930/files/mcneil-jets-green-autographed-stitched-football-jersey-front.jpg?v=1726174536,3,"",,,,,,,,,,,,,,,
frank-gore-signed-san-francisco-white-football-jersey-beckett,Frank Gore Signed San Francisco White Football Jersey (Beckett),"<ul>
<li>A professional-style XL stitched football jersey autographed by Frank Gore and authenticated by Beckett</li>
<li>Includes a<em> Witness Protection Program </em>Certificate of Authenticity from Beckett</li>
<li>Orders are generally shipped the same day if placed before 3pm and delivery only takes 3 to 5 days</li>
<li>90-day Satisfaction Guarantee: if you are not completely satisfied with your piece of memorabilia, you have 90 days from when you receive it to return the item in its original condition and receive a full refund</li>
</ul>",RSA,,Autographed Football Jerseys,"49ers, Categorized, FB, HD, In-Stock, inhouse, jersey, Jerseys, MYS_Professional, RSA, RSA-products, V, Warehouse",true,Title,Default Title,,,,,,,,RSA-02085,453.59237,shopify,13,deny,manual,56.00,79.99,true,true,,,,,,https://cdn.shopify.com/s/files/1/0642/7842/9930/files/gore-49ers-white-autographed-stitched-football-jersey-back.jpg?v=1756763593,1,"",false,,,,,,,,lb,,33.00,true,,,active
frank-gore-signed-san-francisco-white-football-jersey-beckett,,,,,,,,,,,,,,,,,,,,,,,,,,,,,,,,https://cdn.shopify.com/s/files/1/0642/7842/9930/files/gore-49ers-white-autographed-stitched-football-jersey-signature.jpg?v=1756763594,2,"",,,,,,,,,,,,,,,
frank-gore-signed-san-francisco-white-football-jersey-beckett,,,,,,,,,,,,,,,,,,,,,,,,,,,,,,,,https://cdn.shopify.com/s/files/1/0642/7842/9930/files/gore-49ers-white-autographed-stitched-football-jersey-front.jpg?v=1756763594,3,"",,,,,,,,,,,,,,,
frank-gore-signed-pro-edition-red-football-jersey-beckett,Frank Gore Signed Pro-Edition Red Football Jersey (Beckett),"<ul>
<li>A college-style XL stitched football jersey autographed by Frank Gore and authenticated by Beckett</li>
<li>Includes a<em> Witness Protection Program </em>Certificate of Authenticity from Beckett</li>
<li>Orders are generally shipped the same day if placed before 3pm and delivery only takes 3 to 5 days</li>
<li>90-day Satisfaction Guarantee: if you are not completely satisfied with your piece of memorabilia, you have 90 days from when you receive it to return the item in its original condition and receive a full refund</li>
</ul>",RSA,,Autographed Football Jerseys,"100+, Categorized, FB, HD, In-Stock, inhouse, jersey, Jerseys, MYS_product, MYS_Professional, MYS_run2-2, RSA, RSA-Mystery, RSA-products, SE, SF, V, Warehouse",true,Title,Default Title,,,,,,,,RSA-02084,453.59237,shopify,40,deny,manual,56.00,79.99,true,true,,,,,,https://cdn.shopify.com/s/files/1/0642/7842/9930/files/gore-49ers-red-autographed-stitched-football-jersey-back_baf25b5b-d542-4c56-8504-d7e88594b81a.jpg?v=1756763594,1,"",false,,,,,,,,lb,,33.00,true,,,active
frank-gore-signed-pro-edition-red-football-jersey-beckett,,,,,,,,,,,,,,,,,,,,,,,,,,,,,,,,https://cdn.shopify.com/s/files/1/0642/7842/9930/files/gore-49ers-red-autographed-stitched-football-jersey-signature_c8003082-2cd9-40bb-a51f-b23b2603b68a.jpg?v=1756763594,2,"",,,,,,,,,,,,,,,
frank-gore-signed-pro-edition-red-football-jersey-beckett,,,,,,,,,,,,,,,,,,,,,,,,,,,,,,,,https://cdn.shopify.com/s/files/1/0642/7842/9930/files/gore-49ers-red-autographed-stitched-football-jersey-front_6fdbeb9c-eb50-4c56-a649-7af37684e154.jpg?v=1756763594,3,"",,,,,,,,,,,,,,,
frank-gore-signed-pro-edition-black-football-jersey-beckett,Frank Gore Signed Pro-Edition Black Football Jersey (BECKETT),"<ul>
<li>A professional-style XL stitched football jersey autographed by Frank Gore and authenticated by BECKETT</li>
<li>Includes a<em> Witness Protection Program </em>Certificate of Authenticity from BECKETT</li>
<li>Orders are generally shipped the same day if placed before 3pm and delivery only takes 3 to 5 days</li>
<li>90-day Satisfaction Guarantee: if you are not completely satisfied with your piece of memorabilia, you have 90 days from when you receive it to return the item in its original condition and receive a full refund</li>
</ul>",RSA,,Autographed Football Jerseys,"100+, Categorized, FB, HD, In-Stock, inhouse, jersey, Jerseys, MYS_Professional, RSA, RSA-Mystery, RSA-products, SE, V, Warehouse",true,Title,Default Title,,,,,,,,RSA-02086,453.59237,shopify,11,deny,manual,56.00,79.99,true,true,,,,,,https://cdn.shopify.com/s/files/1/0642/7842/9930/files/gore-49ers-black-autographed-stitched-football-jersey-back.jpg?v=1756763595,1,"",false,,,,,,,,lb,,33.00,true,,,active
frank-gore-signed-pro-edition-black-football-jersey-beckett,,,,,,,,,,,,,,,,,,,,,,,,,,,,,,,,https://cdn.shopify.com/s/files/1/0642/7842/9930/files/gore-49ers-black-autographed-stitched-football-jersey-signature.jpg?v=1756763595,2,"",,,,,,,,,,,,,,,
frank-gore-signed-pro-edition-black-football-jersey-beckett,,,,,,,,,,,,,,,,,,,,,,,,,,,,,,,,https://cdn.shopify.com/s/files/1/0642/7842/9930/files/gore-49ers-black-autographed-stitched-football-jersey-front.jpg?v=1756763595,3,"",,,,,,,,,,,,,,,
frank-gore-signed-orange-college-edition-jersey-jsa,Frank Gore Signed Orange College-Edition Jersey (BECKETT ),"<ul>
<li>
<p>A collegiate-style XL stitched football jersey autographed by Frank Gore and authenticated by BECKETT </p>
</li>
<li>Includes a<em> Witnessed Protection Program </em>Certificate of Authenticity from BECKETT </li>
<li>Orders are generally shipped the same day if placed before 3pm and delivery only takes 3 to 5 days</li>
<li>90-day Satisfaction Guarantee: if you are not completely satisfied with your piece of memorabilia, you have 90 days from when you receive it to return the item in its original condition and receive a full refund</li>
</ul>",RSA,,Autographed Football Jerseys,"Categorized, College, FB, In-Stock, inhouse, jersey, Jerseys, MYS_College, NFL, RSA, RSA-Mystery, RSA-products, V, Warehouse",true,Title,Default Title,,,,,,,,RSA-01439,907.003303052,shopify,19,deny,manual,56.00,79.99,true,true,,,,,,https://cdn.shopify.com/s/files/1/0642/7842/9930/files/gore-hurricanes-orn-1.png?v=1756763596,1,"",false,,,,,,,,lb,,33.00,true,,,active
frank-gore-signed-orange-college-edition-jersey-jsa,,,,,,,,,,,,,,,,,,,,,,,,,,,,,,,,https://cdn.shopify.com/s/files/1/0642/7842/9930/files/gore-hurricanes-orn-3.png?v=1756763596,2,"",,,,,,,,,,,,,,,
frank-gore-signed-orange-college-edition-jersey-jsa,,,,,,,,,,,,,,,,,,,,,,,,,,,,,,,,https://cdn.shopify.com/s/files/1/0642/7842/9930/files/gore-hurricanes-orn-2.png?v=1756763596,3,"",,,,,,,,,,,,,,,
frank-gore-signed-orange-college-edition-jersey-jsa,,,,,,,,,,,,,,,,,,,,,,,,,,,,,,,,https://cdn.shopify.com/s/files/1/0642/7842/9930/files/z_jsa-coa-sample_ff4eb61f-066a-4468-a444-22883dc4cfba.png?v=1756763596,4,"",,,,,,,,,,,,,,,
frank-gore-signed-indianapolis-blue-football-jersey-jsa,Frank Gore Signed Indianapolis Blue Football Jersey (JSA),"<ul>
<li>A professional style blue custom replica football jersey autographed by Frank Gore and authenticated by JSA</li>
<li>Includes a Certificate of Authenticity from JSA</li>
<li>Orders are generally shipped the same day if placed before 3pm and delivery only takes 3 to 5 days</li>
<li>
<strong>90-day Satisfaction Guarantee:</strong> if you are not completely satisfied with your piece of memorabilia, you have 90 days from when you receive it to return the item in its original condition and receive a full refund</li>
</ul>",RSA,,Autographed Football Jerseys,"09-29-RSA, colts, FB, inhouse, jersey, Jerseys, New Arrival, RSA-products, Sold-Out, Warehouse, X",false,Title,Default Title,,,,,,,,RSA-05909,907.1989147615625,shopify,50,deny,manual,65.00,89.99,true,true,,,,,,https://cdn.shopify.com/s/files/1/0642/7842/9930/files/gore-colts-blue-autographed-stitched-football-jersey-back_d9d5d83b-c353-46cd-9dda-7fc5db250cda.jpg?v=1761433269,1,"",false,,,,,,,,oz,,35.00,true,,,draft
frank-gore-signed-indianapolis-blue-football-jersey-jsa,,,,,,,,,,,,,,,,,,,,,,,,,,,,,,,,https://cdn.shopify.com/s/files/1/0642/7842/9930/files/gore-colts-blue-autographed-stitched-football-jersey-signature_3b2c2412-75ba-4589-9068-2b984d4d8a43.jpg?v=1761433271,2,"",,,,,,,,,,,,,,,
frank-gore-signed-indianapolis-blue-football-jersey-jsa,,,,,,,,,,,,,,,,,,,,,,,,,,,,,,,,https://cdn.shopify.com/s/files/1/0642/7842/9930/files/gore-colts-blue-autographed-stitched-football-jersey-front_825b89c3-426d-4cf9-9394-614d6fca7488.jpg?v=1761433272,3,"",,,,,,,,,,,,,,,
frank-gore-signed-green-college-edition-jersey-beckett,Frank Gore Signed Green College-Edition Jersey (Beckett),"<ul>
<li>
<p>A collegiate-style XL stitched football jersey autographed by Frank Gore and authenticated by Beckett</p>
</li>
<li>Includes a<em> Witnessed Protection Program </em>Certificate of Authenticity from JSA</li>
<li>Orders are generally shipped the same day if placed before 3pm and delivery only takes 3 to 5 days<br>
</li>
<li>90-day Satisfaction Guarantee: if you are not completely satisfied with your piece of memorabilia, you have 90 days from when you receive it to return the item in its original condition and receive a full refund</li>
</ul>",RSA,,Autographed Football Jerseys,"BFCM24, Categorized, FB, In-Stock, inhouse, jersey, Jerseys, MYS_College, NFL, RSA, RSA-products, V, Warehouse",true,Title,Default Title,,,,,,,,RSA-01438,907.003303052,shopify,16,deny,manual,56.00,79.99,true,true,,,,,,https://cdn.shopify.com/s/files/1/0642/7842/9930/files/gore-hurricanes-grn-1.png?v=1756763597,1,"",false,,,,,,,,lb,,33.00,true,,,active
frank-gore-signed-green-college-edition-jersey-beckett,,,,,,,,,,,,,,,,,,,,,,,,,,,,,,,,https://cdn.shopify.com/s/files/1/0642/7842/9930/files/gore-hurricanes-grn-3.png?v=1756763597,2,"",,,,,,,,,,,,,,,
frank-gore-signed-green-college-edition-jersey-beckett,,,,,,,,,,,,,,,,,,,,,,,,,,,,,,,,https://cdn.shopify.com/s/files/1/0642/7842/9930/files/gore-hurricanes-grn-2.png?v=1756763597,3,"",,,,,,,,,,,,,,,
frank-gore-signed-green-college-edition-jersey-beckett,,,,,,,,,,,,,,,,,,,,,,,,,,,,,,,,https://cdn.shopify.com/s/files/1/0642/7842/9930/files/z_jsa-coa-sample_911e5f70-e355-4db5-a76c-af6bca0774fc.png?v=1756763597,4,"",,,,,,,,,,,,,,,
everson-walls-signed-dallas-blue-grey-numbers-football-jersey-jsa,Everson Walls Signed Dallas Blue Grey Numbers Football Jersey (JSA),"<p>This custom stitched football jersey has been personally hand signed by Everson Walls and authenticated by a top 3rd party authentication company. All autographed sports collectibles are limited! Order now to add this timeless piece of football memorabilia to your collection before it’s gone.</p><ul>
<li>Custom jersey autographed by Everson Walls and authenticated by JSA</li>
<li>Includes a <em>Witnessed Protection Program</em> tamper-proof authentication sticker from JSA</li>
<li>
<strong>90-day Satisfaction Guarantee:</strong> if you are not completely satisfied with your piece of memorabilia, return the item in its original condition and receive a full refund</li>
</ul>",RSA,,Autographed Football Jerseys,"BFCM24, cowboys, FB, inhouse, jersey, Jerseys, V",true,Title,Default Title,,,,,,,,RSA-08293,907.1989147615625,shopify,47,deny,manual,41.00,59.99,true,true,,,,,,https://cdn.shopify.com/s/files/1/0642/7842/9930/files/walls-cowboys-blue-autographed-stitched-football-jersey-back_03a9343a-dd9b-46bb-8de5-59d99713ee4e.jpg?v=1726171911,1,"",false,,,,,,,,oz,,23.00,true,,,active
everson-walls-signed-dallas-blue-grey-numbers-football-jersey-jsa,,,,,,,,,,,,,,,,,,,,,,,,,,,,,,,,https://cdn.shopify.com/s/files/1/0642/7842/9930/files/walls-cowboys-blue-autographed-stitched-football-jersey-signature_d0f41c6c-d6aa-487c-b1af-83f3b06a396e.jpg?v=1726171914,2,"",,,,,,,,,,,,,,,
everson-walls-signed-dallas-blue-grey-numbers-football-jersey-jsa,,,,,,,,,,,,,,,,,,,,,,,,,,,,,,,,https://cdn.shopify.com/s/files/1/0642/7842/9930/files/walls-cowboys-blue-autographed-stitched-football-jersey-front_df86495e-8b0c-4978-977f-3f20b0cd0cc1.jpg?v=1726171916,3,"",,,,,,,,,,,,,,,
everson-walls-autographed-pro-style-color-rush-football-jersey-jsa,Everson Walls Autographed Pro Style Color Rush Football Jersey (JSA),<p>Everson Walls Autographed Pro Style White Football Jersey (JSA)</p>,RSA,,Autographed Football Jerseys,"Categorized, FB, inhouse, jersey, Jerseys, MYS_Professional, NFL, RSA-products, Sold-Out, Warehouse, X",true,Title,Default Title,,,,,,,,RSA-00979,907.003303052,shopify,47,deny,manual,41.00,59.99,true,true,,,,,,https://cdn.shopify.com/s/files/1/0642/7842/9930/files/walls-giants-wht-1.png?v=1726171866,1,"",false,,,,,,,,lb,,25.00,true,,,active
everson-walls-autographed-pro-style-color-rush-football-jersey-jsa,,,,,,,,,,,,,,,,,,,,,,,,,,,,,,,,https://cdn.shopify.com/s/files/1/0642/7842/9930/files/walls-giants-wht-2.png?v=1726171868,2,"",,,,,,,,,,,,,,,
everson-walls-autographed-pro-style-color-rush-football-jersey-jsa,,,,,,,,,,,,,,,,,,,,,,,,,,,,,,,,https://cdn.shopify.com/s/files/1/0642/7842/9930/files/walls-giants-wht-3.png?v=1726171870,3,"",,,,,,,,,,,,,,,
everson-walls-autographed-pro-style-color-rush-football-jersey-jsa,,,,,,,,,,,,,,,,,,,,,,,,,,,,,,,,https://cdn.shopify.com/s/files/1/0642/7842/9930/files/jsa-coa-sample_99822f4d-d29d-4be8-814e-09bf2e60652e.png?v=1726171872,4,"",,,,,,,,,,,,,,,
evan-engram-autographed-pro-style-football-jersey-blue-jsa,Evan Engram Autographed Pro Style Football Jersey Blue (JSA),<p>Evan Engram Autographed Football Jersey Blue (JSA)</p>,RSA,,Autographed Football Jerseys,"49BF, Categorized, FB, giants, inhouse, jersey, Jerseys, MYS_Professional, NFL, RSA, RSA-Mystery, RSA-products, Sold-Out, Warehouse, X",true,Title,Default Title,,,,,,,,RSA-00030,451.001223586375,shopify,2,deny,manual,40.00,59.99,true,true,,,,,,https://cdn.shopify.com/s/files/1/0642/7842/9930/files/engram-giants-blu-1.png?v=1726171586,1,"",false,,,,,,,,oz,,30.00,true,,,active
evan-engram-autographed-pro-style-football-jersey-blue-jsa,,,,,,,,,,,,,,,,,,,,,,,,,,,,,,,,https://cdn.shopify.com/s/files/1/0642/7842/9930/files/engram-giants-blu-2.png?v=1726171588,2,"",,,,,,,,,,,,,,,
evan-engram-autographed-pro-style-football-jersey-blue-jsa,,,,,,,,,,,,,,,,,,,,,,,,,,,,,,,,https://cdn.shopify.com/s/files/1/0642/7842/9930/files/engram-giants-blu-3.png?v=1726171590,3,"",,,,,,,,,,,,,,,
evan-engram-autographed-pro-style-football-jersey-blue-jsa,,,,,,,,,,,,,,,,,,,,,,,,,,,,,,,,https://cdn.shopify.com/s/files/1/0642/7842/9930/files/jsa-coa-sample_7a46a8d2-cfef-4a66-84ca-27adca0f8329.png?v=1726171592,4,"",,,,,,,,,,,,,,,
earnest-byner-signed-washington-pro-red-football-jersey-jsa,Earnest Byner Signed Washington Pro Red Football Jersey (JSA),"<ul>
<li>A professional style red custom replica football jersey autographed by Earnest Byner and authenticated by JSA</li>
<li>Includes a Certificate of Authenticity from JSA</li>
<li>Orders are generally shipped the same day if placed before 3pm and delivery only takes 3 to 5 days</li>
<li>
<strong>90-day Satisfaction Guarantee:</strong> if you are not completely satisfied with your piece of memorabilia, you have 90 days from when you receive it to return the item in its original condition and receive a full refund</li>
</ul>",RSA,,Autographed Football Jerseys,"49BF, BFCM24, Categorized, Commanders, FB, In-Stock, inhouse, jersey, Jerseys, MYS_product, MYS_Professional, MYS_run2-2, Photograph, Photograph-Final, Redskins, RSA, rsa-check, RSA-products, V, Warehouse",true,Title,Default Title,,,,,,,,RSA-03900,907.1989147615625,shopify,27,deny,manual,44.00,59.99,true,true,,,,,,https://cdn.shopify.com/s/files/1/0642/7842/9930/files/20220722_114043copy.jpg?v=1726168674,1,"",false,,,,,,,,oz,,,true,,,active
earnest-byner-signed-washington-pro-red-football-jersey-jsa,,,,,,,,,,,,,,,,,,,,,,,,,,,,,,,,https://cdn.shopify.com/s/files/1/0642/7842/9930/files/20220722_113953copy.jpg?v=1726168676,2,"",,,,,,,,,,,,,,,
earnest-byner-signed-washington-pro-red-football-jersey-jsa,,,,,,,,,,,,,,,,,,,,,,,,,,,,,,,,https://cdn.shopify.com/s/files/1/0642/7842/9930/files/bynerredskinsredautographedstitchedfootballjerseysignature.jpg?v=1726168678,3,"",,,,,,,,,,,,,,,
earnest-byner-signed-cleveland-pro-brown-football-jersey-jsa,Earnest Byner Signed Cleveland Pro Brown Football Jersey (JSA),"<ul>
<li>A professional style brown custom replica football jersey autographed by Earnest Byner and authenticated by JSA</li>
<li>Includes a Certificate of Authenticity from JSA</li>
<li>Orders are generally shipped the same day if placed before 3pm and delivery only takes 3 to 5 days</li>
<li>
<strong>90-day Satisfaction Guarantee:</strong> if you are not completely satisfied with your piece of memorabilia, you have 90 days from when you receive it to return the item in its original condition and receive a full refund</li>
</ul>",RSA,,Autographed Football Jerseys,"49BF, BFCM24, browns, Categorized, FB, GoogleClearance, In-Stock, inhouse, jersey, Jerseys, MYS_Professional, Photograph, Photograph-Final, rsa-check, RSA-products, Season, V, Warehouse, year-end",true,Title,Default Title,,,,,,,,RSA-03899,907.1989147615625,shopify,18,deny,manual,40.00,59.99,true,true,,,,,,https://cdn.shopify.com/s/files/1/0642/7842/9930/files/20220722_110639copy.jpg?v=1756763608,1,"",false,,,,,,,,oz,,22.00,true,,,active
earnest-byner-signed-cleveland-pro-brown-football-jersey-jsa,,,,,,,,,,,,,,,,,,,,,,,,,,,,,,,,https://cdn.shopify.com/s/files/1/0642/7842/9930/files/20220722_110601copy.jpg?v=1756763608,2,"",,,,,,,,,,,,,,,
isaiah-foskey-signed-notre-dame-college-white-football-jersey-jsa,Isaiah Foskey Signed Notre Dame College White Football Jersey (JSA),"<ul>
<li>A collegiate style white custom replica football jersey autographed by Isaiah Foskey and authenticated by JSA</li>
<li>Includes a Certificate of Authenticity from JSA</li>
<li>Orders are generally shipped the same day if placed before 3pm and delivery only takes 3 to 5 days</li>
<li>
<strong>90-day Satisfaction Guarantee:</strong> if you are not completely satisfied with your piece of memorabilia, you have 90 days from when you receive it to return the item in its original condition and receive a full refund</li>
</ul>",RSA,,Autographed Football Jerseys,"BFCM24, FB, GoogleClearance, inhouse, jersey, jerseys, MYS_College, MYS_product, MYS_run2-1, New Arrival, RSA, RSA-products, Season, V, Warehouse",true,Title,Default Title,,,,,,,,RSA-05323,907.1989147615625,shopify,9,deny,manual,42.00,59.99,true,true,,,,,,https://cdn.shopify.com/s/files/1/0642/7842/9930/files/foskey-fighting-irish-white-autographed-stitched-football-jersey-back.jpg?v=1756763610,1,"",false,,,,,,,,oz,,29.00,true,,,active
isaiah-foskey-signed-notre-dame-college-white-football-jersey-jsa,,,,,,,,,,,,,,,,,,,,,,,,,,,,,,,,https://cdn.shopify.com/s/files/1/0642/7842/9930/files/foskey-fighting-irish-white-autographed-stitched-football-jersey-signature.jpg?v=1756763610,2,"",,,,,,,,,,,,,,,
isaiah-foskey-signed-notre-dame-college-white-football-jersey-jsa,,,,,,,,,,,,,,,,,,,,,,,,,,,,,,,,https://cdn.shopify.com/s/files/1/0642/7842/9930/files/foskey-fighting-irish-white-autographed-stitched-football-jersey-front.jpg?v=1756763610,3,"",,,,,,,,,,,,,,,
isaiah-foskey-signed-notre-dame-college-green-football-jersey-jsa,Isaiah Foskey Signed Notre Dame College Green Football Jersey (JSA),"<ul>
<li>A collegiate style green custom replica football jersey autographed by Isaiah Foskey and authenticated by JSA</li>
<li>Includes a Certificate of Authenticity from JSA</li>
<li>Orders are generally shipped the same day if placed before 3pm and delivery only takes 3 to 5 days</li>
<li>
<strong>90-day Satisfaction Guarantee:</strong> if you are not completely satisfied with your piece of memorabilia, you have 90 days from when you receive it to return the item in its original condition and receive a full refund</li>
</ul>",RSA,,Autographed Football Jerseys,"04-30-RSA, BFCM24, FB, GoogleClearance, inhouse, jersey, jerseys, MYS_College, MYS_product, MYS_run2-2, New Arrival, RSA, RSA-products, Season, V, Warehouse",true,Title,Default Title,,,,,,,,RSA-05316,907.1989147615625,shopify,8,deny,manual,42.00,59.99,true,true,,,,,,https://cdn.shopify.com/s/files/1/0642/7842/9930/files/IMG_5434.jpg?v=1756763611,1,"",false,,,,,,,,oz,,29.00,true,,,active
isaiah-foskey-signed-notre-dame-college-green-football-jersey-jsa,,,,,,,,,,,,,,,,,,,,,,,,,,,,,,,,https://cdn.shopify.com/s/files/1/0642/7842/9930/files/IMG_5435.jpg?v=1756763611,2,"",,,,,,,,,,,,,,,
isaiah-foskey-signed-notre-dame-college-blue-football-jersey-jsa,Isaiah Foskey Signed Notre Dame College Navy Football Jersey (JSA),"<ul>
<li>A collegiate style blue custom replica football jersey autographed by Isaiah Foskey and authenticated by JSA</li>
<li>Includes a Certificate of Authenticity from JSA</li>
<li>Orders are generally shipped the same day if placed before 3pm and delivery only takes 3 to 5 days</li>
<li>
<strong>90-day Satisfaction Guarantee:</strong> if you are not completely satisfied with your piece of memorabilia, you have 90 days from when you receive it to return the item in its original condition and receive a full refund</li>
</ul>",RSA,,Autographed Football Jerseys,"BFCM24, FB, GoogleClearance, inhouse, jersey, jerseys, MYS_College, MYS_product, MYS_run2-1, New Arrival, RSA, RSA-products, Season, V, Warehouse",true,Title,Default Title,,,,,,,,RSA-05319,907.1989147615625,shopify,7,deny,manual,42.00,59.99,true,true,,,,,,https://cdn.shopify.com/s/files/1/0642/7842/9930/files/foskey-fighting-irish-blue-autographed-stitched-football-jersey-back.jpg?v=1756763611,1,"",false,,,,,,,,oz,,29.00,true,,,active
isaiah-foskey-signed-notre-dame-college-blue-football-jersey-jsa,,,,,,,,,,,,,,,,,,,,,,,,,,,,,,,,https://cdn.shopify.com/s/files/1/0642/7842/9930/files/foskey-fighting-irish-blue-autographed-stitched-football-jersey-front.jpg?v=1756763611,2,"",,,,,,,,,,,,,,,
isaiah-foskey-signed-notre-dame-college-blue-football-jersey-jsa,,,,,,,,,,,,,,,,,,,,,,,,,,,,,,,,https://cdn.shopify.com/s/files/1/0642/7842/9930/files/foskey-fighting-irish-blue-autographed-stitched-football-jersey-signature.jpg?v=1756763611,3,"",,,,,,,,,,,,,,,
ickey-woods-signed-cincinnati-pro-black-football-jersey-jsa,Ickey Woods Signed Cincinnati Pro Black Football Jersey (Beckett),"<ul>
<li>A professional style black custom replica football jersey autographed by Ickey Woods and authenticated by BECKETT </li>
<li>Includes a Certificate of Authenticity from BECKETT</li>
<li>Orders are generally shipped the same day if placed before 3pm and delivery only takes 3 to 5 days</li>
<li>
<strong>90-day Satisfaction Guarantee:</strong> if you are not completely satisfied with your piece of memorabilia, you have 90 days from when you receive it to return the item in its original condition and receive a full refund</li>
</ul>",RSA,,Autographed Football Jerseys,"bengals, BFCM24, Categorized, FB, GoogleClearance, In-Stock, inhouse, jersey, Jerseys, MYS_product, MYS_Professional, MYS_run2-1, RSA, RSA-Mystery, RSA-products, Season, V, Warehouse",true,Title,Default Title,,,,,,,,RSA-03328,907.1989147615625,shopify,23,deny,manual,44.00,59.99,true,true,,,,,,https://cdn.shopify.com/s/files/1/0642/7842/9930/files/woods-bengals-black-autographed-stitched-football-jersey-back.jpg?v=1756763612,1,"",false,,,,,,,,oz,,25.00,true,,,active
ickey-woods-signed-cincinnati-pro-black-football-jersey-jsa,,,,,,,,,,,,,,,,,,,,,,,,,,,,,,,,https://cdn.shopify.com/s/files/1/0642/7842/9930/files/woods-bengals-black-autographed-stitched-football-jersey-signature.jpg?v=1756763612,2,"",,,,,,,,,,,,,,,
ickey-woods-signed-cincinnati-pro-black-football-jersey-jsa,,,,,,,,,,,,,,,,,,,,,,,,,,,,,,,,https://cdn.shopify.com/s/files/1/0642/7842/9930/files/woods-bengals-black-autographed-stitched-football-jersey-front.jpg?v=1756763612,3,"",,,,,,,,,,,,,,,
hines-ward-signed-pro-edition-white-football-jersey-jsa,Hines Ward Signed Pittsburgh White Football Jersey (BECKETT),"<ul>
<li>A professional-style XL stitched football jersey autographed by Hines Ward and authenticated by BECKETT</li>
<li>Includes a<em></em>Certificate of Authenticity from BECKETT </li>
<li>Orders are generally shipped the same day if placed before 3pm and delivery only takes 3 to 5 days</li>
<li>90-day Satisfaction Guarantee: if you are not completely satisfied with your piece of memorabilia, you have 90 days from when you receive it to return the item in its original condition and receive a full refund</li>
</ul>",RSA,,Autographed Football Jerseys,"100+, 3X FBJ, 3xHIT, BFCM24, DRK-Watch, FB, HD, In-Stock, inhouse, jersey, Jerseys, MYS_HOF, MYS_product, MYS_Professional, MYS_run2-1, Premium, Premium-FB, RSA, RSA-Mystery, RSA-products, V, Warehouse",true,Title,Default Title,,,,,,,,RSA-05791,907.18474,shopify,24,deny,manual,75.00,109.99,true,true,,,,,,https://cdn.shopify.com/s/files/1/0642/7842/9930/files/ward-steelers-white-autographed-stitched-football-jersey-back.jpg?v=1756763612,1,"",false,,,,,,,,oz,,50.00,true,,,active
hines-ward-signed-pro-edition-white-football-jersey-jsa,,,,,,,,,,,,,,,,,,,,,,,,,,,,,,,,https://cdn.shopify.com/s/files/1/0642/7842/9930/files/ward-steelers-white-autographed-stitched-football-jersey-signature.jpg?v=1756763612,2,"",,,,,,,,,,,,,,,
hines-ward-signed-pro-edition-white-football-jersey-jsa,,,,,,,,,,,,,,,,,,,,,,,,,,,,,,,,https://cdn.shopify.com/s/files/1/0642/7842/9930/files/ward-steelers-white-autographed-stitched-football-jersey-front.jpg?v=1756763612,3,"",,,,,,,,,,,,,,,
hines-ward-signed-pro-edition-black-football-jersey-beckett,Hines Ward Signed Pro-Edition Black Football Jersey (Beckett),"<ul>
<li>A professional-style XL stitched football jersey autographed by Hines Wardand authenticated by Beckett</li>
<li>Includes a <em></em>Sticker of Authenticity from Beckett</li>
<li>Orders are generally shipped the same day if placed before 3pm and delivery only takes 3 to 5 days</li>
<li>90-day Satisfaction Guarantee: if you are not completely satisfied with your piece of memorabilia, you have 90 days from when you receive it to return the item in its original condition and receive a full refund</li>
</ul>",RSA,,Autographed Football Jerseys,"3X FBJ, 3xHIT, Best-Seller, Categorized, DRK-Watch, FB, HD, In-Stock, inhouse, jersey, Jerseys, MYS_HOF, MYS_product, MYS_Professional, MYS_run2-2, Premium, Premium-FB, RSA, RSA-products, V, Warehouse",true,Title,Default Title,,,,,,,,RSA-01901,907.18474,shopify,21,deny,manual,75.00,109.99,true,true,,,,,,https://cdn.shopify.com/s/files/1/0642/7842/9930/files/ward-steelers-black-autographed-stitched-football-jersey-back.jpg?v=1756763613,1,"",false,,,,,,,,oz,,50.00,true,,,active
hines-ward-signed-pro-edition-black-football-jersey-beckett,,,,,,,,,,,,,,,,,,,,,,,,,,,,,,,,https://cdn.shopify.com/s/files/1/0642/7842/9930/files/ward-steelers-black-autographed-stitched-football-jersey-signature.jpg?v=1756763613,2,"",,,,,,,,,,,,,,,
henry-ellard-signed-st-louis-white-football-jersey-jsa,Henry Ellard Signed St Louis White Football Jersey (JSA),"<ul>
<li>A professional style white custom replica football jersey autographed by Henry Ellard and authenticated by JSA</li>
<li>Includes a Certificate of Authenticity from JSA</li>
<li>Orders are generally shipped the same day if placed before 3pm and delivery only takes 3 to 5 days</li>
<li>
<strong>90-day Satisfaction Guarantee:</strong> if you are not completely satisfied with your piece of memorabilia, you have 90 days from when you receive it to return the item in its original condition and receive a full refund</li>
</ul>",RSA,,Autographed Football Jerseys,"03-14, FB, inhouse, jersey, Jerseys, New Arrival, Rams, Sold-Out, X",true,Title,Default Title,,,,,,,,RSA-06560,907.1989147615625,shopify,59,deny,manual,41.00,59.99,true,true,,,,,,https://cdn.shopify.com/s/files/1/0642/7842/9930/files/ellard-rams-white-autographed-stitched-football-jersey-back.jpg?v=1756763613,1,"",false,,,,,,,,oz,,23.00,true,,,active
henry-ellard-signed-st-louis-white-football-jersey-jsa,,,,,,,,,,,,,,,,,,,,,,,,,,,,,,,,https://cdn.shopify.com/s/files/1/0642/7842/9930/files/ellard-rams-white-autographed-stitched-football-jersey-signature.jpg?v=1756763613,2,"",,,,,,,,,,,,,,,
henry-ellard-signed-st-louis-white-football-jersey-jsa,,,,,,,,,,,,,,,,,,,,,,,,,,,,,,,,https://cdn.shopify.com/s/files/1/0642/7842/9930/files/ellard-rams-white-autographed-stitched-football-jersey-front.jpg?v=1756763613,3,"",,,,,,,,,,,,,,,
henry-ellard-signed-los-angeles-blue-football-jersey-jsa,Henry Ellard Signed Los Angeles Blue Football Jersey (JSA),"<ul>
<li>A professional style blue custom replica football jersey autographed by Henry  Ellard and authenticated by JSA</li>
<li>Includes a Certificate of Authenticity from JSA</li>
<li>Orders are generally shipped the same or next day and delivery only takes 3 to 5 days</li>
<li>
<strong>90-day Satisfaction Guarantee:</strong> if you are not completely satisfied with your piece of memorabilia, you have 90 days from when you receive it to return the item in its original condition and receive a full refund</li>
</ul>",RSA,,Autographed Football Jerseys,"11-01-RSA, FB, inhouse, jersey, Jerseys, New Arrival, Rams, Sold-Out, X",true,Title,Default Title,,,,,,,,RSA-07925,907.1989147615625,shopify,36,deny,manual,41.00,59.99,true,true,,,,,,https://cdn.shopify.com/s/files/1/0642/7842/9930/files/ellard-rams-blue-autographed-stitched-football-jersey-back.jpg?v=1756763614,1,"",false,,,,,,,,oz,,23.00,true,,,active
henry-ellard-signed-los-angeles-blue-football-jersey-jsa,,,,,,,,,,,,,,,,,,,,,,,,,,,,,,,,https://cdn.shopify.com/s/files/1/0642/7842/9930/files/ellard-rams-blue-autographed-stitched-football-jersey-signature.jpg?v=1756763614,2,"",,,,,,,,,,,,,,,
henry-ellard-signed-los-angeles-blue-football-jersey-jsa,,,,,,,,,,,,,,,,,,,,,,,,,,,,,,,,https://cdn.shopify.com/s/files/1/0642/7842/9930/files/ellard-rams-blue-autographed-stitched-football-jersey-front.jpg?v=1756763614,3,"",,,,,,,,,,,,,,,
greg-townsend-signed-black-pro-edition-jersey-jsa,Greg Townsend Signed Oakland Black Football Jersey (JSA),"<ul>
 <li>
 <p>A professional-style XL stitched football jersey autographed by Greg Townsend and authenticated by JSA</p>
 </li>
 <li>Includes a <em>Witnessed Protection Program </em>Certificate of Authenticity from JSA</li>
 <li>Orders are generally shipped the same day if placed before 3pm and delivery only takes 3 to 5 days<br>
 </li>
 <li>90-day Satisfaction Guarantee: if you are not completely satisfied with your piece of memorabilia, you have 90 days from when you receive it to return the item in its original condition and receive a full refund</li>
 </ul>",RSA,Uncategorized,Autographed Football Jerseys,"Categorized, FB, inhouse, jersey, Jerseys, MYS_Professional, NFL, RSA-products, Sold-Out, Warehouse, X",true,Title,Default Title,,,,,,,,RSA-01402,907.003303052,shopify,28,deny,manual,41.00,59.99,true,true,,,,,,https://cdn.shopify.com/s/files/1/0642/7842/9930/files/townsend-raiders-blk-1.png?v=1756763615,1,"",false,,,,,,,,lb,,23.00,true,,,active
greg-townsend-signed-black-pro-edition-jersey-jsa,,,,,,,,,,,,,,,,,,,,,,,,,,,,,,,,https://cdn.shopify.com/s/files/1/0642/7842/9930/files/townsend-raiders-blk-3.png?v=1756763615,2,"",,,,,,,,,,,,,,,
greg-townsend-signed-black-pro-edition-jersey-jsa,,,,,,,,,,,,,,,,,,,,,,,,,,,,,,,,https://cdn.shopify.com/s/files/1/0642/7842/9930/files/townsend-raiders-blk-2.png?v=1756763615,3,"",,,,,,,,,,,,,,,
greg-townsend-signed-black-pro-edition-jersey-jsa,,,,,,,,,,,,,,,,,,,,,,,,,,,,,,,,https://cdn.shopify.com/s/files/1/0642/7842/9930/files/z_jsa-coa-sample_f947c2bc-82d5-41f4-a25a-23744320ade9.png?v=1756763615,4,"",,,,,,,,,,,,,,,
greg-pruitt-signed-cleveland-pro-brown-football-jersey-jsa,Greg Pruitt Signed Cleveland Pro Brown Football Jersey (JSA),"<ul>
<li>A professional style brown custom replica football jersey autographed by Greg Pruitt and authenticated by JSA</li>
<li>Includes a Certificate of Authenticity from JSA</li>
<li>Orders are generally shipped the same day if placed before 3pm and delivery only takes 3 to 5 days</li>
<li>
<strong>90-day Satisfaction Guarantee:</strong> if you are not completely satisfied with your piece of memorabilia, you have 90 days from when you receive it to return the item in its original condition and receive a full refund</li>
</ul>",RSA,,Autographed Football Jerseys,"49BF, BFCM24, browns, Categorized, FB, GoogleClearance, In-Stock, inhouse, jersey, Jerseys, MYS_product, MYS_Professional, MYS_run1-1, MYS_run2-2, RSA, rsa-check, RSA-products, Season, V, Warehouse, year-end",true,Title,Default Title,,,,,,,,RSA-03846,907.1989147615625,shopify,94,deny,manual,40.00,59.99,true,true,,,,,,https://cdn.shopify.com/s/files/1/0642/7842/9930/files/pruitt-browns-brown-autographed-stitched-football-jersey-back.jpg?v=1756763616,1,"",false,,,,,,,,oz,,23.00,true,,,active
greg-pruitt-signed-cleveland-pro-brown-football-jersey-jsa,,,,,,,,,,,,,,,,,,,,,,,,,,,,,,,,https://cdn.shopify.com/s/files/1/0642/7842/9930/files/pruitt-browns-brown-autographed-stitched-football-jersey-signature.jpg?v=1756763616,2,"",,,,,,,,,,,,,,,
greg-pruitt-signed-cleveland-pro-brown-football-jersey-jsa,,,,,,,,,,,,,,,,,,,,,,,,,,,,,,,,https://cdn.shopify.com/s/files/1/0642/7842/9930/files/pruitt-browns-brown-autographed-stitched-football-jersey-front.jpg?v=1756763616,3,"",,,,,,,,,,,,,,,
thurman-thomas-autographed-pro-style-football-blue-jersey-jsa-coa,Thurman Thomas Autographed Pro Style Football Blue Jersey Beckett,<p>Thurman Thomas Autographed Pro Style Football Blue Jersey (Beckett)</p>,RSA,,Autographed Football Jerseys,"3X FBJ, Categorized, FB, In-Stock, inhouse, jersey, Jerseys, MYS_HOF, MYS_Professional, Popular, RSA-products, V, Warehouse",true,Title,Default Title,,,,,,,,RSA-00373,453.59237,shopify,2,deny,manual,60.00,89.99,true,true,,,,,'683000000000,https://cdn.shopify.com/s/files/1/0642/7842/9930/products/thomas-bills-blu-1.png?v=1756763617,1,Thurman Thomas Autographed Pro Style Football Blue Jersey JSA - RSA,false,,,,,,,,lb,,40.00,true,,,active
thurman-thomas-autographed-pro-style-football-blue-jersey-jsa-coa,,,,,,,,,,,,,,,,,,,,,,,,,,,,,,,,https://cdn.shopify.com/s/files/1/0642/7842/9930/products/thomas-bills-blu-2.png?v=1756763617,2,Thurman Thomas Autographed Pro Style Football Blue Jersey JSA - RSA,,,,,,,,,,,,,,,
thurman-thomas-autographed-pro-style-football-blue-jersey-jsa-coa,,,,,,,,,,,,,,,,,,,,,,,,,,,,,,,,https://cdn.shopify.com/s/files/1/0642/7842/9930/products/thomas-bills-blu-3.png?v=1756763617,3,Thurman Thomas Autographed Pro Style Football Blue Jersey JSA - RSA,,,,,,,,,,,,,,,
thurman-thomas-signed-college-edition-orange-football-jersey-jsa,Thurman Thomas Signed College-Edition Orange Football Jersey (JSA ),"<ul>
<li>A professional-style XL stitched football jersey autographed by Thurman Thomasand authenticated by JSA</li>
<li>Includes a<em> Witness Protection Program </em>Certificate of Authenticity from JSA</li>
<li>Orders are generally shipped the same day if placed before 3pm and delivery only takes 3 to 5 days</li>
<li>90-day Satisfaction Guarantee: if you are not completely satisfied with your piece of memorabilia, you have 90 days from when you receive it to return the item in its original condition and receive a full refund</li>
</ul>",RSA,,Autographed Football Jerseys,"BFCM24, Categorized, College, FB, HD, In-Stock, inhouse, jersey, Jerseys, MYS_College, MYS_product, MYS_run2-2, RSA, RSA-products, SE, V, Warehouse",true,Title,Default Title,,,,,,,,RSA-02127,907.18474,shopify,8,deny,manual,60.00,89.99,true,true,,,,,,https://cdn.shopify.com/s/files/1/0642/7842/9930/products/thomas-cowboys-orange-autographed-stitched-football-jersey-back.jpg?v=1756763618,1,Thurman Thomas Signed College-Edition Orange Football Jersey (Beckett ) - RSA,false,,,,,,,,lb,,40.00,true,,,active
thurman-thomas-signed-college-edition-orange-football-jersey-jsa,,,,,,,,,,,,,,,,,,,,,,,,,,,,,,,,https://cdn.shopify.com/s/files/1/0642/7842/9930/products/thomas-cowboys-orange-autographed-stitched-football-jersey-signature.jpg?v=1756763618,2,Thurman Thomas Signed College-Edition Orange Football Jersey (Beckett ) - RSA,,,,,,,,,,,,,,,
thurman-thomas-signed-college-edition-orange-football-jersey-jsa,,,,,,,,,,,,,,,,,,,,,,,,,,,,,,,,https://cdn.shopify.com/s/files/1/0642/7842/9930/products/thomas-cowboys-orange-autographed-stitched-football-jersey-front.jpg?v=1756763618,3,Thurman Thomas Signed College-Edition Orange Football Jersey (Beckett ) - RSA,,,,,,,,,,,,,,,
thurman-thomas-signed-buffalo-white-football-jersey,Thurman Thomas Signed Buffalo White Football Jersey (Beckett),"<ul>
<li>A professional style white custom replica football jersey autographed by Thurman Thomas and authenticated by Beckett</li>
<li>Includes a Certificate of Authenticity from Beckett</li>
<li>Orders are generally shipped the same day if placed before 3pm and delivery only takes 3 to 5 days</li>
<li>
<strong>90-day Satisfaction Guarantee:</strong> if you are not completely satisfied with your piece of memorabilia, you have 90 days from when you receive it to return the item in its original condition and receive a full refund</li>
</ul>",RSA,,Autographed Football Jerseys,"11-25, 3X FBJ, Bills, FB, In-Stock, inhouse, jersey, Jerseys, MYS_HOF, MYS_Professional, New Arrival, RSA, RSA-Mystery, RSA-products, V, Warehouse",true,Title,Default Title,,,,,,,,RSA-04734,907.1989147615625,shopify,14,deny,manual,60.00,89.99,true,true,,,,,,https://cdn.shopify.com/s/files/1/0642/7842/9930/products/thomas-bills-white-autographed-stitched-football-jersey-back.jpg?v=1756763618,1,Thurman Thomas Signed Buffalo White Football Jersey (Beckett) - RSA,false,,,,,,,,oz,,40.00,true,,,active
thurman-thomas-signed-buffalo-white-football-jersey,,,,,,,,,,,,,,,,,,,,,,,,,,,,,,,,https://cdn.shopify.com/s/files/1/0642/7842/9930/products/thomas-bills-white-autographed-stitched-football-jersey-signature.jpg?v=1756763619,2,Thurman Thomas Signed Buffalo White Football Jersey (Beckett) - RSA,,,,,,,,,,,,,,,
thurman-thomas-signed-buffalo-white-football-jersey,,,,,,,,,,,,,,,,,,,,,,,,,,,,,,,,https://cdn.shopify.com/s/files/1/0642/7842/9930/products/thomas-bills-white-autographed-stitched-football-jersey-front.jpg?v=1756763619,3,Thurman Thomas Signed Buffalo White Football Jersey (Beckett) - RSA,,,,,,,,,,,,,,,
adrian-peterson-signed-minnesota-purple-football-jersey,Adrian Peterson Signed Minnesota Purple Vapor Football Jersey (JSA),"<ul>
<li>A professional style purple custom replica football jersey autographed by Adrian Peterson and authenticated by JSA</li>
<li>Includes a Certificate of Authenticity from JSA</li>
<li>Orders are generally shipped the same day if placed before 3pm and delivery only takes 3 to 5 days</li>
<li>
<strong>90-day Satisfaction Guarantee:</strong> if you are not completely satisfied with your piece of memorabilia, you have 90 days from when you receive it to return the item in its original condition and receive a full refund</li>
</ul>",RSA,Uncategorized,Autographed Football Jerseys,"09-11-RSA, BFCM24, FB, inhouse, jersey, Jerseys, New Arrival, Sold-Out, Vikings, X",true,Title,Default Title,,,,,,,,RSA-06768,907.1989147615625,shopify,11,deny,manual,125.00,189.99,true,true,,,,,,https://cdn.shopify.com/s/files/1/0642/7842/9930/products/peterson-vikings-purple-autographed-stitched-football-jersey-back_d98907ec-1369-444a-8c68-54b16c323ac3.jpg?v=1756763619,1,Adrian Peterson Signed Minnesota Purple Football Jersey (Beckett) - RSA,false,,,,,,,,oz,,85.00,true,,,active
adrian-peterson-signed-minnesota-purple-football-jersey,,,,,,,,,,,,,,,,,,,,,,,,,,,,,,,,https://cdn.shopify.com/s/files/1/0642/7842/9930/products/peterson-vikings-purple-autographed-stitched-football-jersey-signature_434f0064-75c9-4e8e-aabc-bad2814667dd.jpg?v=1756763619,2,Adrian Peterson Signed Minnesota Purple Football Jersey (Beckett) - RSA,,,,,,,,,,,,,,,
adrian-peterson-signed-minnesota-purple-football-jersey,,,,,,,,,,,,,,,,,,,,,,,,,,,,,,,,https://cdn.shopify.com/s/files/1/0642/7842/9930/products/peterson-vikings-purple-autographed-stitched-football-jersey-front_7b992c5d-431f-4911-985c-983c6c9bacbd.jpg?v=1756763619,3,Adrian Peterson Signed Minnesota Purple Football Jersey (Beckett) - RSA,,,,,,,,,,,,,,,
aidan-hutchinson-signed-detroit-light-blue-football-jersey,Aidan Hutchinson Signed Detroit Blue Football Jersey (Beckett),"<ul>
<li>A professional style blue custom replica football jersey autographed by Aidan Hutchinson and authenticated by Beckett</li>
<li>Includes a Certificate of Authenticity from Beckett</li>
<li>Orders are generally shipped the same day if placed before 3pm and delivery only takes 3 to 5 days</li>
<li>
<strong>90-day Satisfaction Guarantee:</strong> if you are not completely satisfied with your piece of memorabilia, you have 90 days from when you receive it to return the item in its original condition and receive a full refund</li>
</ul>",RSA,,Autographed Football Jerseys,"04-26-RSA, Best-Seller, BFCM24, current, Current Star, FB, inhouse, jersey, Jerseys, Lions, New Arrival, Sold-Out, X",true,Title,Default Title,,,,,,,,RSA-07229,907.1989147615625,shopify,50,deny,manual,170.00,199.99,true,true,,,,,,https://cdn.shopify.com/s/files/1/0642/7842/9930/products/hutchinson-lions-light-blue-autographed-stitched-football-jersey-back.jpg?v=1697671833,1,Aidan Hutchinson Signed Detroit Blue Football Jersey (Beckett) - RSA,false,,,,,,,,oz,,125.00,true,,,active
aidan-hutchinson-signed-detroit-light-blue-football-jersey,,,,,,,,,,,,,,,,,,,,,,,,,,,,,,,,https://cdn.shopify.com/s/files/1/0642/7842/9930/products/hutchinson-lions-light-blue-autographed-stitched-football-jersey-signature.jpg?v=1697671833,2,Aidan Hutchinson Signed Detroit Blue Football Jersey (Beckett) - RSA,,,,,,,,,,,,,,,
aidan-hutchinson-signed-detroit-light-blue-football-jersey,,,,,,,,,,,,,,,,,,,,,,,,,,,,,,,,https://cdn.shopify.com/s/files/1/0642/7842/9930/products/hutchinson-lions-light-blue-autographed-stitched-football-jersey-front.jpg?v=1697671833,3,Aidan Hutchinson Signed Detroit Blue Football Jersey (Beckett) - RSA,,,,,,,,,,,,,,,
aidan-hutchinson-signed-detroit-black-football-jersey,Aidan Hutchinson Signed Detroit Black Football Jersey (Beckett),"<ul>
<li>A professional style black custom replica football jersey autographed by Aidan Hutchinson and authenticated by Beckett</li>
<li>Includes a Certificate of Authenticity from Beckett</li>
<li>Orders are generally shipped the same or next day and delivery only takes 3 to 5 days</li>
<li>
<strong>90-day Satisfaction Guarantee:</strong> if you are not completely satisfied with your piece of memorabilia, you have 90 days from when you receive it to return the item in its original condition and receive a full refund</li>
</ul>",RSA,Arts & Entertainment > Hobbies & Creative Arts > Collectibles > Sports Collectibles > Autographed Sports Paraphernalia > American Football Autographed Paraphernalia,Autographed Football Jerseys,"11-09-RSA, Best-Seller, BFCM24, Current Star, FB, In-Stock, inhouse, jersey, Jerseys, Lions, New Arrival, under 20, V",true,Title,Default Title,,,,,,,,RSA-07989,907.1989147615625,shopify,48,deny,manual,170.00,199.99,true,true,,,,,,https://cdn.shopify.com/s/files/1/0642/7842/9930/files/hutchinson-lions-black-autographed-stitched-football-jersey-back_c3cb7463-c40f-42f6-9c2d-cf2faca5c6bb.jpg?v=1762214469,1,"",false,,,,,,,,oz,,125.00,true,,,active
aidan-hutchinson-signed-detroit-black-football-jersey,,,,,,,,,,,,,,,,,,,,,,,,,,,,,,,,https://cdn.shopify.com/s/files/1/0642/7842/9930/files/hutchinson-lions-black-autographed-stitched-football-jersey-signature_100f00b1-aaec-4439-a685-b64cddff618b.jpg?v=1762214470,2,"",,,,,,,,,,,,,,,
aidan-hutchinson-signed-detroit-black-football-jersey,,,,,,,,,,,,,,,,,,,,,,,,,,,,,,,,https://cdn.shopify.com/s/files/1/0642/7842/9930/files/hutchinson-lions-black-autographed-stitched-football-jersey-front.jpg?v=1762214472,3,"",,,,,,,,,,,,,,,
